-- MySQL dump 10.13  Distrib 5.7.17, for Win64 (x86_64)
--
-- Host: 127.0.0.1    Database: final_bnhs
-- ------------------------------------------------------
-- Server version	5.5.5-10.1.31-MariaDB

/*!40101 SET @OLD_CHARACTER_SET_CLIENT=@@CHARACTER_SET_CLIENT */;
/*!40101 SET @OLD_CHARACTER_SET_RESULTS=@@CHARACTER_SET_RESULTS */;
/*!40101 SET @OLD_COLLATION_CONNECTION=@@COLLATION_CONNECTION */;
/*!40101 SET NAMES utf8 */;
/*!40103 SET @OLD_TIME_ZONE=@@TIME_ZONE */;
/*!40103 SET TIME_ZONE='+00:00' */;
/*!40014 SET @OLD_UNIQUE_CHECKS=@@UNIQUE_CHECKS, UNIQUE_CHECKS=0 */;
/*!40014 SET @OLD_FOREIGN_KEY_CHECKS=@@FOREIGN_KEY_CHECKS, FOREIGN_KEY_CHECKS=0 */;
/*!40101 SET @OLD_SQL_MODE=@@SQL_MODE, SQL_MODE='NO_AUTO_VALUE_ON_ZERO' */;
/*!40111 SET @OLD_SQL_NOTES=@@SQL_NOTES, SQL_NOTES=0 */;

--
-- Table structure for table `accounts`
--

DROP TABLE IF EXISTS `accounts`;
/*!40101 SET @saved_cs_client     = @@character_set_client */;
/*!40101 SET character_set_client = utf8 */;
CREATE TABLE `accounts` (
  `acc_id` int(13) NOT NULL AUTO_INCREMENT,
  `username` varchar(45) NOT NULL,
  `password` varchar(100) NOT NULL,
  `acc_status` enum('Active','Deactivated') NOT NULL,
  `acc_type` enum('Admin','Faculty','Student','Parent','Treasurer','Superadmin') NOT NULL,
  `acc_details` enum('New','Old') NOT NULL DEFAULT 'New',
  `timestamp_acc` timestamp NOT NULL DEFAULT CURRENT_TIMESTAMP ON UPDATE CURRENT_TIMESTAMP,
  `prof_pic` varchar(100) DEFAULT NULL,
  PRIMARY KEY (`acc_id`),
  UNIQUE KEY `username_UNIQUE` (`username`)
) ENGINE=InnoDB AUTO_INCREMENT=159 DEFAULT CHARSET=utf8;
/*!40101 SET character_set_client = @saved_cs_client */;

--
-- Dumping data for table `accounts`
--

LOCK TABLES `accounts` WRITE;
/*!40000 ALTER TABLE `accounts` DISABLE KEYS */;
INSERT INTO `accounts` VALUES (1,'philipsalvador01','$2y$10$Yaw.cFgExXi25ixOEQVBRutLAL0POpj.OcYhq9EjuQmDzY6VbYYHi','Active','Admin','Old','2019-06-01 23:21:31',NULL),(2,'gloriarosario02','$2y$10$OJsocyOeEr8YtDSPMtlT2eJ.Eq.qvrtABuTJwH2EG9fmr9qbrm17W','Active','Faculty','Old','0000-00-00 00:00:00',NULL),(3,'johnmarkdelacruz03','$2y$10$Tf4.GAUqLNxYnl.GVt.ZReB2tX0jG6DxzzuHPe9EzJ/JvgoHUfLZS','Active','Student','Old','2019-06-05 03:53:27',NULL),(4,'josephinedelacruz04','$2y$10$rUaTZ0P09D4Q5UnAtTjQmOEfEInjOP2fD3y7TU29la32tG1/LIGKm','Active','Parent','Old','2019-06-05 03:57:00',NULL),(5,'marlynfernandez05','$2y$10$OJsocyOeEr8YtDSPMtlT2eJ.Eq.qvrtABuTJwH2EG9fmr9qbrm17W','Active','Treasurer','New','0000-00-00 00:00:00',NULL),(9,'luzvimindamanzano09','$2y$10$OJsocyOeEr8YtDSPMtlT2eJ.Eq.qvrtABuTJwH2EG9fmr9qbrm17W','Active','Parent','New','0000-00-00 00:00:00',NULL),(10,'magdalenabasangan10','$2y$10$OJsocyOeEr8YtDSPMtlT2eJ.Eq.qvrtABuTJwH2EG9fmr9qbrm17W','Active','Parent','New','0000-00-00 00:00:00',NULL),(11,'rominamondragon11','$2y$10$OJsocyOeEr8YtDSPMtlT2eJ.Eq.qvrtABuTJwH2EG9fmr9qbrm17W','Active','Parent','New','0000-00-00 00:00:00',NULL),(12,'teresitamorante12','$2y$10$OJsocyOeEr8YtDSPMtlT2eJ.Eq.qvrtABuTJwH2EG9fmr9qbrm17W','Active','Faculty','Old','0000-00-00 00:00:00',NULL),(13,'gladysnarciso13','$2y$10$ZClR3DwEC0aXh8g/t1lwFOl9WR/2jPKbh6OXndaZWfzh1/DSIFUIe','Active','Faculty','Old','2019-06-11 03:26:59',NULL),(14,'alexanderpatacsil14','$2y$10$bKIthWsx514i0xh39G1gPuGwaoVC2O6V9DOYE7BXYtZ4qusYpQOLG','Active','Faculty','Old','2019-06-11 03:33:02',NULL),(126,'teodorogibo291','$2y$10$pVvMuWc/hzg6q2O3.nNG/.BSrX5jn2o2gy3n3mqazmQ35pvikDlRW','Active','Faculty','Old','2019-06-11 03:34:34',NULL),(127,'jhndelacruz91','$2y$10$jETPGH260K3pBopzqRtmsubfk/LwwYaEXDt1J/tpnpALBN40qy9Wy','Active','Faculty','Old','2019-06-11 03:35:37',NULL),(128,'losamaria98','$2y$10$gZMg8pRRDgQgDo7zA62AqOpc3V7kPucgGCAMEx5cBn69PQkiY.xMm','Active','Faculty','Old','2019-06-11 03:36:23',NULL),(129,'teresabautista123','$2y$10$.c7mCAKD0fhVv2aZy/.oQe57dOZRwrignKOCXjSFWfWWO/tiTbCl.','Active','Faculty','Old','2019-06-11 03:36:55',NULL),(130,'jricklopez736','$2y$10$7tOUFGHM3mCS2G9szNRfx.Zffdaw/sMMxq/XBjYjPjHZnypUQVM2W','Active','Faculty','Old','2019-06-08 08:34:05',NULL),(131,'smithmatt35','$2y$10$I1fNY8G.H4CCv1xZ2s1VSOmJxLcm9A/knUcUlRjBwC7PvyR5BJseS','Active','Faculty','Old','2019-06-11 03:37:54',NULL),(134,'Meneses134','$2y$10$OJsocyOeEr8YtDSPMtlT2eJ.Eq.qvrtABuTJwH2EG9fmr9qbrm17W','Active','Parent','New','0000-00-00 00:00:00',NULL),(136,'Ulep136','$2y$10$OJsocyOeEr8YtDSPMtlT2eJ.Eq.qvrtABuTJwH2EG9fmr9qbrm17W','Active','Parent','New','0000-00-00 00:00:00',NULL),(138,'Berdin138','$2y$10$OJsocyOeEr8YtDSPMtlT2eJ.Eq.qvrtABuTJwH2EG9fmr9qbrm17W','Active','Parent','New','0000-00-00 00:00:00',NULL),(141,'Uy141','$2y$10$OJsocyOeEr8YtDSPMtlT2eJ.Eq.qvrtABuTJwH2EG9fmr9qbrm17W','Active','Parent','New','0000-00-00 00:00:00',NULL),(144,'herbertdelacruz144','$2y$10$H4Ii/MyecHG.2kSAgPdnv.hS0uKo83/tAElrnhnk4jX8FaauyoDAa','Active','Student','Old','2019-06-14 10:41:46',NULL),(145,'rambasingan10','$2y$10$OJsocyOeEr8YtDSPMtlT2eJ.Eq.qvrtABuTJwH2EG9fmr9qbrm17W','Active','Superadmin','New','0000-00-00 00:00:00',NULL),(146,'AS146','$2y$10$OJsocyOeEr8YtDSPMtlT2eJ.Eq.qvrtABuTJwH2EG9fmr9qbrm17W','Active','Parent','New','2019-06-03 05:47:14',NULL),(147,'AAASD147','$2y$10$xUBInWsEvvTR0dKAIvl5AOt4GW7Z7j5mvwx3Mz7rQ1PiMNM2ANi42','Active','Student','Old','2019-06-14 10:44:42',NULL),(148,'LRBranch148','$2y$10$gXocykLNS6/MoUofqHy/V.BLW03GURgiKFh8paOiM6emVWlcXnkp6','Active','Faculty','Old','2019-06-11 03:40:34',NULL),(149,'HGRapisura149','$2y$10$W9IB96/LXvq3FcfQC.cso./d1XtrD71gZc3674ssKyod3a3N2mT0e','Active','Student','Old','2019-06-07 16:21:29',NULL),(150,'EMFernandez150','$2y$10$d5ghWyBcqPLeAeicmV9SXe32TL7l.HHQqvfPIugDQRQjt27AqzGkO','Active','Student','Old','2019-06-14 10:46:49',NULL),(151,'jponce1090','$2y$10$ENVYWM64umTCb/v/aGfvqu8AMLuBdAhCDQHWvEQmzg1p1vKIpeVSO','Active','Faculty','Old','2019-06-11 03:41:02',NULL),(152,'juliosin1029','$2y$10$ulVZTSs31XqB.goGeWxQf.j2tn68w.C2O0HH0kq1LT.xQVBsebTuK','Active','Faculty','Old','2019-06-11 03:42:12',NULL),(153,'SGFernandez153','$2y$10$b8FBM0Sy6.aE3q71as87z.GcE.31ceuBBIQ39I3dtXT.raI.UrqQS','Active','Student','Old','2019-06-14 10:47:36',NULL),(154,'154','$2y$10$1yoN8msG0htTeYTFEAcd9eANTcu6jelBm7Qtuan7XNcWyH2TcTmWe','Active','Admin','New','2019-06-01 22:44:29',NULL),(155,'155','$2y$10$gjDNuPfSm5ovezt1eN13d.ehiQ5RDjmw/zsc/MI629t.P1mx/K18u','Active','Admin','New','2019-06-01 22:44:56',NULL),(157,'sssamp157','$2y$10$DKfIDEgUp3m3oRzkADy8ruHZVSi6.YDnEHC1.JECIyrL7GeT937MO','Active','Admin','New','2019-06-01 23:18:45',NULL),(158,'mmme158','$2y$10$rDxYfiqw44mRY54RVdUyFewp9hsmSC1XEOqf1SEcOfEjGVciSVKE2','Active','Faculty','Old','2019-06-11 03:43:50',NULL);
/*!40000 ALTER TABLE `accounts` ENABLE KEYS */;
UNLOCK TABLES;

--
-- Table structure for table `admann`
--

DROP TABLE IF EXISTS `admann`;
/*!40101 SET @saved_cs_client     = @@character_set_client */;
/*!40101 SET character_set_client = utf8 */;
CREATE TABLE `admann` (
  `adminn_id` int(11) NOT NULL,
  `annn_id` int(13) NOT NULL,
  PRIMARY KEY (`adminn_id`,`annn_id`),
  KEY `annn_id_idx` (`annn_id`),
  CONSTRAINT `adminn_id` FOREIGN KEY (`adminn_id`) REFERENCES `admin` (`admin_id`) ON DELETE CASCADE ON UPDATE CASCADE,
  CONSTRAINT `annn_id` FOREIGN KEY (`annn_id`) REFERENCES `announcements` (`ann_id`) ON DELETE CASCADE ON UPDATE CASCADE
) ENGINE=InnoDB DEFAULT CHARSET=utf8 COLLATE=utf8_bin;
/*!40101 SET character_set_client = @saved_cs_client */;

--
-- Dumping data for table `admann`
--

LOCK TABLES `admann` WRITE;
/*!40000 ALTER TABLE `admann` DISABLE KEYS */;
INSERT INTO `admann` VALUES (1,131),(1,134);
/*!40000 ALTER TABLE `admann` ENABLE KEYS */;
UNLOCK TABLES;

--
-- Table structure for table `admin`
--

DROP TABLE IF EXISTS `admin`;
/*!40101 SET @saved_cs_client     = @@character_set_client */;
/*!40101 SET character_set_client = utf8 */;
CREATE TABLE `admin` (
  `admin_id` int(11) NOT NULL AUTO_INCREMENT,
  `adm_fname` varchar(45) NOT NULL,
  `adm_lname` varchar(45) NOT NULL,
  `adm_midname` varchar(45) NOT NULL,
  `admin_empno` varchar(15) NOT NULL,
  `year_started` timestamp NOT NULL DEFAULT CURRENT_TIMESTAMP ON UPDATE CURRENT_TIMESTAMP,
  `year_ended` timestamp NULL DEFAULT CURRENT_TIMESTAMP ON UPDATE CURRENT_TIMESTAMP,
  `acc_admid` int(13) NOT NULL,
  PRIMARY KEY (`admin_id`),
  KEY `acc_admid` (`acc_admid`),
  CONSTRAINT `acc_admid` FOREIGN KEY (`acc_admid`) REFERENCES `accounts` (`acc_id`) ON DELETE CASCADE ON UPDATE CASCADE
) ENGINE=InnoDB AUTO_INCREMENT=3 DEFAULT CHARSET=utf8;
/*!40101 SET character_set_client = @saved_cs_client */;

--
-- Dumping data for table `admin`
--

LOCK TABLES `admin` WRITE;
/*!40000 ALTER TABLE `admin` DISABLE KEYS */;
INSERT INTO `admin` VALUES (1,'Philip','Salvador','Vasquez','ABD24892','2019-06-01 23:18:39','2019-06-01 17:18:40',1),(2,'Adoniram','Basingan','H','AS382901','2019-05-25 08:54:04','0000-00-00 00:00:00',145);
/*!40000 ALTER TABLE `admin` ENABLE KEYS */;
UNLOCK TABLES;

--
-- Table structure for table `announcements`
--

DROP TABLE IF EXISTS `announcements`;
/*!40101 SET @saved_cs_client     = @@character_set_client */;
/*!40101 SET character_set_client = utf8 */;
CREATE TABLE `announcements` (
  `ann_id` int(13) NOT NULL AUTO_INCREMENT,
  `title` varchar(45) COLLATE utf8_bin DEFAULT NULL,
  `date_start` datetime NOT NULL DEFAULT '0000-00-00 00:00:00',
  `date_end` datetime NOT NULL DEFAULT '0000-00-00 00:00:00',
  `post` varchar(5000) COLLATE utf8_bin DEFAULT NULL,
  `view_lim` set('0','1','2','3','4') COLLATE utf8_bin NOT NULL,
  `attachment` varchar(100) COLLATE utf8_bin DEFAULT NULL,
  `holiday` enum('Yes','No') COLLATE utf8_bin NOT NULL DEFAULT 'No',
  `timestamp_ann` timestamp NOT NULL DEFAULT CURRENT_TIMESTAMP ON UPDATE CURRENT_TIMESTAMP,
  `post_adminid` int(13) DEFAULT NULL,
  `post_facid` int(13) DEFAULT NULL,
  `gr_sec` varchar(45) COLLATE utf8_bin DEFAULT NULL,
  PRIMARY KEY (`ann_id`),
  KEY `post_adminid` (`post_adminid`),
  KEY `post_facid` (`post_facid`),
  CONSTRAINT `post_adminid` FOREIGN KEY (`post_adminid`) REFERENCES `admin` (`admin_id`) ON DELETE CASCADE ON UPDATE CASCADE,
  CONSTRAINT `post_facid` FOREIGN KEY (`post_facid`) REFERENCES `faculty` (`fac_id`) ON DELETE CASCADE ON UPDATE CASCADE
) ENGINE=InnoDB AUTO_INCREMENT=135 DEFAULT CHARSET=utf8 COLLATE=utf8_bin;
/*!40101 SET character_set_client = @saved_cs_client */;

--
-- Dumping data for table `announcements`
--

LOCK TABLES `announcements` WRITE;
/*!40000 ALTER TABLE `announcements` DISABLE KEYS */;
INSERT INTO `announcements` VALUES (62,NULL,'0000-00-00 00:00:00','0000-00-00 00:00:00','Meeting Schedule','3','attachment_62.png','No','2019-04-28 13:41:34',NULL,2,NULL),(63,NULL,'0000-00-00 00:00:00','0000-00-00 00:00:00','Assignment','3','attachment_63.png','No','2019-04-28 14:39:45',NULL,2,'2'),(64,NULL,'0000-00-00 00:00:00','0000-00-00 00:00:00','Announcement(PDF)','3','attachment_64.pdf','No','2019-04-28 16:06:56',NULL,2,'2'),(65,NULL,'0000-00-00 00:00:00','0000-00-00 00:00:00','Quiz tomorrow!','3','CHECKLIST2019.pdf','No','2019-06-04 06:26:14',NULL,2,NULL),(95,'New Year','2019-01-01 00:00:00','2019-01-01 23:59:59',NULL,'0',NULL,'Yes','2019-05-24 05:33:41',1,NULL,NULL),(96,'Chinese Lunar New Year','2019-02-05 00:00:00','2019-02-05 23:59:59',NULL,'0',NULL,'Yes','2019-05-24 05:33:41',1,NULL,NULL),(97,'People Power Anniversary','2019-02-25 00:00:00','2019-02-25 23:59:59',NULL,'0',NULL,'Yes','2019-05-24 05:33:41',1,NULL,NULL),(98,'The Day of Valor','2019-04-09 00:00:00','2019-04-09 23:59:59',NULL,'0',NULL,'Yes','2019-05-24 05:33:41',1,NULL,NULL),(99,'Maundy Thursday','2019-04-18 00:00:00','2019-04-18 23:59:59',NULL,'0',NULL,'Yes','2019-05-24 05:33:41',1,NULL,NULL),(100,'Good Friday','2019-04-19 00:00:00','2019-04-19 23:59:59',NULL,'0',NULL,'Yes','2019-05-24 05:33:41',1,NULL,NULL),(101,'Black Saturday','2019-04-20 00:00:00','2019-04-20 23:59:59',NULL,'0',NULL,'Yes','2019-05-24 05:33:41',1,NULL,NULL),(102,'Easter Sunday','2019-04-21 00:00:00','2019-04-21 23:59:59',NULL,'0',NULL,'Yes','2019-05-24 05:33:41',1,NULL,NULL),(103,'Labor Day','2019-05-03 00:00:00','2019-05-03 23:59:59',NULL,'0',NULL,'Yes','2019-05-24 05:35:03',1,NULL,NULL),(104,'Eidl-Fitr','2019-06-06 00:00:00','2019-06-06 00:00:00',NULL,'0',NULL,'Yes','2019-06-04 06:09:20',1,NULL,NULL),(105,'Independence Day','2019-06-12 00:00:00','2019-06-12 23:59:59',NULL,'0',NULL,'Yes','2019-05-24 05:33:41',1,NULL,NULL),(106,'Eid al-Adha (Feast of the Sacrifice)','2019-08-12 00:00:00','2019-08-12 23:59:59',NULL,'0',NULL,'Yes','2019-05-24 05:33:41',1,NULL,NULL),(107,'Eid al-Adha Day 2','2019-08-13 00:00:00','2019-08-13 23:59:59',NULL,'0',NULL,'Yes','2019-05-24 05:33:41',1,NULL,NULL),(108,'Ninoy Aquino Day','2019-08-21 00:00:00','2019-08-21 23:59:59',NULL,'0',NULL,'Yes','2019-05-24 05:33:41',1,NULL,NULL),(109,'National Heroes Day','2019-08-26 00:00:00','2019-08-26 23:59:59',NULL,'0',NULL,'Yes','2019-05-24 05:33:41',1,NULL,NULL),(110,'All Saints Day','2019-11-01 00:00:00','2019-11-01 23:59:59',NULL,'0',NULL,'Yes','2019-05-24 05:33:41',1,NULL,NULL),(111,'All Souls Day','2019-11-02 00:00:00','2019-11-02 23:59:59',NULL,'0',NULL,'Yes','2019-05-24 05:33:41',1,NULL,NULL),(112,'Bonifacio Day','2019-11-30 00:00:00','2019-11-30 23:59:59',NULL,'0',NULL,'Yes','2019-05-24 05:33:41',1,NULL,NULL),(113,'Feast of the Immaculate Conception','2019-12-08 00:00:00','2019-12-08 23:59:59',NULL,'0',NULL,'Yes','2019-05-24 05:33:41',1,NULL,NULL),(114,'Christmas Eve','2019-12-24 00:00:00','2019-12-24 23:59:59',NULL,'0',NULL,'Yes','2019-05-24 05:33:41',1,NULL,NULL),(115,'Christmas Day','2019-12-25 00:00:00','2019-12-25 23:59:59',NULL,'0',NULL,'Yes','2019-05-24 05:33:41',1,NULL,NULL),(116,'Rizal Day','2019-12-30 00:00:00','2019-12-30 23:59:59',NULL,'0',NULL,'Yes','2019-05-24 05:33:41',1,NULL,NULL),(117,'New Years Eve','2019-12-31 00:00:00','2019-12-31 23:59:59',NULL,'0',NULL,'Yes','2019-05-24 05:33:41',1,NULL,NULL),(130,'PTA Meeting','2019-05-26 00:00:00','2019-05-26 00:00:00','PTA Meeting','2',NULL,'No','2019-06-01 16:08:42',1,NULL,NULL),(131,'PTA General Assembly','2019-06-05 00:00:00','2019-06-05 00:00:00',NULL,'2,3,4',NULL,'No','2019-06-04 06:13:12',1,NULL,NULL),(134,NULL,'2019-06-05 00:00:00','2019-06-05 00:00:00','PTA General Assembly at Room 100.\r\nPlease bring the needed requirements stated in the attachment.','0','attachment_134.pdf','No','2019-06-04 06:08:22',1,NULL,NULL);
/*!40000 ALTER TABLE `announcements` ENABLE KEYS */;
UNLOCK TABLES;

--
-- Table structure for table `attendance`
--

DROP TABLE IF EXISTS `attendance`;
/*!40101 SET @saved_cs_client     = @@character_set_client */;
/*!40101 SET character_set_client = utf8 */;
CREATE TABLE `attendance` (
  `att_id` int(13) NOT NULL AUTO_INCREMENT,
  `att_date` date NOT NULL,
  `type` enum('Late','Absent') COLLATE utf8_bin NOT NULL,
  `att_remarks` enum('Excused','Unexcused') COLLATE utf8_bin NOT NULL DEFAULT 'Unexcused',
  `remarks` varchar(100) COLLATE utf8_bin DEFAULT NULL,
  `att_attachment` varchar(100) COLLATE utf8_bin DEFAULT NULL,
  `timestamp_att` timestamp NOT NULL DEFAULT CURRENT_TIMESTAMP ON UPDATE CURRENT_TIMESTAMP,
  `stud_ida` int(12) NOT NULL,
  `fac_idb` int(13) NOT NULL,
  `subjatt_id` int(12) NOT NULL,
  `sec_ide` int(12) NOT NULL,
  `apply_reason` enum('Student','Parent') COLLATE utf8_bin DEFAULT NULL,
  PRIMARY KEY (`att_id`),
  KEY `subjatt_id` (`subjatt_id`),
  KEY `stud_ida` (`stud_ida`),
  KEY `fac_idb_idx` (`fac_idb`),
  KEY `sec_ide_idx` (`sec_ide`),
  CONSTRAINT `fac_idb` FOREIGN KEY (`fac_idb`) REFERENCES `facsec` (`fac_idy`) ON DELETE CASCADE ON UPDATE CASCADE,
  CONSTRAINT `sec_ide` FOREIGN KEY (`sec_ide`) REFERENCES `facsec` (`sec_idy`) ON DELETE CASCADE ON UPDATE CASCADE,
  CONSTRAINT `stud_ida` FOREIGN KEY (`stud_ida`) REFERENCES `student` (`stud_id`) ON DELETE CASCADE ON UPDATE CASCADE,
  CONSTRAINT `subjatt_id` FOREIGN KEY (`subjatt_id`) REFERENCES `subject` (`subj_id`) ON DELETE CASCADE ON UPDATE CASCADE
) ENGINE=InnoDB AUTO_INCREMENT=5 DEFAULT CHARSET=utf8 COLLATE=utf8_bin;
/*!40101 SET character_set_client = @saved_cs_client */;

--
-- Dumping data for table `attendance`
--

LOCK TABLES `attendance` WRITE;
/*!40000 ALTER TABLE `attendance` DISABLE KEYS */;
/*!40000 ALTER TABLE `attendance` ENABLE KEYS */;
UNLOCK TABLES;

--
-- Table structure for table `balance`
--

DROP TABLE IF EXISTS `balance`;
/*!40101 SET @saved_cs_client     = @@character_set_client */;
/*!40101 SET character_set_client = utf8 */;
CREATE TABLE `balance` (
  `bal_id` int(13) NOT NULL AUTO_INCREMENT,
  `misc_fee` double NOT NULL,
  `bal_amt` double NOT NULL,
  `bal_status` enum('Cleared','Not Cleared') COLLATE utf8_bin NOT NULL,
  `stud_idb` int(12) NOT NULL,
  PRIMARY KEY (`bal_id`),
  KEY `stud_idb` (`stud_idb`),
  CONSTRAINT `stud_idb` FOREIGN KEY (`stud_idb`) REFERENCES `student` (`stud_id`) ON DELETE CASCADE ON UPDATE CASCADE
) ENGINE=InnoDB AUTO_INCREMENT=18 DEFAULT CHARSET=utf8 COLLATE=utf8_bin;
/*!40101 SET character_set_client = @saved_cs_client */;

--
-- Dumping data for table `balance`
--

LOCK TABLES `balance` WRITE;
/*!40000 ALTER TABLE `balance` DISABLE KEYS */;
INSERT INTO `balance` VALUES (1,1350,1350,'Not Cleared',1),(2,1350,500,'Not Cleared',12),(3,1350,1300,'Not Cleared',13),(4,1350,1350,'Not Cleared',14),(5,1350,1350,'Not Cleared',15),(17,1350,1350,'Not Cleared',16);
/*!40000 ALTER TABLE `balance` ENABLE KEYS */;
UNLOCK TABLES;

--
-- Table structure for table `balance_archive`
--

DROP TABLE IF EXISTS `balance_archive`;
/*!40101 SET @saved_cs_client     = @@character_set_client */;
/*!40101 SET character_set_client = utf8 */;
CREATE TABLE `balance_archive` (
  `balarch_id` int(13) NOT NULL AUTO_INCREMENT,
  `misc_fee` double NOT NULL,
  `bal_amt` double NOT NULL,
  `bal_date` datetime NOT NULL,
  `year_level` enum('7','8','9','10') CHARACTER SET utf8 COLLATE utf8_bin NOT NULL,
  `section` varchar(45) NOT NULL,
  `bal_status` enum('Cleared','Not Cleared') CHARACTER SET utf8 COLLATE utf8_bin NOT NULL,
  `bal_or` varchar(45) NOT NULL,
  `prev_sy` year(4) NOT NULL,
  `fund_bal` varchar(200) DEFAULT NULL,
  `stud_archive` int(12) NOT NULL,
  PRIMARY KEY (`balarch_id`),
  KEY `stud_idb` (`stud_archive`),
  CONSTRAINT `stud_archive` FOREIGN KEY (`stud_archive`) REFERENCES `student` (`stud_id`) ON DELETE CASCADE ON UPDATE CASCADE
) ENGINE=InnoDB AUTO_INCREMENT=20 DEFAULT CHARSET=latin1;
/*!40101 SET character_set_client = @saved_cs_client */;

--
-- Dumping data for table `balance_archive`
--

LOCK TABLES `balance_archive` WRITE;
/*!40000 ALTER TABLE `balance_archive` DISABLE KEYS */;
INSERT INTO `balance_archive` VALUES (14,1350,1350,'0000-00-00 00:00:00','8','Wisdom','Not Cleared','No receipt yet',2019,'PTA Fund,Utility,Internet for Students,School Paper,Organizations Fee,TLE Fee,SSG Fee,Science Fee;300,300,250,150,150,75,75,50',1),(15,1350,500,'2019-06-05 00:00:00','8','Altruism','Not Cleared','MXVN3289',2019,'School Paper,Organizations Fee,TLE Fee,SSG Fee,Science Fee;150,150,75,75,50',12),(16,1350,1300,'2019-06-05 00:00:00','8','Wisdom','Not Cleared','KDFSDK4839',2019,'PTA Fund,Utility,Internet for Students,School Paper,Organizations Fee,TLE Fee,SSG Fee,Science Fee;250,300,250,150,150,75,75,50',13),(17,1350,1350,'0000-00-00 00:00:00','7','Excellence','Not Cleared','No receipt yet',2019,'PTA Fund,Utility,Internet for Students,School Paper,Organizations Fee,TLE Fee,SSG Fee,Science Fee;300,300,250,150,150,75,75,50',14),(18,1350,1350,'0000-00-00 00:00:00','9','Dignity','Not Cleared','No receipt yet',2019,'PTA Fund,Utility,Internet for Students,School Paper,Organizations Fee,TLE Fee,SSG Fee,Science Fee;300,300,250,150,150,75,75,50',15),(19,1350,1350,'0000-00-00 00:00:00','8','Altruism','Not Cleared','No receipt yet',2019,'PTA Fund,Utility,Internet for Students,School Paper,Organizations Fee,TLE Fee,SSG Fee,Science Fee;300,300,250,150,150,75,75,50',16);
/*!40000 ALTER TABLE `balance_archive` ENABLE KEYS */;
UNLOCK TABLES;

--
-- Table structure for table `balpay`
--

DROP TABLE IF EXISTS `balpay`;
/*!40101 SET @saved_cs_client     = @@character_set_client */;
/*!40101 SET character_set_client = utf8 */;
CREATE TABLE `balpay` (
  `bal_ida` int(13) NOT NULL,
  `pay_ida` int(13) NOT NULL,
  PRIMARY KEY (`bal_ida`,`pay_ida`),
  KEY `pay_ida_idx` (`pay_ida`),
  CONSTRAINT `bal_ida` FOREIGN KEY (`bal_ida`) REFERENCES `balance` (`bal_id`) ON UPDATE CASCADE,
  CONSTRAINT `pay_ida` FOREIGN KEY (`pay_ida`) REFERENCES `payment` (`pay_id`)
) ENGINE=InnoDB DEFAULT CHARSET=utf8 COLLATE=utf8_bin;
/*!40101 SET character_set_client = @saved_cs_client */;

--
-- Dumping data for table `balpay`
--

LOCK TABLES `balpay` WRITE;
/*!40000 ALTER TABLE `balpay` DISABLE KEYS */;
INSERT INTO `balpay` VALUES (2,1),(2,2),(2,3),(2,4),(2,5),(2,6),(3,7);
/*!40000 ALTER TABLE `balpay` ENABLE KEYS */;
UNLOCK TABLES;

--
-- Table structure for table `behavior`
--

DROP TABLE IF EXISTS `behavior`;
/*!40101 SET @saved_cs_client     = @@character_set_client */;
/*!40101 SET character_set_client = utf8 */;
CREATE TABLE `behavior` (
  `bhv_id` int(12) NOT NULL AUTO_INCREMENT,
  `bhv_grading` enum('1st','2nd','3rd','4th') NOT NULL,
  `bhv_remarks` enum('AO','SO','RO','NO') NOT NULL,
  `timestamp_behavior` timestamp NOT NULL DEFAULT CURRENT_TIMESTAMP ON UPDATE CURRENT_TIMESTAMP,
  `core_values` int(12) NOT NULL,
  `stud_idy` int(12) NOT NULL,
  `fac_idx` int(12) NOT NULL,
  `sec_idx` int(12) NOT NULL,
  PRIMARY KEY (`bhv_id`),
  KEY `stud_idy` (`stud_idy`),
  KEY `sec_idx` (`sec_idx`),
  KEY `fac_idx` (`fac_idx`),
  KEY `core_values_idx` (`core_values`),
  CONSTRAINT `core_values` FOREIGN KEY (`core_values`) REFERENCES `core_values` (`cv_id`) ON DELETE CASCADE ON UPDATE CASCADE,
  CONSTRAINT `fac_idx` FOREIGN KEY (`fac_idx`) REFERENCES `facsec` (`fac_idy`) ON DELETE CASCADE ON UPDATE CASCADE,
  CONSTRAINT `sec_idx` FOREIGN KEY (`sec_idx`) REFERENCES `facsec` (`sec_idy`) ON DELETE CASCADE ON UPDATE CASCADE,
  CONSTRAINT `stud_idy` FOREIGN KEY (`stud_idy`) REFERENCES `student` (`stud_id`) ON DELETE CASCADE ON UPDATE CASCADE
) ENGINE=InnoDB DEFAULT CHARSET=latin1;
/*!40101 SET character_set_client = @saved_cs_client */;

--
-- Dumping data for table `behavior`
--

LOCK TABLES `behavior` WRITE;
/*!40000 ALTER TABLE `behavior` DISABLE KEYS */;
/*!40000 ALTER TABLE `behavior` ENABLE KEYS */;
UNLOCK TABLES;

--
-- Table structure for table `budget_info`
--

DROP TABLE IF EXISTS `budget_info`;
/*!40101 SET @saved_cs_client     = @@character_set_client */;
/*!40101 SET character_set_client = utf8 */;
CREATE TABLE `budget_info` (
  `budget_id` int(13) NOT NULL AUTO_INCREMENT,
  `budget_name` varchar(45) COLLATE utf8_bin NOT NULL,
  `total_amount` double NOT NULL DEFAULT '0',
  `acc_amount` double NOT NULL DEFAULT '0',
  `budget_sy` year(4) NOT NULL,
  `timestamp_binfo` timestamp NOT NULL DEFAULT CURRENT_TIMESTAMP ON UPDATE CURRENT_TIMESTAMP,
  PRIMARY KEY (`budget_id`),
  UNIQUE KEY `budget_name_UNIQUE` (`budget_name`)
) ENGINE=InnoDB AUTO_INCREMENT=30 DEFAULT CHARSET=utf8 COLLATE=utf8_bin;
/*!40101 SET character_set_client = @saved_cs_client */;

--
-- Dumping data for table `budget_info`
--

LOCK TABLES `budget_info` WRITE;
/*!40000 ALTER TABLE `budget_info` DISABLE KEYS */;
INSERT INTO `budget_info` VALUES (19,'PTA Fund',300,350,2019,'2019-06-05 06:09:02'),(20,'Utility',300,300,2019,'2019-06-05 05:38:16'),(21,'Internet for Students',250,250,2019,'2019-06-05 05:38:16'),(22,'School Paper',150,0,2019,'2019-06-04 09:26:13'),(23,'Organizations Fee',150,0,2019,'2019-06-04 09:26:13'),(24,'TLE Fee',75,0,2019,'2019-06-04 09:26:13'),(25,'SSG Fee',75,0,2019,'2019-06-04 09:26:13'),(29,'Science Fee',50,0,2019,'2019-06-04 09:26:13');
/*!40000 ALTER TABLE `budget_info` ENABLE KEYS */;
UNLOCK TABLES;

--
-- Table structure for table `budget_info_temp`
--

DROP TABLE IF EXISTS `budget_info_temp`;
/*!40101 SET @saved_cs_client     = @@character_set_client */;
/*!40101 SET character_set_client = utf8 */;
CREATE TABLE `budget_info_temp` (
  `bd_id` int(13) NOT NULL AUTO_INCREMENT,
  `bd_name` varchar(45) NOT NULL,
  `name_temp` varchar(45) DEFAULT NULL,
  `tot_amt` double NOT NULL,
  `acc_amt` double NOT NULL,
  `bd_sy` year(4) NOT NULL,
  `timestamp_bd` timestamp NOT NULL DEFAULT CURRENT_TIMESTAMP ON UPDATE CURRENT_TIMESTAMP,
  `bd_request` int(11) NOT NULL,
  PRIMARY KEY (`bd_id`),
  UNIQUE KEY `bd_name_UNIQUE` (`bd_name`),
  KEY `bd_request_idx` (`bd_request`),
  CONSTRAINT `bd_request` FOREIGN KEY (`bd_request`) REFERENCES `request` (`request_id`) ON DELETE CASCADE ON UPDATE CASCADE
) ENGINE=InnoDB AUTO_INCREMENT=12 DEFAULT CHARSET=latin1;
/*!40101 SET character_set_client = @saved_cs_client */;

--
-- Dumping data for table `budget_info_temp`
--

LOCK TABLES `budget_info_temp` WRITE;
/*!40000 ALTER TABLE `budget_info_temp` DISABLE KEYS */;
INSERT INTO `budget_info_temp` VALUES (1,'PTA Fund','PTA Fund',300,0,2019,'2019-06-02 07:38:03',1),(2,'Utility','Utility',300,0,2019,'2019-06-02 07:38:03',2),(3,'Internet for Students','Internet for Students',250,0,2019,'2019-06-02 07:38:03',3),(4,'School Paper','School Paper',150,0,2019,'2019-06-02 07:38:03',4),(5,'Organizations Fee','Organizations Fee',150,0,2019,'2019-06-02 07:38:03',5),(6,'TLE Fee','TLE Fee',75,0,2019,'2019-06-02 07:38:03',6),(7,'SSG Fee','SSG Fee',75,0,2019,'2019-06-02 07:38:03',7),(11,'Science Fees','Science Fees',50,0,2019,'2019-06-02 07:38:03',18);
/*!40000 ALTER TABLE `budget_info_temp` ENABLE KEYS */;
UNLOCK TABLES;

--
-- Table structure for table `core_values`
--

DROP TABLE IF EXISTS `core_values`;
/*!40101 SET @saved_cs_client     = @@character_set_client */;
/*!40101 SET character_set_client = utf8 */;
CREATE TABLE `core_values` (
  `cv_id` int(12) NOT NULL AUTO_INCREMENT,
  `cv_name` enum('Makatao','Makadiyos','Makakalikasan','Makabansa') NOT NULL,
  `timestamp_cv` timestamp NOT NULL DEFAULT CURRENT_TIMESTAMP ON UPDATE CURRENT_TIMESTAMP,
  PRIMARY KEY (`cv_id`),
  UNIQUE KEY `cv_name_UNIQUE` (`cv_name`)
) ENGINE=InnoDB AUTO_INCREMENT=5 DEFAULT CHARSET=latin1;
/*!40101 SET character_set_client = @saved_cs_client */;

--
-- Dumping data for table `core_values`
--

LOCK TABLES `core_values` WRITE;
/*!40000 ALTER TABLE `core_values` DISABLE KEYS */;
INSERT INTO `core_values` VALUES (1,'Makatao','2019-04-24 05:43:55'),(2,'Makadiyos','2019-04-24 05:43:55'),(3,'Makakalikasan','2019-04-24 05:43:55'),(4,'Makabansa','2019-04-24 05:43:55');
/*!40000 ALTER TABLE `core_values` ENABLE KEYS */;
UNLOCK TABLES;

--
-- Table structure for table `curriculum`
--

DROP TABLE IF EXISTS `curriculum`;
/*!40101 SET @saved_cs_client     = @@character_set_client */;
/*!40101 SET character_set_client = utf8 */;
CREATE TABLE `curriculum` (
  `curr_id` int(12) NOT NULL AUTO_INCREMENT,
  `curr_desc` varchar(45) NOT NULL,
  `timestamp_curr` timestamp NOT NULL DEFAULT CURRENT_TIMESTAMP ON UPDATE CURRENT_TIMESTAMP,
  PRIMARY KEY (`curr_id`),
  UNIQUE KEY `curr_desc_UNIQUE` (`curr_desc`)
) ENGINE=InnoDB AUTO_INCREMENT=3 DEFAULT CHARSET=latin1;
/*!40101 SET character_set_client = @saved_cs_client */;

--
-- Dumping data for table `curriculum`
--

LOCK TABLES `curriculum` WRITE;
/*!40000 ALTER TABLE `curriculum` DISABLE KEYS */;
INSERT INTO `curriculum` VALUES (1,'Revised Basic Education Curriculum','2019-06-01 21:28:58'),(2,'K-12 Curriculum	','2019-06-01 21:28:59');
/*!40000 ALTER TABLE `curriculum` ENABLE KEYS */;
UNLOCK TABLES;

--
-- Table structure for table `curriculum_temp`
--

DROP TABLE IF EXISTS `curriculum_temp`;
/*!40101 SET @saved_cs_client     = @@character_set_client */;
/*!40101 SET character_set_client = utf8 */;
CREATE TABLE `curriculum_temp` (
  `cc_id` int(12) NOT NULL AUTO_INCREMENT,
  `c_desc` varchar(45) NOT NULL,
  `tt_curr` timestamp NOT NULL DEFAULT CURRENT_TIMESTAMP ON UPDATE CURRENT_TIMESTAMP,
  `curr_request` int(11) NOT NULL,
  PRIMARY KEY (`cc_id`),
  UNIQUE KEY `c_desc_UNIQUE` (`c_desc`),
  KEY `curr_request_idx` (`curr_request`),
  CONSTRAINT `curr_request` FOREIGN KEY (`curr_request`) REFERENCES `request` (`request_id`) ON DELETE CASCADE ON UPDATE CASCADE
) ENGINE=InnoDB AUTO_INCREMENT=3 DEFAULT CHARSET=latin1;
/*!40101 SET character_set_client = @saved_cs_client */;

--
-- Dumping data for table `curriculum_temp`
--

LOCK TABLES `curriculum_temp` WRITE;
/*!40000 ALTER TABLE `curriculum_temp` DISABLE KEYS */;
INSERT INTO `curriculum_temp` VALUES (1,'Revised Basic Education Curriculum','2019-06-03 03:48:54',71),(2,'K-12 Curriculum','2019-06-03 03:48:54',72);
/*!40000 ALTER TABLE `curriculum_temp` ENABLE KEYS */;
UNLOCK TABLES;

--
-- Table structure for table `facann`
--

DROP TABLE IF EXISTS `facann`;
/*!40101 SET @saved_cs_client     = @@character_set_client */;
/*!40101 SET character_set_client = utf8 */;
CREATE TABLE `facann` (
  `fac_idb` int(13) NOT NULL,
  `ann_ida` int(13) NOT NULL,
  PRIMARY KEY (`fac_idb`,`ann_ida`),
  KEY `ann_ida_idx` (`ann_ida`),
  CONSTRAINT `ann_ida` FOREIGN KEY (`ann_ida`) REFERENCES `announcements` (`ann_id`) ON DELETE CASCADE ON UPDATE CASCADE,
  CONSTRAINT `fa_idb` FOREIGN KEY (`fac_idb`) REFERENCES `faculty` (`fac_id`) ON DELETE CASCADE ON UPDATE CASCADE
) ENGINE=InnoDB DEFAULT CHARSET=latin1;
/*!40101 SET character_set_client = @saved_cs_client */;

--
-- Dumping data for table `facann`
--

LOCK TABLES `facann` WRITE;
/*!40000 ALTER TABLE `facann` DISABLE KEYS */;
INSERT INTO `facann` VALUES (2,62),(2,63),(2,64),(2,65);
/*!40000 ALTER TABLE `facann` ENABLE KEYS */;
UNLOCK TABLES;

--
-- Table structure for table `facsec`
--

DROP TABLE IF EXISTS `facsec`;
/*!40101 SET @saved_cs_client     = @@character_set_client */;
/*!40101 SET character_set_client = utf8 */;
CREATE TABLE `facsec` (
  `fac_idy` int(12) NOT NULL,
  `sec_idy` int(12) NOT NULL,
  PRIMARY KEY (`fac_idy`,`sec_idy`),
  KEY `facc_idy` (`fac_idy`),
  KEY `sec_idy_idx` (`sec_idy`),
  CONSTRAINT `fac_idy` FOREIGN KEY (`fac_idy`) REFERENCES `schedsubj` (`fw_id`) ON DELETE CASCADE ON UPDATE CASCADE,
  CONSTRAINT `sec_idy` FOREIGN KEY (`sec_idy`) REFERENCES `schedsubj` (`sw_id`) ON DELETE CASCADE ON UPDATE CASCADE
) ENGINE=InnoDB DEFAULT CHARSET=utf8 COLLATE=utf8_bin;
/*!40101 SET character_set_client = @saved_cs_client */;

--
-- Dumping data for table `facsec`
--

LOCK TABLES `facsec` WRITE;
/*!40000 ALTER TABLE `facsec` DISABLE KEYS */;
INSERT INTO `facsec` VALUES (1,1),(1,2),(1,4),(1,5),(2,1),(2,2),(2,3),(2,4),(2,5),(2,6),(3,1),(3,4),(3,5),(4,1),(4,2),(4,3),(4,4),(4,5),(4,6),(5,2),(5,3),(5,4),(5,5),(6,1),(6,3),(6,4),(7,4),(7,5),(8,1),(8,6),(9,3),(10,2),(10,3),(10,6),(12,6),(13,1),(13,2),(13,3),(13,6),(14,2),(14,5),(14,6);
/*!40000 ALTER TABLE `facsec` ENABLE KEYS */;
UNLOCK TABLES;

--
-- Table structure for table `faculty`
--

DROP TABLE IF EXISTS `faculty`;
/*!40101 SET @saved_cs_client     = @@character_set_client */;
/*!40101 SET character_set_client = utf8 */;
CREATE TABLE `faculty` (
  `fac_id` int(13) NOT NULL AUTO_INCREMENT,
  `fac_no` varchar(15) COLLATE utf8_bin NOT NULL,
  `fac_fname` varchar(45) COLLATE utf8_bin NOT NULL,
  `fac_lname` varchar(45) COLLATE utf8_bin NOT NULL,
  `fac_midname` varchar(45) COLLATE utf8_bin NOT NULL,
  `fac_dept` varchar(45) COLLATE utf8_bin NOT NULL,
  `fac_adviser` enum('Yes','No') COLLATE utf8_bin NOT NULL DEFAULT 'No',
  `timestamp_fac` timestamp NOT NULL DEFAULT CURRENT_TIMESTAMP ON UPDATE CURRENT_TIMESTAMP,
  `sec_privilege` enum('Yes','No') COLLATE utf8_bin NOT NULL DEFAULT 'No',
  `enroll_privilege` enum('Yes','No') COLLATE utf8_bin NOT NULL DEFAULT 'No',
  `acc_idz` int(13) NOT NULL,
  PRIMARY KEY (`fac_id`),
  UNIQUE KEY `fac_no_UNIQUE` (`fac_no`),
  KEY `acc_idz` (`acc_idz`),
  CONSTRAINT `acc_idz` FOREIGN KEY (`acc_idz`) REFERENCES `accounts` (`acc_id`) ON DELETE CASCADE ON UPDATE CASCADE
) ENGINE=InnoDB AUTO_INCREMENT=16 DEFAULT CHARSET=utf8 COLLATE=utf8_bin;
/*!40101 SET character_set_client = @saved_cs_client */;

--
-- Dumping data for table `faculty`
--

LOCK TABLES `faculty` WRITE;
/*!40000 ALTER TABLE `faculty` DISABLE KEYS */;
INSERT INTO `faculty` VALUES (1,'1','Gloria','Rosario','Valencia','Math','Yes','2019-06-07 12:57:02','No','Yes',2),(2,'2','Teresita','Morante','Galvez','Science','Yes','2019-06-07 12:57:02','Yes','Yes',12),(3,'3','Gladys','Narciso','Culati','MAPEH','Yes','2019-06-07 12:57:02','No','Yes',13),(4,'4','Alexander','Patacsil','Adamo','English','Yes','2019-06-07 12:57:02','No','Yes',14),(5,'5','Teodoro','Gibo','Jura','Filipino','Yes','2019-06-07 12:57:02','No','Yes',126),(6,'6','John','Dela Cruz','Augusto','TLE','No','2019-06-07 12:57:02','No','Yes',127),(7,'7','Maria','Losita','Oplay','AP','No','2019-06-07 12:57:02','No','Yes',128),(8,'8','Teresa','Bautista','Harden','Filipino','Yes','2019-06-07 12:57:02','No','Yes',129),(9,'9','Janrick','Lopez','Napal','Math','No','2019-06-07 12:57:02','No','Yes',130),(10,'10','Matthew','Trevor','Smith','MAPEH','No','2019-06-07 12:57:02','No','Yes',131),(12,'11','Lawrence ','Branch','Res','Math','Yes','2019-06-07 12:57:02','No','Yes',148),(13,'13','Jacqueline','Ponce','Ursula','AP','No','2019-06-07 12:57:02','No','Yes',151),(14,'14','Julio','Nadagsin','Pula','TLE','No','2019-06-07 12:57:02','No','Yes',152),(15,'213','Lorna','Tolentino','Raagas','Math','Yes','2019-06-10 04:54:57','No','Yes',158);
/*!40000 ALTER TABLE `faculty` ENABLE KEYS */;
UNLOCK TABLES;

--
-- Table structure for table `grades`
--

DROP TABLE IF EXISTS `grades`;
/*!40101 SET @saved_cs_client     = @@character_set_client */;
/*!40101 SET character_set_client = utf8 */;
CREATE TABLE `grades` (
  `grade_id` int(12) NOT NULL AUTO_INCREMENT,
  `grade` varchar(5) COLLATE utf8_bin DEFAULT NULL,
  `grading` enum('1st','2nd','3rd','4th') COLLATE utf8_bin NOT NULL,
  `remarks` varchar(100) COLLATE utf8_bin DEFAULT NULL,
  `timestamp_grades` timestamp NOT NULL DEFAULT CURRENT_TIMESTAMP ON UPDATE CURRENT_TIMESTAMP,
  `studd_id` int(12) NOT NULL,
  `facd_id` int(12) NOT NULL,
  `secd_id` int(12) NOT NULL,
  `subj_ide` int(12) NOT NULL,
  PRIMARY KEY (`grade_id`),
  KEY `facd_id` (`facd_id`),
  KEY `subj_ide` (`subj_ide`),
  KEY `studd_id` (`studd_id`),
  KEY `secd_id_idx` (`secd_id`),
  CONSTRAINT `facd_id` FOREIGN KEY (`facd_id`) REFERENCES `facsec` (`fac_idy`) ON DELETE CASCADE ON UPDATE CASCADE,
  CONSTRAINT `secd_id` FOREIGN KEY (`secd_id`) REFERENCES `facsec` (`sec_idy`) ON DELETE CASCADE ON UPDATE CASCADE,
  CONSTRAINT `studd_id` FOREIGN KEY (`studd_id`) REFERENCES `student` (`stud_id`) ON DELETE CASCADE ON UPDATE CASCADE,
  CONSTRAINT `subj_ide` FOREIGN KEY (`subj_ide`) REFERENCES `subject` (`subj_id`) ON DELETE CASCADE ON UPDATE CASCADE
) ENGINE=InnoDB AUTO_INCREMENT=902 DEFAULT CHARSET=utf8 COLLATE=utf8_bin;
/*!40101 SET character_set_client = @saved_cs_client */;

--
-- Dumping data for table `grades`
--

LOCK TABLES `grades` WRITE;
/*!40000 ALTER TABLE `grades` DISABLE KEYS */;
INSERT INTO `grades` VALUES (662,'90','1st',NULL,'2019-06-14 10:50:44',14,1,5,35),(663,'91','2nd',NULL,'2019-06-14 10:50:44',14,1,5,35),(664,'90','3rd',NULL,'2019-06-14 10:50:44',14,1,5,35),(665,'91','4th','Passed','2019-06-14 10:50:44',14,1,5,35),(666,'90','1st',NULL,'2019-06-14 11:01:07',12,1,1,34),(667,'81','1st',NULL,'2019-06-14 11:01:07',16,1,1,34),(668,'91','2nd',NULL,'2019-06-14 11:01:07',12,1,1,34),(669,'88','2nd',NULL,'2019-06-14 11:01:07',16,1,1,34),(670,'90','3rd',NULL,'2019-06-14 11:01:08',12,1,1,34),(671,'81','3rd',NULL,'2019-06-14 11:01:08',16,1,1,34),(672,'88','4th','Passed','2019-06-14 11:01:08',12,1,1,34),(673,'89','4th','Passed','2019-06-14 11:01:08',16,1,1,34),(674,'90','1st',NULL,'2019-06-14 11:01:49',1,1,2,34),(675,'88','1st',NULL,'2019-06-14 11:01:50',13,1,2,34),(676,'87','2nd',NULL,'2019-06-14 11:01:50',1,1,2,34),(677,'87','2nd',NULL,'2019-06-14 11:01:50',13,1,2,34),(678,'89','3rd',NULL,'2019-06-14 11:01:50',1,1,2,34),(679,'89','3rd',NULL,'2019-06-14 11:01:50',13,1,2,34),(680,'91','4th','Passed','2019-06-14 11:01:51',1,1,2,34),(681,'88','4th','Passed','2019-06-14 11:01:51',13,1,2,34),(682,'81','1st',NULL,'2019-06-14 11:03:17',1,2,2,42),(683,'88','1st',NULL,'2019-06-14 11:03:18',13,2,2,42),(684,'89','2nd',NULL,'2019-06-14 11:03:18',1,2,2,42),(685,'87','2nd',NULL,'2019-06-14 11:03:18',13,2,2,42),(686,'86','3rd',NULL,'2019-06-14 11:03:18',1,2,2,42),(687,'81','3rd',NULL,'2019-06-14 11:03:18',13,2,2,42),(688,'90','4th','Passed','2019-06-14 11:03:18',1,2,2,42),(689,'80','4th','Passed','2019-06-14 11:03:18',13,2,2,42),(690,'89','1st',NULL,'2019-06-14 11:03:36',12,2,1,42),(691,'89','1st',NULL,'2019-06-14 11:03:37',16,2,1,42),(692,'90','2nd',NULL,'2019-06-14 11:03:37',12,2,1,42),(693,'88','2nd',NULL,'2019-06-14 11:03:37',16,2,1,42),(694,'91','3rd',NULL,'2019-06-14 11:03:37',12,2,1,42),(695,'76','3rd',NULL,'2019-06-14 11:03:37',16,2,1,42),(696,'82','4th','Passed','2019-06-14 11:03:37',12,2,1,42),(697,'80','4th','Passed','2019-06-14 11:03:38',16,2,1,42),(698,'88','1st',NULL,'2019-06-14 11:03:58',14,2,5,43),(699,'89','2nd',NULL,'2019-06-14 11:03:59',14,2,5,43),(700,'90','3rd',NULL,'2019-06-14 11:03:59',14,2,5,43),(701,'91','4th','Passed','2019-06-14 11:03:59',14,2,5,43),(702,'68','1st',NULL,'2019-06-14 11:05:12',15,2,6,43),(703,'77','2nd',NULL,'2019-06-14 11:05:12',15,2,6,43),(704,'72','3rd',NULL,'2019-06-14 11:05:12',15,2,6,43),(705,'72','4th','Failed','2019-06-14 11:05:12',15,2,6,43),(706,'90','1st',NULL,'2019-06-14 11:05:58',12,3,1,57),(707,'88','1st',NULL,'2019-06-14 11:05:58',16,3,1,57),(708,'91','2nd',NULL,'2019-06-14 11:05:58',12,3,1,57),(709,'87','2nd',NULL,'2019-06-14 11:05:59',16,3,1,57),(710,'81','3rd',NULL,'2019-06-14 11:05:59',12,3,1,57),(711,'89','3rd',NULL,'2019-06-14 11:05:59',16,3,1,57),(712,'90','4th','Passed','2019-06-14 11:05:59',12,3,1,57),(713,'89','4th','Passed','2019-06-14 11:05:59',16,3,1,57),(714,'90','1st',NULL,'2019-06-14 11:06:14',12,3,1,54),(715,'90','1st',NULL,'2019-06-14 11:06:14',16,3,1,54),(716,'81','2nd',NULL,'2019-06-14 11:06:14',12,3,1,54),(717,'92','2nd',NULL,'2019-06-14 11:06:15',16,3,1,54),(718,'90','3rd',NULL,'2019-06-14 11:06:15',12,3,1,54),(719,'85','3rd',NULL,'2019-06-14 11:06:15',16,3,1,54),(720,'81','4th','Passed','2019-06-14 11:06:15',12,3,1,54),(721,'90','4th','Passed','2019-06-14 11:06:15',16,3,1,54),(722,'89','1st',NULL,'2019-06-14 11:06:29',12,3,1,55),(723,'98','1st',NULL,'2019-06-14 11:06:29',16,3,1,55),(724,'90','2nd',NULL,'2019-06-14 11:06:29',12,3,1,55),(725,'91','2nd',NULL,'2019-06-14 11:06:29',16,3,1,55),(726,'91','3rd',NULL,'2019-06-14 11:06:29',12,3,1,55),(727,'90','3rd',NULL,'2019-06-14 11:06:29',16,3,1,55),(728,'98','4th','Passed','2019-06-14 11:06:29',12,3,1,55),(729,'92','4th','Passed','2019-06-14 11:06:30',16,3,1,55),(730,'90','1st',NULL,'2019-06-14 11:06:50',12,3,1,56),(731,'87','1st',NULL,'2019-06-14 11:06:50',16,3,1,56),(732,'81','2nd',NULL,'2019-06-14 11:06:50',12,3,1,56),(733,'84','2nd',NULL,'2019-06-14 11:06:50',16,3,1,56),(734,'89','3rd',NULL,'2019-06-14 11:06:50',12,3,1,56),(735,'87','3rd',NULL,'2019-06-14 11:06:50',16,3,1,56),(736,'88','4th','Passed','2019-06-14 11:06:51',12,3,1,56),(737,'90','4th','Passed','2019-06-14 11:06:51',16,3,1,56),(738,'90','1st',NULL,'2019-06-14 11:07:03',14,3,5,60),(739,'81','2nd',NULL,'2019-06-14 11:07:03',14,3,5,60),(740,'90','3rd',NULL,'2019-06-14 11:07:03',14,3,5,60),(741,'88','4th','Passed','2019-06-14 11:07:03',14,3,5,60),(742,'90','1st',NULL,'2019-06-14 11:07:22',14,3,5,61),(743,'81','2nd',NULL,'2019-06-14 11:07:22',14,3,5,61),(744,'89','3rd',NULL,'2019-06-14 11:07:22',14,3,5,61),(745,'88','4th','Passed','2019-06-14 11:07:22',14,3,5,61),(746,'90','1st',NULL,'2019-06-14 11:07:32',14,3,5,58),(747,'81','2nd',NULL,'2019-06-14 11:07:32',14,3,5,58),(748,'88','3rd',NULL,'2019-06-14 11:07:32',14,3,5,58),(749,'87','4th','Passed','2019-06-14 11:07:32',14,3,5,58),(750,'88','1st',NULL,'2019-06-14 11:08:15',14,3,5,59),(751,'81','2nd',NULL,'2019-06-14 11:08:15',14,3,5,59),(752,'80','3rd',NULL,'2019-06-14 11:08:15',14,3,5,59),(753,'87','4th','Passed','2019-06-14 11:08:15',14,3,5,59),(754,'90','1st',NULL,'2019-06-14 11:09:06',1,4,2,46),(755,'87','1st',NULL,'2019-06-14 11:09:06',13,4,2,46),(756,'91','2nd',NULL,'2019-06-14 11:09:06',1,4,2,46),(757,'84','2nd',NULL,'2019-06-14 11:09:06',13,4,2,46),(758,'97','3rd',NULL,'2019-06-14 11:09:06',1,4,2,46),(759,'85','3rd',NULL,'2019-06-14 11:09:06',13,4,2,46),(760,'94','4th','Passed','2019-06-14 11:09:07',1,4,2,46),(761,'86','4th','Passed','2019-06-14 11:09:07',13,4,2,46),(762,'89','1st',NULL,'2019-06-14 11:09:24',12,4,1,46),(763,'81','1st',NULL,'2019-06-14 11:09:24',16,4,1,46),(764,'90','2nd',NULL,'2019-06-14 11:09:24',12,4,1,46),(765,'84','2nd',NULL,'2019-06-14 11:09:24',16,4,1,46),(766,'91','3rd',NULL,'2019-06-14 11:09:24',12,4,1,46),(767,'87','3rd',NULL,'2019-06-14 11:09:24',16,4,1,46),(768,'92','4th','Passed','2019-06-14 11:09:25',12,4,1,46),(769,'90','4th','Passed','2019-06-14 11:09:25',16,4,1,46),(770,'87','1st',NULL,'2019-06-14 11:09:35',14,4,5,47),(771,'86','2nd',NULL,'2019-06-14 11:09:35',14,4,5,47),(772,'90','3rd',NULL,'2019-06-14 11:09:35',14,4,5,47),(773,'91','4th','Passed','2019-06-14 11:09:35',14,4,5,47),(774,'87','1st',NULL,'2019-06-14 11:09:46',15,4,6,47),(775,'83','2nd',NULL,'2019-06-14 11:09:46',15,4,6,47),(776,'89','3rd',NULL,'2019-06-14 11:09:46',15,4,6,47),(777,'90','4th','Passed','2019-06-14 11:09:46',15,4,6,47),(778,'87','1st',NULL,'2019-06-14 11:13:52',1,5,2,38),(779,'87','1st',NULL,'2019-06-14 11:13:52',13,5,2,38),(780,'90','2nd',NULL,'2019-06-14 11:13:52',1,5,2,38),(781,'88','2nd',NULL,'2019-06-14 11:13:52',13,5,2,38),(782,'93','3rd',NULL,'2019-06-14 11:13:52',1,5,2,38),(783,'83','3rd',NULL,'2019-06-14 11:13:52',13,5,2,38),(784,'91','4th','Passed','2019-06-14 11:13:53',1,5,2,38),(785,'85','4th','Passed','2019-06-14 11:13:53',13,5,2,38),(786,'89','1st',NULL,'2019-06-14 11:14:09',14,5,5,39),(787,'90','2nd',NULL,'2019-06-14 11:14:09',14,5,5,39),(788,'94','3rd',NULL,'2019-06-14 11:14:10',14,5,5,39),(789,'91','4th','Passed','2019-06-14 11:14:10',14,5,5,39),(790,'90','1st',NULL,'2019-06-14 11:15:32',12,6,1,71),(791,'87','1st',NULL,'2019-06-14 11:15:32',16,6,1,71),(792,'92','2nd',NULL,'2019-06-14 11:15:32',12,6,1,71),(793,'89','2nd',NULL,'2019-06-14 11:15:33',16,6,1,71),(794,'88','3rd',NULL,'2019-06-14 11:15:33',12,6,1,71),(795,'88','3rd',NULL,'2019-06-14 11:15:33',16,6,1,71),(796,'87','4th','Passed','2019-06-14 11:15:33',12,6,1,71),(797,'94','4th','Passed','2019-06-14 11:15:33',16,6,1,71),(798,'87','1st',NULL,'2019-06-14 11:16:28',14,7,5,68),(799,'86','2nd',NULL,'2019-06-14 11:16:28',14,7,5,68),(800,'89','3rd',NULL,'2019-06-14 11:16:28',14,7,5,68),(801,'90','4th','Passed','2019-06-14 11:16:29',14,7,5,68),(802,'90','1st',NULL,'2019-06-14 11:17:13',12,8,1,38),(803,'89','1st',NULL,'2019-06-14 11:17:13',16,8,1,38),(804,'90','2nd',NULL,'2019-06-14 11:17:13',12,8,1,38),(805,'87','2nd',NULL,'2019-06-14 11:17:13',16,8,1,38),(806,'87','3rd',NULL,'2019-06-14 11:17:13',12,8,1,38),(807,'90','3rd',NULL,'2019-06-14 11:17:14',16,8,1,38),(808,'91','4th','Passed','2019-06-14 11:17:14',12,8,1,38),(809,'92','4th','Passed','2019-06-14 11:17:14',16,8,1,38),(810,'76','1st',NULL,'2019-06-14 11:17:39',15,8,6,39),(811,'68','2nd',NULL,'2019-06-14 11:17:39',15,8,6,39),(812,'68','3rd',NULL,'2019-06-14 11:17:40',15,8,6,39),(813,'65','4th','Failed','2019-06-14 11:17:40',15,8,6,39),(814,'90','1st',NULL,'2019-06-14 11:18:41',1,10,2,57),(815,'89','1st',NULL,'2019-06-14 11:18:41',13,10,2,57),(816,'91','2nd',NULL,'2019-06-14 11:18:41',1,10,2,57),(817,'87','2nd',NULL,'2019-06-14 11:18:41',13,10,2,57),(818,'83','3rd',NULL,'2019-06-14 11:18:41',1,10,2,57),(819,'85','3rd',NULL,'2019-06-14 11:18:41',13,10,2,57),(820,'89','4th','Passed','2019-06-14 11:18:41',1,10,2,57),(821,'90','4th','Passed','2019-06-14 11:18:42',13,10,2,57),(822,'91','1st',NULL,'2019-06-14 11:18:57',1,10,2,54),(823,'82','1st',NULL,'2019-06-14 11:18:57',13,10,2,54),(824,'93','2nd',NULL,'2019-06-14 11:18:58',1,10,2,54),(825,'89','2nd',NULL,'2019-06-14 11:18:58',13,10,2,54),(826,'95','3rd',NULL,'2019-06-14 11:18:58',1,10,2,54),(827,'84','3rd',NULL,'2019-06-14 11:18:58',13,10,2,54),(828,'94','4th','Passed','2019-06-14 11:18:58',1,10,2,54),(829,'85','4th','Passed','2019-06-14 11:18:58',13,10,2,54),(830,'90','1st',NULL,'2019-06-14 11:19:15',1,10,2,55),(831,'87','1st',NULL,'2019-06-14 11:19:15',13,10,2,55),(832,'91','2nd',NULL,'2019-06-14 11:19:15',1,10,2,55),(833,'90','2nd',NULL,'2019-06-14 11:19:15',13,10,2,55),(834,'88','3rd',NULL,'2019-06-14 11:19:15',1,10,2,55),(835,'93','3rd',NULL,'2019-06-14 11:19:15',13,10,2,55),(836,'95','4th','Passed','2019-06-14 11:19:16',1,10,2,55),(837,'87','4th','Passed','2019-06-14 11:19:16',13,10,2,55),(838,'89','1st',NULL,'2019-06-14 11:19:38',1,10,2,56),(839,'82','1st',NULL,'2019-06-14 11:19:38',13,10,2,56),(840,'90','2nd',NULL,'2019-06-14 11:19:38',1,10,2,56),(841,'84','2nd',NULL,'2019-06-14 11:19:38',13,10,2,56),(842,'91','3rd',NULL,'2019-06-14 11:19:38',1,10,2,56),(843,'86','3rd',NULL,'2019-06-14 11:19:39',13,10,2,56),(844,'87','4th','Passed','2019-06-14 11:19:39',1,10,2,56),(845,'84','4th','Passed','2019-06-14 11:19:39',13,10,2,56),(846,'81','1st',NULL,'2019-06-14 11:19:53',15,10,6,60),(847,'88','2nd',NULL,'2019-06-14 11:19:53',15,10,6,60),(848,'89','3rd',NULL,'2019-06-14 11:19:53',15,10,6,60),(849,'81','4th','Passed','2019-06-14 11:19:53',15,10,6,60),(850,'87','1st',NULL,'2019-06-14 11:20:12',15,10,6,61),(851,'84','2nd',NULL,'2019-06-14 11:20:12',15,10,6,61),(852,'83','3rd',NULL,'2019-06-14 11:20:12',15,10,6,61),(853,'89','4th','Passed','2019-06-14 11:20:13',15,10,6,61),(854,'87','1st',NULL,'2019-06-14 11:20:23',15,10,6,58),(855,'84','2nd',NULL,'2019-06-14 11:20:23',15,10,6,58),(856,'89','3rd',NULL,'2019-06-14 11:20:23',15,10,6,58),(857,'81','4th','Passed','2019-06-14 11:20:24',15,10,6,58),(858,'90','1st',NULL,'2019-06-14 11:20:33',15,10,6,59),(859,'92','2nd',NULL,'2019-06-14 11:20:33',15,10,6,59),(860,'87','3rd',NULL,'2019-06-14 11:20:34',15,10,6,59),(861,'89','4th','Passed','2019-06-14 11:20:34',15,10,6,59),(862,'87','1st',NULL,'2019-06-14 11:21:15',15,12,6,35),(863,'84','2nd',NULL,'2019-06-14 11:21:15',15,12,6,35),(864,'86','3rd',NULL,'2019-06-14 11:21:16',15,12,6,35),(865,'85','4th','Passed','2019-06-14 11:21:16',15,12,6,35),(866,'81','1st',NULL,'2019-06-14 11:21:59',12,13,1,67),(867,'90','1st',NULL,'2019-06-14 11:21:59',16,13,1,67),(868,'89','2nd',NULL,'2019-06-14 11:21:59',12,13,1,67),(869,'81','2nd',NULL,'2019-06-14 11:21:59',16,13,1,67),(870,'86','3rd',NULL,'2019-06-14 11:21:59',12,13,1,67),(871,'89','3rd',NULL,'2019-06-14 11:21:59',16,13,1,67),(872,'87','4th','Passed','2019-06-14 11:22:00',12,13,1,67),(873,'88','4th','Passed','2019-06-14 11:22:00',16,13,1,67),(874,'89','1st',NULL,'2019-06-14 11:22:14',1,13,2,67),(875,'87','1st',NULL,'2019-06-14 11:22:15',13,13,2,67),(876,'90','2nd',NULL,'2019-06-14 11:22:15',1,13,2,67),(877,'90','2nd',NULL,'2019-06-14 11:22:15',13,13,2,67),(878,'97','3rd',NULL,'2019-06-14 11:22:15',1,13,2,67),(879,'91','3rd',NULL,'2019-06-14 11:22:15',13,13,2,67),(880,'95','4th','Passed','2019-06-14 11:22:15',1,13,2,67),(881,'84','4th','Passed','2019-06-14 11:22:15',13,13,2,67),(882,'87','1st',NULL,'2019-06-14 11:22:26',15,13,6,68),(883,'86','2nd',NULL,'2019-06-14 11:22:26',15,13,6,68),(884,'89','3rd',NULL,'2019-06-14 11:22:26',15,13,6,68),(885,'91','4th','Passed','2019-06-14 11:22:26',15,13,6,68),(886,'90','1st',NULL,'2019-06-14 11:23:05',1,14,2,71),(887,'87','1st',NULL,'2019-06-14 11:23:05',13,14,2,71),(888,'93','2nd',NULL,'2019-06-14 11:23:05',1,14,2,71),(889,'90','2nd',NULL,'2019-06-14 11:23:05',13,14,2,71),(890,'95','3rd',NULL,'2019-06-14 11:23:05',1,14,2,71),(891,'92','3rd',NULL,'2019-06-14 11:23:05',13,14,2,71),(892,'96','4th','Passed','2019-06-14 11:23:06',1,14,2,71),(893,'91','4th','Passed','2019-06-14 11:23:06',13,14,2,71),(894,'87','1st',NULL,'2019-06-14 11:25:08',14,14,5,72),(895,'83','2nd',NULL,'2019-06-14 11:25:08',14,14,5,72),(896,'80','3rd',NULL,'2019-06-14 11:25:08',14,14,5,72),(897,NULL,'4th','Incomplete Requirements','2019-06-14 11:25:08',14,14,5,72),(898,'87','1st',NULL,'2019-06-14 11:25:19',15,14,6,72),(899,'89','2nd',NULL,'2019-06-14 11:25:19',15,14,6,72),(900,'88','3rd',NULL,'2019-06-14 11:25:19',15,14,6,72),(901,'85','4th','Passed','2019-06-14 11:25:19',15,14,6,72);
/*!40000 ALTER TABLE `grades` ENABLE KEYS */;
UNLOCK TABLES;

--
-- Table structure for table `grades_grading`
--

DROP TABLE IF EXISTS `grades_grading`;
/*!40101 SET @saved_cs_client     = @@character_set_client */;
/*!40101 SET character_set_client = utf8 */;
CREATE TABLE `grades_grading` (
  `gg_id` int(12) NOT NULL AUTO_INCREMENT,
  `gg_first` double NOT NULL,
  `gg_second` double NOT NULL,
  `gg_third` double NOT NULL,
  `gg_fourth` double NOT NULL,
  `subject_name` varchar(45) NOT NULL,
  `gr_level` enum('7','8','9','10') NOT NULL,
  `gr_sec` varchar(45) NOT NULL,
  `gg_sy` year(4) NOT NULL,
  `adv_id` int(13) NOT NULL,
  `gg_fid` int(13) NOT NULL,
  `std_id` int(12) NOT NULL,
  PRIMARY KEY (`gg_id`),
  KEY `adv_id_idx` (`adv_id`),
  KEY `gg_fid_idx` (`gg_fid`),
  KEY `std_id_idx` (`std_id`),
  CONSTRAINT `adv_id` FOREIGN KEY (`adv_id`) REFERENCES `faculty` (`fac_id`) ON DELETE CASCADE ON UPDATE CASCADE,
  CONSTRAINT `gg_fid` FOREIGN KEY (`gg_fid`) REFERENCES `faculty` (`fac_id`) ON DELETE CASCADE ON UPDATE CASCADE,
  CONSTRAINT `std_id` FOREIGN KEY (`std_id`) REFERENCES `student` (`stud_id`) ON DELETE CASCADE ON UPDATE CASCADE
) ENGINE=InnoDB AUTO_INCREMENT=62 DEFAULT CHARSET=latin1;
/*!40101 SET character_set_client = @saved_cs_client */;

--
-- Dumping data for table `grades_grading`
--

LOCK TABLES `grades_grading` WRITE;
/*!40000 ALTER TABLE `grades_grading` DISABLE KEYS */;
INSERT INTO `grades_grading` VALUES (4,90,91,87,89,'Biology','8','Altruism',2019,8,2,12),(5,87,86,89,88,'Biology','8','Altruism',2019,8,2,16),(6,87,89,93,95,'English 2','8','Altruism',2019,8,4,12),(7,87,89,88,90,'English 2','8','Altruism',2019,8,4,16),(8,90,91,96,94,'Music 2','8','Altruism',2019,8,3,12),(9,87,89,85,89,'Music 2','8','Altruism',2019,8,3,16),(10,90,87,91,93,'Arts 2','8','Altruism',2019,8,3,12),(11,81,89,88,90,'Arts 2','8','Altruism',2019,8,3,16),(12,90,91,89,88,'Physical Education (PE) 2','8','Altruism',2019,8,3,12),(13,88,81,89,88,'Physical Education (PE) 2','8','Altruism',2019,8,3,16),(14,90,91,95,93,'Health 2','8','Altruism',2019,8,3,12),(15,87,88,81,89,'Health 2','8','Altruism',2019,8,3,16),(16,90,93,95,92,'Asian History','8','Altruism',2019,8,13,12),(17,89,90,91,93,'Asian History','8','Altruism',2019,8,13,16),(18,91,93,90,89,'TLE 2','8','Altruism',2019,8,6,12),(19,85,83,80,87,'TLE 2','8','Altruism',2019,8,6,16),(20,88,89,90,91,'Algebra 2','8','Altruism',2019,8,1,12),(21,81,89,88,87,'Algebra 2','8','Altruism',2019,8,1,16),(22,91,97,95,94,'Filipino 2','8','Altruism',2019,8,8,12),(23,87,89,90,91,'Filipino 2','8','Altruism',2019,8,8,16),(24,80,90,81,88,'Algebra 2','8','Wisdom',2019,2,1,1),(25,76,74,73,71,'Algebra 2','8','Wisdom',2019,2,1,13),(26,89,91,92,90,'Filipino 2','8','Wisdom',2019,2,5,1),(27,79,81,87,83,'Filipino 2','8','Wisdom',2019,2,5,13),(28,87,86,90,91,'Biology','8','Wisdom',2019,2,2,1),(29,80,83,83,76,'Biology','8','Wisdom',2019,2,2,13),(30,90,91,89,93,'English 2','8','Wisdom',2019,2,4,1),(31,78,81,83,83,'English 2','8','Wisdom',2019,2,4,13),(32,89,91,92,89,'Music 2','8','Wisdom',2019,2,10,1),(33,78,81,82,80,'Music 2','8','Wisdom',2019,2,10,13),(34,90,91,89,90,'Arts 2','8','Wisdom',2019,2,10,1),(35,81,82,84,80,'Arts 2','8','Wisdom',2019,2,10,13),(36,90,92,89,90,'Physical Education (PE) 2','8','Wisdom',2019,2,10,1),(37,78,79,80,83,'Physical Education (PE) 2','8','Wisdom',2019,2,10,13),(38,90,91,97,95,'Health 2','8','Wisdom',2019,2,10,1),(39,80,87,83,84,'Health 2','8','Wisdom',2019,2,10,13),(40,87,91,93,92,'Asian History','8','Wisdom',2019,2,13,1),(41,81,85,83,89,'Asian History','8','Wisdom',2019,2,13,13),(42,91,93,95,93,'TLE 2','8','Wisdom',2019,2,14,1),(43,81,86,84,87,'TLE 2','8','Wisdom',2019,2,14,13),(44,0,0,0,0,'Algebra 1','9','Excellence',2019,1,1,14),(45,0,0,0,0,'Filipino 1','9','Excellence',2019,1,5,14),(46,0,0,0,0,'Integrated Science','9','Excellence',2019,1,2,14),(47,0,0,0,0,'English 1','9','Excellence',2019,1,4,14),(48,0,0,0,0,'Music 1','9','Excellence',2019,1,3,14),(49,0,0,0,0,'Arts 1','9','Excellence',2019,1,3,14),(50,0,0,0,0,'Physical Education (PE) 1','9','Excellence',2019,1,3,14),(51,0,0,0,0,'Health 1','9','Excellence',2019,1,3,14),(52,0,0,0,0,'Phillipine History','9','Excellence',2019,1,7,14),(53,0,0,0,0,'TLE 1','9','Excellence',2019,1,6,14),(54,88,87,89,90,'Geometry','9','Dignity',2019,4,1,15),(55,89,90,91,88,'Filipino 3','9','Dignity',2019,4,5,15),(56,81,80,86,87,'Chemistry','9','Dignity',2019,4,2,15),(57,89,90,91,90,'Music 3','9','Dignity',2019,4,3,15),(58,81,89,88,87,'Arts 3','9','Dignity',2019,4,3,15),(59,89,90,81,89,'Physical Education (PE) 3','9','Dignity',2019,4,3,15),(60,89,90,91,88,'World History','9','Dignity',2019,4,7,15),(61,90,87,86,87,'TLE 3','9','Dignity',2019,4,14,15);
/*!40000 ALTER TABLE `grades_grading` ENABLE KEYS */;
UNLOCK TABLES;

--
-- Table structure for table `guardian`
--

DROP TABLE IF EXISTS `guardian`;
/*!40101 SET @saved_cs_client     = @@character_set_client */;
/*!40101 SET character_set_client = utf8 */;
CREATE TABLE `guardian` (
  `guar_id` int(11) NOT NULL AUTO_INCREMENT,
  `guar_fname` varchar(45) COLLATE utf8_bin NOT NULL,
  `guar_lname` varchar(45) COLLATE utf8_bin NOT NULL,
  `guar_midname` varchar(45) COLLATE utf8_bin NOT NULL,
  `guar_address` varchar(100) COLLATE utf8_bin NOT NULL,
  `guar_mobno` varchar(11) COLLATE utf8_bin NOT NULL,
  `guar_telno` varchar(11) COLLATE utf8_bin DEFAULT NULL,
  `timestamp_guar` timestamp NOT NULL DEFAULT CURRENT_TIMESTAMP ON UPDATE CURRENT_TIMESTAMP,
  `guar_status` enum('Temporary','Permanent') COLLATE utf8_bin NOT NULL DEFAULT 'Temporary',
  `acc_idx` int(13) NOT NULL,
  PRIMARY KEY (`guar_id`),
  KEY `acc_idx` (`acc_idx`),
  CONSTRAINT `acc_idx` FOREIGN KEY (`acc_idx`) REFERENCES `accounts` (`acc_id`) ON DELETE CASCADE ON UPDATE CASCADE
) ENGINE=InnoDB AUTO_INCREMENT=10 DEFAULT CHARSET=utf8 COLLATE=utf8_bin;
/*!40101 SET character_set_client = @saved_cs_client */;

--
-- Dumping data for table `guardian`
--

LOCK TABLES `guardian` WRITE;
/*!40000 ALTER TABLE `guardian` DISABLE KEYS */;
INSERT INTO `guardian` VALUES (1,'Josephine','Dela Cruz','Pagar','Bakakeng Norte Baguio City','09123456789',NULL,'2019-05-28 04:16:58','Permanent',4),(2,'Luzviminda','Manzano','Cruz','Bakakeng Norte Baguio City','09502361478',NULL,'2019-05-28 04:16:58','Permanent',9),(3,'Magdalena','Basangan','Jutie','Bakakeng Norte Baguio City','09236589741',NULL,'2019-05-28 04:16:58','Permanent',10),(4,'Romina','Mondragon','Bautista','Bakakeng Norte Baguio City','09265987562',NULL,'2019-05-28 04:16:58','Permanent',11),(5,'Adel','Meneses','F','AA 100, Bakakeng Norte, Bakakeng, Baguio City 2600','09954336998',NULL,'2019-05-28 04:16:58','Permanent',134),(6,'Alice','Ulep','A ','Bakakeng, Eagle Crest, Baguio 2600','09174058901','','2019-05-28 04:16:58','Permanent',136),(7,'Burgos','Berdin','N','Blk 8, Bakakeng, Baguio 2600','09174058901','','2019-05-28 04:16:58','Permanent',138),(8,'Maria','Uy','B','#11, Queen Of Peace, Baguio City 2600','09065382228','','2019-05-28 04:16:58','Permanent',141),(9,'Jerome','Galatcha','O','Baguio','09065382228','','2019-06-03 15:16:45','Permanent',146);
/*!40000 ALTER TABLE `guardian` ENABLE KEYS */;
UNLOCK TABLES;

--
-- Table structure for table `logs`
--

DROP TABLE IF EXISTS `logs`;
/*!40101 SET @saved_cs_client     = @@character_set_client */;
/*!40101 SET character_set_client = utf8 */;
CREATE TABLE `logs` (
  `log_id` int(12) NOT NULL AUTO_INCREMENT,
  `log_date` timestamp NOT NULL DEFAULT CURRENT_TIMESTAMP ON UPDATE CURRENT_TIMESTAMP,
  `log_event` enum('Insert','Update','Delete','Reset') NOT NULL,
  `log_desc` varchar(300) NOT NULL,
  `user_id` int(13) NOT NULL,
  `seen_unseen` enum('Seen','Unseen') DEFAULT 'Unseen',
  `towhom` int(13) DEFAULT NULL,
  PRIMARY KEY (`log_id`),
  KEY `user_id` (`user_id`),
  KEY `towhom_idx` (`towhom`),
  CONSTRAINT `towhom` FOREIGN KEY (`towhom`) REFERENCES `accounts` (`acc_id`) ON DELETE CASCADE ON UPDATE CASCADE,
  CONSTRAINT `user_id` FOREIGN KEY (`user_id`) REFERENCES `accounts` (`acc_id`) ON DELETE CASCADE ON UPDATE CASCADE
) ENGINE=InnoDB AUTO_INCREMENT=3858 DEFAULT CHARSET=latin1;
/*!40101 SET character_set_client = @saved_cs_client */;

--
-- Dumping data for table `logs`
--

LOCK TABLES `logs` WRITE;
/*!40000 ALTER TABLE `logs` DISABLE KEYS */;
INSERT INTO `logs` VALUES (2097,'2019-06-02 15:00:24','Delete','Delete Fee Type SampleMarzan',1,'Unseen',NULL),(2098,'2019-06-02 15:09:57','Delete','Delete Fee Type SampleMarzan',1,'Unseen',NULL),(2099,'2019-06-02 15:17:10','Delete','Delete Fee Type Meme',1,'Unseen',NULL),(2100,'2019-06-02 15:17:11','Delete','Delete Fee Type memes',1,'Unseen',NULL),(2101,'2019-06-02 15:17:11','Delete','Delete Fee Type samp',1,'Unseen',NULL),(2102,'2019-06-02 15:21:17','Delete','Delete Fee Type samp',1,'Unseen',NULL),(2103,'2019-06-02 15:21:18','Update','Update Fee Type UpdateTo with amount of 100',1,'Unseen',NULL),(2104,'2019-06-02 15:25:36','','Add Fee Type inserttwo with amount of 100',1,'Unseen',NULL),(2105,'2019-06-02 15:26:46','Delete','Delete Fee Type UpdateTo',1,'Unseen',NULL),(2106,'2019-06-02 15:26:49','Delete','Delete Fee Type SampleToInsert',1,'Unseen',NULL),(2107,'2019-06-02 15:27:10','Delete','Delete Fee Type insert',1,'Unseen',NULL),(2108,'2019-06-02 15:27:10','Delete','Delete Fee Type inserttwo',1,'Unseen',NULL),(2109,'2019-06-02 15:28:30','Insert','Add Fee Type To Update with amount of 100',1,'Unseen',NULL),(2110,'2019-06-02 15:28:30','Insert','Add Fee Type To Delete with amount of 100',1,'Unseen',NULL),(2111,'2019-06-02 15:29:07','Insert','Add Fee Type ToInsert with amount of 100',1,'Unseen',NULL),(2112,'2019-06-02 15:29:08','Update','Update Fee Type UpdateNa with amount of 10000',1,'Unseen',NULL),(2113,'2019-06-02 15:29:09','Delete','Delete Fee Type To Delete',1,'Unseen',NULL),(2114,'2019-06-02 15:33:16','Delete','Delete Fee Type ToInsert',1,'Unseen',NULL),(2115,'2019-06-02 15:33:17','Delete','Delete Fee Type UpdateNa',1,'Unseen',NULL),(2116,'2019-06-02 15:37:02','Insert','Add Fee Type SampleOne with amount of 100',1,'Unseen',NULL),(2117,'2019-06-02 15:37:02','Insert','Add Fee Type SampleTwo with amount of 100',1,'Unseen',NULL),(2118,'2019-06-02 15:37:03','Insert','Add Fee Type SampleThree with amount of 100',1,'Unseen',NULL),(2119,'2019-06-02 15:38:01','Delete','Delete Fee Type SampleOne',1,'Unseen',NULL),(2120,'2019-06-02 15:38:39','Delete','Delete Fee Type SampleTwo',1,'Unseen',NULL),(2121,'2019-06-02 15:38:39','Delete','Delete Fee Type SampleThree',1,'Unseen',NULL),(2122,'2019-06-02 15:39:23','Insert','Add Fee Type SampleOne with amount of 100',1,'Unseen',NULL),(2123,'2019-06-02 15:41:04','Update','Update Fee Type SampleOneNabagoDinName with amount of 150',1,'Unseen',NULL),(2124,'2019-06-02 15:41:29','Update','John Mark Pagar Dela Cruz has been enrolled.',12,'Unseen',NULL),(2125,'2019-06-01 16:00:00','Insert','Added payment for Herbert Dela Cruz',5,'Unseen',NULL),(2126,'2019-06-01 16:00:00','Insert','Added payment for ASDD ASD',5,'Unseen',NULL),(2127,'2019-06-01 16:00:00','Insert','Added payment for Solane Fernandez',5,'Unseen',NULL),(2128,'2019-06-02 15:43:24','Update','Update Fee Type SampleOneNabagoDinName with amount of 200',1,'Unseen',NULL),(2129,'2019-06-02 09:53:07','Delete','Deleted a schedule.',12,'Unseen',NULL),(2130,'2019-06-02 09:53:25','Insert','Added a schedule.',12,'Unseen',NULL),(2131,'2019-06-02 09:53:46','Update','Requested for a change in schedule.',12,'Unseen',NULL),(2132,'2019-06-02 10:20:25','Update','Requested for a change in schedule.',12,'Unseen',NULL),(2133,'2019-06-02 10:21:57','Update','Requested for a change in schedule.',12,'Unseen',NULL),(2134,'2019-06-01 16:00:00','Insert','Added payment for John Mark Dela Cruz',5,'Unseen',NULL),(2135,'2019-06-02 13:59:19','','Updated grades for Dela Cruz, Herbert Pagar in Grade 8 - Altruism',12,'Unseen',NULL),(2136,'2019-06-02 13:59:19','','Updated grades for Fernandez, Solane Gabriel in Grade 8 - Altruism',12,'Unseen',NULL),(2137,'2019-06-02 13:59:19','','Updated grades for Dela Cruz, Herbert Pagar in Grade 8 - Altruism',12,'Unseen',NULL),(2138,'2019-06-02 13:59:19','','Updated grades for Fernandez, Solane Gabriel in Grade 8 - Altruism',12,'Unseen',NULL),(2139,'2019-06-02 13:59:19','','Updated grades for Dela Cruz, Herbert Pagar in Grade 8 - Altruism',12,'Unseen',NULL),(2140,'2019-06-02 13:59:19','','Updated grades for Fernandez, Solane Gabriel in Grade 8 - Altruism',12,'Unseen',NULL),(2141,'2019-06-02 13:59:19','','Updated grades for Dela Cruz, Herbert Pagar in Grade 8 - Altruism',12,'Unseen',NULL),(2142,'2019-06-02 13:59:19','','Updated grades for Fernandez, Solane Gabriel in Grade 8 - Altruism',12,'Unseen',NULL),(2143,'2019-06-02 13:59:19','','Updated grades for Dela Cruz, Herbert Pagar in Grade 8 - Altruism',12,'Unseen',NULL),(2144,'2019-06-02 13:59:19','','Updated grades for Fernandez, Solane Gabriel in Grade 8 - Altruism',12,'Unseen',NULL),(2145,'2019-06-02 13:59:20','','Updated grades for Dela Cruz, Herbert Pagar in Grade 8 - Altruism',12,'Unseen',NULL),(2146,'2019-06-02 13:59:20','','Updated grades for Fernandez, Solane Gabriel in Grade 8 - Altruism',12,'Unseen',NULL),(2147,'2019-06-02 13:59:20','','Updated grades for Dela Cruz, Herbert Pagar in Grade 8 - Altruism',12,'Unseen',NULL),(2148,'2019-06-02 13:59:20','','Updated grades for Fernandez, Solane Gabriel in Grade 8 - Altruism',12,'Unseen',NULL),(2149,'2019-06-02 13:59:20','','Updated grades for Dela Cruz, Herbert Pagar in Grade 8 - Altruism',12,'Unseen',NULL),(2150,'2019-06-02 13:59:20','','Updated grades for Fernandez, Solane Gabriel in Grade 8 - Altruism',12,'Unseen',NULL),(2151,'2019-06-02 16:00:00','Insert','Added payment for Hazel Rapisura',5,'Unseen',NULL),(2152,'2019-06-02 23:36:28','Update','Requested for a change in schedule.',12,'Unseen',NULL),(2153,'2019-06-02 23:36:35','Delete','Deleted a schedule.',12,'Unseen',NULL),(2154,'2019-06-02 23:36:54','Insert','Added a schedule.',12,'Unseen',NULL),(2155,'2019-06-02 23:37:17','Delete','Deleted a schedule.',12,'Unseen',NULL),(2156,'2019-06-02 23:37:25','Insert','Added a schedule.',12,'Unseen',NULL),(2157,'2019-06-02 23:42:01','Delete','Deleted a schedule.',12,'Unseen',NULL),(2158,'2019-06-02 23:42:11','Insert','Added a schedule.',12,'Unseen',NULL),(2159,'2019-06-02 23:50:20','Insert','Inserted students who are absent on 2019-06-03',12,'Unseen',NULL),(2160,'2019-06-02 23:50:30','Update','Updated the attendance for Grade 8 - Altruism on 2019-06-03',12,'Unseen',NULL),(2161,'2019-06-03 00:00:28','','Updated grades for Dela Cruz, Herbert Pagar in Grade 8 - Altruism',12,'Unseen',NULL),(2162,'2019-06-03 00:00:28','','Updated grades for Fernandez, Solane Gabriel in Grade 8 - Altruism',12,'Unseen',NULL),(2163,'2019-06-03 00:00:28','','Updated grades for Dela Cruz, Herbert Pagar in Grade 8 - Altruism',12,'Unseen',NULL),(2164,'2019-06-03 00:00:28','','Updated grades for Fernandez, Solane Gabriel in Grade 8 - Altruism',12,'Unseen',NULL),(2165,'2019-06-03 00:01:23','','Updated grades for Dela Cruz, Herbert Pagar in Grade 8 - Altruism',12,'Unseen',NULL),(2166,'2019-06-03 00:01:23','','Updated grades for Fernandez, Solane Gabriel in Grade 8 - Altruism',12,'Unseen',NULL),(2167,'2019-06-03 00:01:23','','Updated grades for Dela Cruz, Herbert Pagar in Grade 8 - Altruism',12,'Unseen',NULL),(2168,'2019-06-03 00:01:24','','Updated grades for Fernandez, Solane Gabriel in Grade 8 - Altruism',12,'Unseen',NULL),(2169,'2019-06-03 00:06:58','','Updated grades for Dela Cruz, Herbert Pagar in Grade 8 - Altruism',12,'Unseen',NULL),(2170,'2019-06-03 00:06:58','','Updated grades for Fernandez, Solane Gabriel in Grade 8 - Altruism',12,'Unseen',NULL),(2171,'2019-06-03 00:06:58','','Updated grades for Dela Cruz, Herbert Pagar in Grade 8 - Altruism',12,'Unseen',NULL),(2172,'2019-06-03 00:06:58','','Updated grades for Fernandez, Solane Gabriel in Grade 8 - Altruism',12,'Unseen',NULL),(2173,'2019-06-03 00:08:59','','Updated grades for Dela Cruz, Herbert Pagar in Grade 8 - Altruism',12,'Unseen',NULL),(2174,'2019-06-03 00:08:59','','Updated grades for Fernandez, Solane Gabriel in Grade 8 - Altruism',12,'Unseen',NULL),(2175,'2019-06-03 00:08:59','','Updated grades for Dela Cruz, Herbert Pagar in Grade 8 - Altruism',12,'Unseen',NULL),(2176,'2019-06-03 00:08:59','','Updated grades for Fernandez, Solane Gabriel in Grade 8 - Altruism',12,'Unseen',NULL),(2177,'2019-06-03 00:09:30','','Updated grades for Dela Cruz, Herbert Pagar in Grade 8 - Altruism',12,'Unseen',NULL),(2178,'2019-06-03 00:09:30','','Updated grades for Fernandez, Solane Gabriel in Grade 8 - Altruism',12,'Unseen',NULL),(2179,'2019-06-03 00:09:30','','Updated grades for Dela Cruz, Herbert Pagar in Grade 8 - Altruism',12,'Unseen',NULL),(2180,'2019-06-03 00:09:30','','Updated grades for Fernandez, Solane Gabriel in Grade 8 - Altruism',12,'Unseen',NULL),(2181,'2019-06-03 00:09:43','','Updated grades for Dela Cruz, Herbert Pagar in Grade 8 - Altruism',12,'Unseen',NULL),(2182,'2019-06-03 00:09:43','','Updated grades for Fernandez, Solane Gabriel in Grade 8 - Altruism',12,'Unseen',NULL),(2183,'2019-06-03 00:09:43','','Updated grades for Dela Cruz, Herbert Pagar in Grade 8 - Altruism',12,'Unseen',NULL),(2184,'2019-06-03 00:09:43','','Updated grades for Fernandez, Solane Gabriel in Grade 8 - Altruism',12,'Unseen',NULL),(2185,'2019-06-03 00:54:16','','Updated grades for Dela Cruz, Herbert Pagar in Grade 8 - Altruism',12,'Unseen',NULL),(2186,'2019-06-03 00:54:16','','Updated grades for Fernandez, Solane Gabriel in Grade 8 - Altruism',12,'Unseen',NULL),(2187,'2019-06-03 00:54:16','','Updated grades for Dela Cruz, Herbert Pagar in Grade 8 - Altruism',12,'Unseen',NULL),(2188,'2019-06-03 00:54:16','','Updated grades for Fernandez, Solane Gabriel in Grade 8 - Altruism',12,'Unseen',NULL),(2189,'2019-06-03 00:54:16','','Updated grades for Dela Cruz, Herbert Pagar in Grade 8 - Altruism',12,'Unseen',NULL),(2190,'2019-06-03 00:54:16','','Updated grades for Fernandez, Solane Gabriel in Grade 8 - Altruism',12,'Unseen',NULL),(2191,'2019-06-03 00:54:16','','Updated grades for Dela Cruz, Herbert Pagar in Grade 8 - Altruism',12,'Unseen',NULL),(2192,'2019-06-03 00:54:17','','Updated grades for Fernandez, Solane Gabriel in Grade 8 - Altruism',12,'Unseen',NULL),(2193,'2019-06-03 00:54:17','','Updated grades for Dela Cruz, Herbert Pagar in Grade 8 - Altruism',12,'Unseen',NULL),(2194,'2019-06-03 00:54:17','','Updated grades for Fernandez, Solane Gabriel in Grade 8 - Altruism',12,'Unseen',NULL),(2195,'2019-06-03 00:54:17','','Updated grades for Dela Cruz, Herbert Pagar in Grade 8 - Altruism',12,'Unseen',NULL),(2196,'2019-06-03 00:54:17','','Updated grades for Fernandez, Solane Gabriel in Grade 8 - Altruism',12,'Unseen',NULL),(2197,'2019-06-03 00:54:17','','Updated grades for Dela Cruz, Herbert Pagar in Grade 8 - Altruism',12,'Unseen',NULL),(2198,'2019-06-03 00:54:17','','Updated grades for Fernandez, Solane Gabriel in Grade 8 - Altruism',12,'Unseen',NULL),(2199,'2019-06-03 00:54:17','','Updated grades for Dela Cruz, Herbert Pagar in Grade 8 - Altruism',12,'Unseen',NULL),(2200,'2019-06-03 00:54:17','','Updated grades for Fernandez, Solane Gabriel in Grade 8 - Altruism',12,'Unseen',NULL),(2201,'2019-06-03 00:54:31','','Updated grades for Dela Cruz, Herbert Pagar in Grade 8 - Altruism',12,'Unseen',NULL),(2202,'2019-06-03 00:54:31','','Updated grades for Fernandez, Solane Gabriel in Grade 8 - Altruism',12,'Unseen',NULL),(2203,'2019-06-03 00:54:32','','Updated grades for Dela Cruz, Herbert Pagar in Grade 8 - Altruism',12,'Unseen',NULL),(2204,'2019-06-03 00:54:32','','Updated grades for Fernandez, Solane Gabriel in Grade 8 - Altruism',12,'Unseen',NULL),(2205,'2019-06-03 00:54:32','','Updated grades for Dela Cruz, Herbert Pagar in Grade 8 - Altruism',12,'Unseen',NULL),(2206,'2019-06-03 00:54:32','','Updated grades for Fernandez, Solane Gabriel in Grade 8 - Altruism',12,'Unseen',NULL),(2207,'2019-06-03 00:54:32','','Updated grades for Dela Cruz, Herbert Pagar in Grade 8 - Altruism',12,'Unseen',NULL),(2208,'2019-06-03 00:54:32','','Updated grades for Fernandez, Solane Gabriel in Grade 8 - Altruism',12,'Unseen',NULL),(2209,'2019-06-03 00:54:32','','Updated grades for Dela Cruz, Herbert Pagar in Grade 8 - Altruism',12,'Unseen',NULL),(2210,'2019-06-03 00:54:33','','Updated grades for Fernandez, Solane Gabriel in Grade 8 - Altruism',12,'Unseen',NULL),(2211,'2019-06-03 00:54:33','','Updated grades for Dela Cruz, Herbert Pagar in Grade 8 - Altruism',12,'Unseen',NULL),(2212,'2019-06-03 00:54:33','','Updated grades for Fernandez, Solane Gabriel in Grade 8 - Altruism',12,'Unseen',NULL),(2213,'2019-06-03 00:54:33','','Updated grades for Dela Cruz, Herbert Pagar in Grade 8 - Altruism',12,'Unseen',NULL),(2214,'2019-06-03 00:54:33','','Updated grades for Fernandez, Solane Gabriel in Grade 8 - Altruism',12,'Unseen',NULL),(2215,'2019-06-03 00:54:33','','Updated grades for Dela Cruz, Herbert Pagar in Grade 8 - Altruism',12,'Unseen',NULL),(2216,'2019-06-03 00:54:33','','Updated grades for Fernandez, Solane Gabriel in Grade 8 - Altruism',12,'Unseen',NULL),(2217,'2019-06-03 00:54:53','','Updated grades for Dela Cruz, Herbert Pagar in Grade 8 - Altruism',12,'Unseen',NULL),(2218,'2019-06-03 00:54:54','','Updated grades for Fernandez, Solane Gabriel in Grade 8 - Altruism',12,'Unseen',NULL),(2219,'2019-06-03 00:54:54','','Updated grades for Dela Cruz, Herbert Pagar in Grade 8 - Altruism',12,'Unseen',NULL),(2220,'2019-06-03 00:54:54','','Updated grades for Fernandez, Solane Gabriel in Grade 8 - Altruism',12,'Unseen',NULL),(2221,'2019-06-03 00:54:54','','Updated grades for Dela Cruz, Herbert Pagar in Grade 8 - Altruism',12,'Unseen',NULL),(2222,'2019-06-03 00:54:54','','Updated grades for Fernandez, Solane Gabriel in Grade 8 - Altruism',12,'Unseen',NULL),(2223,'2019-06-03 00:54:54','','Updated grades for Dela Cruz, Herbert Pagar in Grade 8 - Altruism',12,'Unseen',NULL),(2224,'2019-06-03 00:54:54','','Updated grades for Fernandez, Solane Gabriel in Grade 8 - Altruism',12,'Unseen',NULL),(2225,'2019-06-03 00:54:54','','Updated grades for Dela Cruz, Herbert Pagar in Grade 8 - Altruism',12,'Unseen',NULL),(2226,'2019-06-03 00:54:54','','Updated grades for Fernandez, Solane Gabriel in Grade 8 - Altruism',12,'Unseen',NULL),(2227,'2019-06-03 00:54:54','','Updated grades for Dela Cruz, Herbert Pagar in Grade 8 - Altruism',12,'Unseen',NULL),(2228,'2019-06-03 00:54:54','','Updated grades for Fernandez, Solane Gabriel in Grade 8 - Altruism',12,'Unseen',NULL),(2229,'2019-06-03 00:54:54','','Updated grades for Dela Cruz, Herbert Pagar in Grade 8 - Altruism',12,'Unseen',NULL),(2230,'2019-06-03 00:54:54','','Updated grades for Fernandez, Solane Gabriel in Grade 8 - Altruism',12,'Unseen',NULL),(2231,'2019-06-03 00:54:55','','Updated grades for Dela Cruz, Herbert Pagar in Grade 8 - Altruism',12,'Unseen',NULL),(2232,'2019-06-03 00:54:55','','Updated grades for Fernandez, Solane Gabriel in Grade 8 - Altruism',12,'Unseen',NULL),(2233,'2019-06-03 00:55:08','','Updated grades for Dela Cruz, Herbert Pagar in Grade 8 - Altruism',12,'Unseen',NULL),(2234,'2019-06-03 00:55:08','','Updated grades for Fernandez, Solane Gabriel in Grade 8 - Altruism',12,'Unseen',NULL),(2235,'2019-06-03 00:55:08','','Updated grades for Dela Cruz, Herbert Pagar in Grade 8 - Altruism',12,'Unseen',NULL),(2236,'2019-06-03 00:55:08','','Updated grades for Fernandez, Solane Gabriel in Grade 8 - Altruism',12,'Unseen',NULL),(2237,'2019-06-03 00:55:08','','Updated grades for Dela Cruz, Herbert Pagar in Grade 8 - Altruism',12,'Unseen',NULL),(2238,'2019-06-03 00:55:08','','Updated grades for Fernandez, Solane Gabriel in Grade 8 - Altruism',12,'Unseen',NULL),(2239,'2019-06-03 00:55:08','','Updated grades for Dela Cruz, Herbert Pagar in Grade 8 - Altruism',12,'Unseen',NULL),(2240,'2019-06-03 00:55:08','','Updated grades for Fernandez, Solane Gabriel in Grade 8 - Altruism',12,'Unseen',NULL),(2241,'2019-06-03 00:55:08','','Updated grades for Dela Cruz, Herbert Pagar in Grade 8 - Altruism',12,'Unseen',NULL),(2242,'2019-06-03 00:55:08','','Updated grades for Fernandez, Solane Gabriel in Grade 8 - Altruism',12,'Unseen',NULL),(2243,'2019-06-03 00:55:08','','Updated grades for Dela Cruz, Herbert Pagar in Grade 8 - Altruism',12,'Unseen',NULL),(2244,'2019-06-03 00:55:08','','Updated grades for Fernandez, Solane Gabriel in Grade 8 - Altruism',12,'Unseen',NULL),(2245,'2019-06-03 00:55:08','','Updated grades for Dela Cruz, Herbert Pagar in Grade 8 - Altruism',12,'Unseen',NULL),(2246,'2019-06-03 00:55:09','','Updated grades for Fernandez, Solane Gabriel in Grade 8 - Altruism',12,'Unseen',NULL),(2247,'2019-06-03 00:55:09','','Updated grades for Dela Cruz, Herbert Pagar in Grade 8 - Altruism',12,'Unseen',NULL),(2248,'2019-06-03 00:55:09','','Updated grades for Fernandez, Solane Gabriel in Grade 8 - Altruism',12,'Unseen',NULL),(2249,'2019-06-03 00:55:31','','Updated grades for Dela Cruz, Herbert Pagar in Grade 8 - Altruism',12,'Unseen',NULL),(2250,'2019-06-03 00:55:31','','Updated grades for Fernandez, Solane Gabriel in Grade 8 - Altruism',12,'Unseen',NULL),(2251,'2019-06-03 00:55:31','','Updated grades for Dela Cruz, Herbert Pagar in Grade 8 - Altruism',12,'Unseen',NULL),(2252,'2019-06-03 00:55:31','','Updated grades for Fernandez, Solane Gabriel in Grade 8 - Altruism',12,'Unseen',NULL),(2253,'2019-06-03 00:55:32','','Updated grades for Dela Cruz, Herbert Pagar in Grade 8 - Altruism',12,'Unseen',NULL),(2254,'2019-06-03 00:55:32','','Updated grades for Fernandez, Solane Gabriel in Grade 8 - Altruism',12,'Unseen',NULL),(2255,'2019-06-03 00:55:32','','Updated grades for Dela Cruz, Herbert Pagar in Grade 8 - Altruism',12,'Unseen',NULL),(2256,'2019-06-03 00:55:32','','Updated grades for Fernandez, Solane Gabriel in Grade 8 - Altruism',12,'Unseen',NULL),(2257,'2019-06-03 00:55:32','','Updated grades for Dela Cruz, Herbert Pagar in Grade 8 - Altruism',12,'Unseen',NULL),(2258,'2019-06-03 00:55:33','','Updated grades for Fernandez, Solane Gabriel in Grade 8 - Altruism',12,'Unseen',NULL),(2259,'2019-06-03 00:55:33','','Updated grades for Dela Cruz, Herbert Pagar in Grade 8 - Altruism',12,'Unseen',NULL),(2260,'2019-06-03 00:55:33','','Updated grades for Fernandez, Solane Gabriel in Grade 8 - Altruism',12,'Unseen',NULL),(2261,'2019-06-03 00:55:33','','Updated grades for Dela Cruz, Herbert Pagar in Grade 8 - Altruism',12,'Unseen',NULL),(2262,'2019-06-03 00:55:33','','Updated grades for Fernandez, Solane Gabriel in Grade 8 - Altruism',12,'Unseen',NULL),(2263,'2019-06-03 00:55:33','','Updated grades for Dela Cruz, Herbert Pagar in Grade 8 - Altruism',12,'Unseen',NULL),(2264,'2019-06-03 00:55:33','','Updated grades for Fernandez, Solane Gabriel in Grade 8 - Altruism',12,'Unseen',NULL),(2265,'2019-06-03 00:55:39','','Updated grades for Dela Cruz, Herbert Pagar in Grade 8 - Altruism',12,'Unseen',NULL),(2266,'2019-06-03 00:55:39','','Updated grades for Fernandez, Solane Gabriel in Grade 8 - Altruism',12,'Unseen',NULL),(2267,'2019-06-03 00:55:39','','Updated grades for Dela Cruz, Herbert Pagar in Grade 8 - Altruism',12,'Unseen',NULL),(2268,'2019-06-03 00:55:39','','Updated grades for Fernandez, Solane Gabriel in Grade 8 - Altruism',12,'Unseen',NULL),(2269,'2019-06-03 00:55:39','','Updated grades for Dela Cruz, Herbert Pagar in Grade 8 - Altruism',12,'Unseen',NULL),(2270,'2019-06-03 00:55:39','','Updated grades for Fernandez, Solane Gabriel in Grade 8 - Altruism',12,'Unseen',NULL),(2271,'2019-06-03 00:55:39','','Updated grades for Dela Cruz, Herbert Pagar in Grade 8 - Altruism',12,'Unseen',NULL),(2272,'2019-06-03 00:55:39','','Updated grades for Fernandez, Solane Gabriel in Grade 8 - Altruism',12,'Unseen',NULL),(2273,'2019-06-03 00:55:40','','Updated grades for Dela Cruz, Herbert Pagar in Grade 8 - Altruism',12,'Unseen',NULL),(2274,'2019-06-03 00:55:40','','Updated grades for Fernandez, Solane Gabriel in Grade 8 - Altruism',12,'Unseen',NULL),(2275,'2019-06-03 00:55:41','','Updated grades for Dela Cruz, Herbert Pagar in Grade 8 - Altruism',12,'Unseen',NULL),(2276,'2019-06-03 00:55:42','','Updated grades for Fernandez, Solane Gabriel in Grade 8 - Altruism',12,'Unseen',NULL),(2277,'2019-06-03 00:55:42','','Updated grades for Dela Cruz, Herbert Pagar in Grade 8 - Altruism',12,'Unseen',NULL),(2278,'2019-06-03 00:55:42','','Updated grades for Fernandez, Solane Gabriel in Grade 8 - Altruism',12,'Unseen',NULL),(2279,'2019-06-03 00:55:42','','Updated grades for Dela Cruz, Herbert Pagar in Grade 8 - Altruism',12,'Unseen',NULL),(2280,'2019-06-03 00:55:43','','Updated grades for Fernandez, Solane Gabriel in Grade 8 - Altruism',12,'Unseen',NULL),(2281,'2019-06-03 00:55:51','','Updated grades for Dela Cruz, Herbert Pagar in Grade 8 - Altruism',12,'Unseen',NULL),(2282,'2019-06-03 00:55:52','','Updated grades for Fernandez, Solane Gabriel in Grade 8 - Altruism',12,'Unseen',NULL),(2283,'2019-06-03 00:55:52','','Updated grades for Dela Cruz, Herbert Pagar in Grade 8 - Altruism',12,'Unseen',NULL),(2284,'2019-06-03 00:55:52','','Updated grades for Fernandez, Solane Gabriel in Grade 8 - Altruism',12,'Unseen',NULL),(2285,'2019-06-03 00:55:52','','Updated grades for Dela Cruz, Herbert Pagar in Grade 8 - Altruism',12,'Unseen',NULL),(2286,'2019-06-03 00:55:52','','Updated grades for Fernandez, Solane Gabriel in Grade 8 - Altruism',12,'Unseen',NULL),(2287,'2019-06-03 00:55:52','','Updated grades for Dela Cruz, Herbert Pagar in Grade 8 - Altruism',12,'Unseen',NULL),(2288,'2019-06-03 00:55:52','','Updated grades for Fernandez, Solane Gabriel in Grade 8 - Altruism',12,'Unseen',NULL),(2289,'2019-06-03 00:55:52','','Updated grades for Dela Cruz, Herbert Pagar in Grade 8 - Altruism',12,'Unseen',NULL),(2290,'2019-06-03 00:55:52','','Updated grades for Fernandez, Solane Gabriel in Grade 8 - Altruism',12,'Unseen',NULL),(2291,'2019-06-03 00:55:52','','Updated grades for Dela Cruz, Herbert Pagar in Grade 8 - Altruism',12,'Unseen',NULL),(2292,'2019-06-03 00:55:53','','Updated grades for Fernandez, Solane Gabriel in Grade 8 - Altruism',12,'Unseen',NULL),(2293,'2019-06-03 00:55:53','','Updated grades for Dela Cruz, Herbert Pagar in Grade 8 - Altruism',12,'Unseen',NULL),(2294,'2019-06-03 00:55:53','','Updated grades for Fernandez, Solane Gabriel in Grade 8 - Altruism',12,'Unseen',NULL),(2295,'2019-06-03 00:55:53','','Updated grades for Dela Cruz, Herbert Pagar in Grade 8 - Altruism',12,'Unseen',NULL),(2296,'2019-06-03 00:55:53','','Updated grades for Fernandez, Solane Gabriel in Grade 8 - Altruism',12,'Unseen',NULL),(2297,'2019-06-03 00:56:01','','Updated grades for Dela Cruz, Herbert Pagar in Grade 8 - Altruism',12,'Unseen',NULL),(2298,'2019-06-03 00:56:01','','Updated grades for Fernandez, Solane Gabriel in Grade 8 - Altruism',12,'Unseen',NULL),(2299,'2019-06-03 00:56:02','','Updated grades for Dela Cruz, Herbert Pagar in Grade 8 - Altruism',12,'Unseen',NULL),(2300,'2019-06-03 00:56:02','','Updated grades for Fernandez, Solane Gabriel in Grade 8 - Altruism',12,'Unseen',NULL),(2301,'2019-06-03 00:56:02','','Updated grades for Dela Cruz, Herbert Pagar in Grade 8 - Altruism',12,'Unseen',NULL),(2302,'2019-06-03 00:56:02','','Updated grades for Fernandez, Solane Gabriel in Grade 8 - Altruism',12,'Unseen',NULL),(2303,'2019-06-03 00:56:02','','Updated grades for Dela Cruz, Herbert Pagar in Grade 8 - Altruism',12,'Unseen',NULL),(2304,'2019-06-03 00:56:02','','Updated grades for Fernandez, Solane Gabriel in Grade 8 - Altruism',12,'Unseen',NULL),(2305,'2019-06-03 00:56:02','','Updated grades for Dela Cruz, Herbert Pagar in Grade 8 - Altruism',12,'Unseen',NULL),(2306,'2019-06-03 00:56:02','','Updated grades for Fernandez, Solane Gabriel in Grade 8 - Altruism',12,'Unseen',NULL),(2307,'2019-06-03 00:56:02','','Updated grades for Dela Cruz, Herbert Pagar in Grade 8 - Altruism',12,'Unseen',NULL),(2308,'2019-06-03 00:56:02','','Updated grades for Fernandez, Solane Gabriel in Grade 8 - Altruism',12,'Unseen',NULL),(2309,'2019-06-03 00:56:02','','Updated grades for Dela Cruz, Herbert Pagar in Grade 8 - Altruism',12,'Unseen',NULL),(2310,'2019-06-03 00:56:02','','Updated grades for Fernandez, Solane Gabriel in Grade 8 - Altruism',12,'Unseen',NULL),(2311,'2019-06-03 00:56:03','','Updated grades for Dela Cruz, Herbert Pagar in Grade 8 - Altruism',12,'Unseen',NULL),(2312,'2019-06-03 00:56:03','','Updated grades for Fernandez, Solane Gabriel in Grade 8 - Altruism',12,'Unseen',NULL),(2313,'2019-06-03 00:56:14','','Updated grades for Dela Cruz, Herbert Pagar in Grade 8 - Altruism',12,'Unseen',NULL),(2314,'2019-06-03 00:56:14','','Updated grades for Fernandez, Solane Gabriel in Grade 8 - Altruism',12,'Unseen',NULL),(2315,'2019-06-03 00:56:14','','Updated grades for Dela Cruz, Herbert Pagar in Grade 8 - Altruism',12,'Unseen',NULL),(2316,'2019-06-03 00:56:14','','Updated grades for Fernandez, Solane Gabriel in Grade 8 - Altruism',12,'Unseen',NULL),(2317,'2019-06-03 00:56:14','','Updated grades for Dela Cruz, Herbert Pagar in Grade 8 - Altruism',12,'Unseen',NULL),(2318,'2019-06-03 00:56:14','','Updated grades for Fernandez, Solane Gabriel in Grade 8 - Altruism',12,'Unseen',NULL),(2319,'2019-06-03 00:56:15','','Updated grades for Dela Cruz, Herbert Pagar in Grade 8 - Altruism',12,'Unseen',NULL),(2320,'2019-06-03 00:56:15','','Updated grades for Fernandez, Solane Gabriel in Grade 8 - Altruism',12,'Unseen',NULL),(2321,'2019-06-03 00:56:15','','Updated grades for Dela Cruz, Herbert Pagar in Grade 8 - Altruism',12,'Unseen',NULL),(2322,'2019-06-03 00:56:15','','Updated grades for Fernandez, Solane Gabriel in Grade 8 - Altruism',12,'Unseen',NULL),(2323,'2019-06-03 00:56:15','','Updated grades for Dela Cruz, Herbert Pagar in Grade 8 - Altruism',12,'Unseen',NULL),(2324,'2019-06-03 00:56:15','','Updated grades for Fernandez, Solane Gabriel in Grade 8 - Altruism',12,'Unseen',NULL),(2325,'2019-06-03 00:56:15','','Updated grades for Dela Cruz, Herbert Pagar in Grade 8 - Altruism',12,'Unseen',NULL),(2326,'2019-06-03 00:56:15','','Updated grades for Fernandez, Solane Gabriel in Grade 8 - Altruism',12,'Unseen',NULL),(2327,'2019-06-03 00:56:15','','Updated grades for Dela Cruz, Herbert Pagar in Grade 8 - Altruism',12,'Unseen',NULL),(2328,'2019-06-03 00:56:16','','Updated grades for Fernandez, Solane Gabriel in Grade 8 - Altruism',12,'Unseen',NULL),(2329,'2019-06-03 01:50:07','Insert','Inserted students who are absent on 2019-06-03',12,'Unseen',NULL),(2330,'2019-06-03 01:50:56','Insert','Inserted students who are absent on 2019-06-03',129,'Unseen',NULL),(2331,'2019-06-03 01:54:10','','Updated grades for Dela Cruz, Herbert Pagar in Grade 8 - Altruism',12,'Unseen',NULL),(2332,'2019-06-03 01:54:10','','Updated grades for Fernandez, Solane Gabriel in Grade 8 - Altruism',12,'Unseen',NULL),(2333,'2019-06-03 01:54:11','','Updated grades for Dela Cruz, Herbert Pagar in Grade 8 - Altruism',12,'Unseen',NULL),(2334,'2019-06-03 01:54:11','','Updated grades for Fernandez, Solane Gabriel in Grade 8 - Altruism',12,'Unseen',NULL),(2335,'2019-06-03 01:54:11','','Updated grades for Dela Cruz, Herbert Pagar in Grade 8 - Altruism',12,'Unseen',NULL),(2336,'2019-06-03 01:54:12','','Updated grades for Fernandez, Solane Gabriel in Grade 8 - Altruism',12,'Unseen',NULL),(2337,'2019-06-03 01:54:12','','Updated grades for Dela Cruz, Herbert Pagar in Grade 8 - Altruism',12,'Unseen',NULL),(2338,'2019-06-03 01:54:12','','Updated grades for Fernandez, Solane Gabriel in Grade 8 - Altruism',12,'Unseen',NULL),(2339,'2019-06-03 01:54:12','','Updated grades for Dela Cruz, Herbert Pagar in Grade 8 - Altruism',12,'Unseen',NULL),(2340,'2019-06-03 01:54:12','','Updated grades for Fernandez, Solane Gabriel in Grade 8 - Altruism',12,'Unseen',NULL),(2341,'2019-06-03 01:54:13','','Updated grades for Dela Cruz, Herbert Pagar in Grade 8 - Altruism',12,'Unseen',NULL),(2342,'2019-06-03 01:54:13','','Updated grades for Fernandez, Solane Gabriel in Grade 8 - Altruism',12,'Unseen',NULL),(2343,'2019-06-03 01:54:13','','Updated grades for Dela Cruz, Herbert Pagar in Grade 8 - Altruism',12,'Unseen',NULL),(2344,'2019-06-03 01:54:13','','Updated grades for Fernandez, Solane Gabriel in Grade 8 - Altruism',12,'Unseen',NULL),(2345,'2019-06-03 01:54:13','','Updated grades for Dela Cruz, Herbert Pagar in Grade 8 - Altruism',12,'Unseen',NULL),(2346,'2019-06-03 01:54:13','','Updated grades for Fernandez, Solane Gabriel in Grade 8 - Altruism',12,'Unseen',NULL),(2347,'2019-06-03 02:01:11','','Updated grades for Dela Cruz, Herbert Pagar in Grade 8 - Altruism',12,'Unseen',NULL),(2348,'2019-06-03 02:01:11','','Updated grades for Fernandez, Solane Gabriel in Grade 8 - Altruism',12,'Unseen',NULL),(2349,'2019-06-03 02:01:11','','Updated grades for Dela Cruz, Herbert Pagar in Grade 8 - Altruism',12,'Unseen',NULL),(2350,'2019-06-03 02:01:11','','Updated grades for Fernandez, Solane Gabriel in Grade 8 - Altruism',12,'Unseen',NULL),(2351,'2019-06-03 02:01:11','','Updated grades for Dela Cruz, Herbert Pagar in Grade 8 - Altruism',12,'Unseen',NULL),(2352,'2019-06-03 02:01:11','','Updated grades for Fernandez, Solane Gabriel in Grade 8 - Altruism',12,'Unseen',NULL),(2353,'2019-06-03 02:01:11','','Updated grades for Dela Cruz, Herbert Pagar in Grade 8 - Altruism',12,'Unseen',NULL),(2354,'2019-06-03 02:01:11','','Updated grades for Fernandez, Solane Gabriel in Grade 8 - Altruism',12,'Unseen',NULL),(2355,'2019-06-03 02:01:11','','Updated grades for Dela Cruz, Herbert Pagar in Grade 8 - Altruism',12,'Unseen',NULL),(2356,'2019-06-03 02:01:12','','Updated grades for Fernandez, Solane Gabriel in Grade 8 - Altruism',12,'Unseen',NULL),(2357,'2019-06-03 02:01:12','','Updated grades for Dela Cruz, Herbert Pagar in Grade 8 - Altruism',12,'Unseen',NULL),(2358,'2019-06-03 02:01:12','','Updated grades for Fernandez, Solane Gabriel in Grade 8 - Altruism',12,'Unseen',NULL),(2359,'2019-06-03 02:01:12','','Updated grades for Dela Cruz, Herbert Pagar in Grade 8 - Altruism',12,'Unseen',NULL),(2360,'2019-06-03 02:01:12','','Updated grades for Fernandez, Solane Gabriel in Grade 8 - Altruism',12,'Unseen',NULL),(2361,'2019-06-03 02:01:12','','Updated grades for Dela Cruz, Herbert Pagar in Grade 8 - Altruism',12,'Unseen',NULL),(2362,'2019-06-03 02:01:12','','Updated grades for Fernandez, Solane Gabriel in Grade 8 - Altruism',12,'Unseen',NULL),(2363,'2019-06-03 02:01:19','','Updated grades for Dela Cruz, Herbert Pagar in Grade 8 - Altruism',12,'Unseen',NULL),(2364,'2019-06-03 02:01:19','','Updated grades for Fernandez, Solane Gabriel in Grade 8 - Altruism',12,'Unseen',NULL),(2365,'2019-06-03 02:01:19','','Updated grades for Dela Cruz, Herbert Pagar in Grade 8 - Altruism',12,'Unseen',NULL),(2366,'2019-06-03 02:01:19','','Updated grades for Fernandez, Solane Gabriel in Grade 8 - Altruism',12,'Unseen',NULL),(2367,'2019-06-03 02:01:19','','Updated grades for Dela Cruz, Herbert Pagar in Grade 8 - Altruism',12,'Unseen',NULL),(2368,'2019-06-03 02:01:19','','Updated grades for Fernandez, Solane Gabriel in Grade 8 - Altruism',12,'Unseen',NULL),(2369,'2019-06-03 02:01:20','','Updated grades for Dela Cruz, Herbert Pagar in Grade 8 - Altruism',12,'Unseen',NULL),(2370,'2019-06-03 02:01:20','','Updated grades for Fernandez, Solane Gabriel in Grade 8 - Altruism',12,'Unseen',NULL),(2371,'2019-06-03 02:01:20','','Updated grades for Dela Cruz, Herbert Pagar in Grade 8 - Altruism',12,'Unseen',NULL),(2372,'2019-06-03 02:01:20','','Updated grades for Fernandez, Solane Gabriel in Grade 8 - Altruism',12,'Unseen',NULL),(2373,'2019-06-03 02:01:20','','Updated grades for Dela Cruz, Herbert Pagar in Grade 8 - Altruism',12,'Unseen',NULL),(2374,'2019-06-03 02:01:20','','Updated grades for Fernandez, Solane Gabriel in Grade 8 - Altruism',12,'Unseen',NULL),(2375,'2019-06-03 02:01:20','','Updated grades for Dela Cruz, Herbert Pagar in Grade 8 - Altruism',12,'Unseen',NULL),(2376,'2019-06-03 02:01:20','','Updated grades for Fernandez, Solane Gabriel in Grade 8 - Altruism',12,'Unseen',NULL),(2377,'2019-06-03 02:01:20','','Updated grades for Dela Cruz, Herbert Pagar in Grade 8 - Altruism',12,'Unseen',NULL),(2378,'2019-06-03 02:01:21','','Updated grades for Fernandez, Solane Gabriel in Grade 8 - Altruism',12,'Unseen',NULL),(2379,'2019-06-03 02:01:30','','Updated grades for Dela Cruz, Herbert Pagar in Grade 8 - Altruism',12,'Unseen',NULL),(2380,'2019-06-03 02:01:30','','Updated grades for Fernandez, Solane Gabriel in Grade 8 - Altruism',12,'Unseen',NULL),(2381,'2019-06-03 02:01:30','','Updated grades for Dela Cruz, Herbert Pagar in Grade 8 - Altruism',12,'Unseen',NULL),(2382,'2019-06-03 02:01:30','','Updated grades for Fernandez, Solane Gabriel in Grade 8 - Altruism',12,'Unseen',NULL),(2383,'2019-06-03 02:01:30','','Updated grades for Dela Cruz, Herbert Pagar in Grade 8 - Altruism',12,'Unseen',NULL),(2384,'2019-06-03 02:01:30','','Updated grades for Fernandez, Solane Gabriel in Grade 8 - Altruism',12,'Unseen',NULL),(2385,'2019-06-03 02:01:30','','Updated grades for Dela Cruz, Herbert Pagar in Grade 8 - Altruism',12,'Unseen',NULL),(2386,'2019-06-03 02:01:30','','Updated grades for Fernandez, Solane Gabriel in Grade 8 - Altruism',12,'Unseen',NULL),(2387,'2019-06-03 02:01:30','','Updated grades for Dela Cruz, Herbert Pagar in Grade 8 - Altruism',12,'Unseen',NULL),(2388,'2019-06-03 02:01:30','','Updated grades for Fernandez, Solane Gabriel in Grade 8 - Altruism',12,'Unseen',NULL),(2389,'2019-06-03 02:01:30','','Updated grades for Dela Cruz, Herbert Pagar in Grade 8 - Altruism',12,'Unseen',NULL),(2390,'2019-06-03 02:01:30','','Updated grades for Fernandez, Solane Gabriel in Grade 8 - Altruism',12,'Unseen',NULL),(2391,'2019-06-03 02:01:30','','Updated grades for Dela Cruz, Herbert Pagar in Grade 8 - Altruism',12,'Unseen',NULL),(2392,'2019-06-03 02:01:31','','Updated grades for Fernandez, Solane Gabriel in Grade 8 - Altruism',12,'Unseen',NULL),(2393,'2019-06-03 02:01:31','','Updated grades for Dela Cruz, Herbert Pagar in Grade 8 - Altruism',12,'Unseen',NULL),(2394,'2019-06-03 02:01:31','','Updated grades for Fernandez, Solane Gabriel in Grade 8 - Altruism',12,'Unseen',NULL),(2395,'2019-06-02 16:00:00','Insert','Added payment for John Mark Dela Cruz',5,'Unseen',NULL),(2396,'2019-06-03 02:37:13','','Updated grades for Rapisura, Hazel Gamboa in Grade 9 - Excellence',13,'Unseen',NULL),(2397,'2019-06-03 02:37:13','','Updated grades for Rapisura, Hazel Gamboa in Grade 9 - Excellence',13,'Unseen',NULL),(2398,'2019-06-03 02:37:13','','Updated grades for Rapisura, Hazel Gamboa in Grade 9 - Excellence',13,'Unseen',NULL),(2399,'2019-06-03 02:37:13','','Updated grades for Rapisura, Hazel Gamboa in Grade 9 - Excellence',13,'Unseen',NULL),(2400,'2019-06-03 02:37:28','','Updated grades for Rapisura, Hazel Gamboa in Grade 9 - Excellence',13,'Unseen',NULL),(2401,'2019-06-03 02:37:28','','Updated grades for Rapisura, Hazel Gamboa in Grade 9 - Excellence',13,'Unseen',NULL),(2402,'2019-06-03 02:37:28','','Updated grades for Rapisura, Hazel Gamboa in Grade 9 - Excellence',13,'Unseen',NULL),(2403,'2019-06-03 02:37:28','','Updated grades for Rapisura, Hazel Gamboa in Grade 9 - Excellence',13,'Unseen',NULL),(2404,'2019-06-03 02:37:47','','Updated grades for Rapisura, Hazel Gamboa in Grade 9 - Excellence',13,'Unseen',NULL),(2405,'2019-06-03 02:37:47','','Updated grades for Rapisura, Hazel Gamboa in Grade 9 - Excellence',13,'Unseen',NULL),(2406,'2019-06-03 02:37:47','','Updated grades for Rapisura, Hazel Gamboa in Grade 9 - Excellence',13,'Unseen',NULL),(2407,'2019-06-03 02:37:47','','Updated grades for Rapisura, Hazel Gamboa in Grade 9 - Excellence',13,'Unseen',NULL),(2408,'2019-06-03 02:38:13','','Updated grades for Dela Cruz, Herbert Pagar in Grade 8 - Altruism',13,'Unseen',NULL),(2409,'2019-06-03 02:38:13','','Updated grades for Fernandez, Solane Gabriel in Grade 8 - Altruism',13,'Unseen',NULL),(2410,'2019-06-03 02:38:13','','Updated grades for Dela Cruz, Herbert Pagar in Grade 8 - Altruism',13,'Unseen',NULL),(2411,'2019-06-03 02:38:13','','Updated grades for Fernandez, Solane Gabriel in Grade 8 - Altruism',13,'Unseen',NULL),(2412,'2019-06-03 02:38:13','','Updated grades for Dela Cruz, Herbert Pagar in Grade 8 - Altruism',13,'Unseen',NULL),(2413,'2019-06-03 02:38:13','','Updated grades for Fernandez, Solane Gabriel in Grade 8 - Altruism',13,'Unseen',NULL),(2414,'2019-06-03 02:38:13','','Updated grades for Dela Cruz, Herbert Pagar in Grade 8 - Altruism',13,'Unseen',NULL),(2415,'2019-06-03 02:38:13','','Updated grades for Fernandez, Solane Gabriel in Grade 8 - Altruism',13,'Unseen',NULL),(2416,'2019-06-03 02:38:13','','Updated grades for Dela Cruz, Herbert Pagar in Grade 8 - Altruism',13,'Unseen',NULL),(2417,'2019-06-03 02:38:13','','Updated grades for Fernandez, Solane Gabriel in Grade 8 - Altruism',13,'Unseen',NULL),(2418,'2019-06-03 02:38:13','','Updated grades for Dela Cruz, Herbert Pagar in Grade 8 - Altruism',13,'Unseen',NULL),(2419,'2019-06-03 02:38:14','','Updated grades for Fernandez, Solane Gabriel in Grade 8 - Altruism',13,'Unseen',NULL),(2420,'2019-06-03 02:38:14','','Updated grades for Dela Cruz, Herbert Pagar in Grade 8 - Altruism',13,'Unseen',NULL),(2421,'2019-06-03 02:38:14','','Updated grades for Fernandez, Solane Gabriel in Grade 8 - Altruism',13,'Unseen',NULL),(2422,'2019-06-03 02:38:14','','Updated grades for Dela Cruz, Herbert Pagar in Grade 8 - Altruism',13,'Unseen',NULL),(2423,'2019-06-03 02:38:14','','Updated grades for Fernandez, Solane Gabriel in Grade 8 - Altruism',13,'Unseen',NULL),(2424,'2019-06-03 02:38:42','','Updated grades for ASD, ASDD ASD in Grade 8 - Freedom',13,'Unseen',NULL),(2425,'2019-06-03 02:38:42','','Updated grades for Dela Cruz, John Mark Pagar in Grade 8 - Freedom',13,'Unseen',NULL),(2426,'2019-06-03 02:38:43','Insert','Inserted grades for ASD, ASDD ASD in Grade 8 - Freedom',13,'Unseen',NULL),(2427,'2019-06-03 02:38:43','Insert','Inserted grades for Dela Cruz, John Mark Pagar in Grade 8 - Freedom',13,'Unseen',NULL),(2428,'2019-06-03 02:38:43','','Updated grades for ASD, ASDD ASD in Grade 8 - Freedom',13,'Unseen',NULL),(2429,'2019-06-03 02:38:43','','Updated grades for Dela Cruz, John Mark Pagar in Grade 8 - Freedom',13,'Unseen',NULL),(2430,'2019-06-03 02:38:43','Insert','Inserted grades for ASD, ASDD ASD in Grade 8 - Freedom',13,'Unseen',NULL),(2431,'2019-06-03 02:38:43','Insert','Inserted grades for Dela Cruz, John Mark Pagar in Grade 8 - Freedom',13,'Unseen',NULL),(2432,'2019-06-03 02:38:43','','Updated grades for ASD, ASDD ASD in Grade 8 - Freedom',13,'Unseen',NULL),(2433,'2019-06-03 02:38:43','','Updated grades for Dela Cruz, John Mark Pagar in Grade 8 - Freedom',13,'Unseen',NULL),(2434,'2019-06-03 02:38:43','Insert','Inserted grades for ASD, ASDD ASD in Grade 8 - Freedom',13,'Unseen',NULL),(2435,'2019-06-03 02:38:43','Insert','Inserted grades for Dela Cruz, John Mark Pagar in Grade 8 - Freedom',13,'Unseen',NULL),(2436,'2019-06-03 02:38:43','','Updated grades for ASD, ASDD ASD in Grade 8 - Freedom',13,'Unseen',NULL),(2437,'2019-06-03 02:38:43','','Updated grades for Dela Cruz, John Mark Pagar in Grade 8 - Freedom',13,'Unseen',NULL),(2438,'2019-06-03 02:38:43','Insert','Inserted grades for ASD, ASDD ASD in Grade 8 - Freedom',13,'Unseen',NULL),(2439,'2019-06-03 02:38:44','Insert','Inserted grades for Dela Cruz, John Mark Pagar in Grade 8 - Freedom',13,'Unseen',NULL),(2440,'2019-06-03 02:38:53','','Updated grades for ASD, ASDD ASD in Grade 8 - Freedom',13,'Unseen',NULL),(2441,'2019-06-03 02:38:53','','Updated grades for Dela Cruz, John Mark Pagar in Grade 8 - Freedom',13,'Unseen',NULL),(2442,'2019-06-03 02:38:53','Insert','Inserted grades for ASD, ASDD ASD in Grade 8 - Freedom',13,'Unseen',NULL),(2443,'2019-06-03 02:38:53','Insert','Inserted grades for Dela Cruz, John Mark Pagar in Grade 8 - Freedom',13,'Unseen',NULL),(2444,'2019-06-03 02:38:54','','Updated grades for ASD, ASDD ASD in Grade 8 - Freedom',13,'Unseen',NULL),(2445,'2019-06-03 02:38:54','','Updated grades for Dela Cruz, John Mark Pagar in Grade 8 - Freedom',13,'Unseen',NULL),(2446,'2019-06-03 02:38:54','Insert','Inserted grades for ASD, ASDD ASD in Grade 8 - Freedom',13,'Unseen',NULL),(2447,'2019-06-03 02:38:54','Insert','Inserted grades for Dela Cruz, John Mark Pagar in Grade 8 - Freedom',13,'Unseen',NULL),(2448,'2019-06-03 02:38:54','','Updated grades for ASD, ASDD ASD in Grade 8 - Freedom',13,'Unseen',NULL),(2449,'2019-06-03 02:38:54','','Updated grades for Dela Cruz, John Mark Pagar in Grade 8 - Freedom',13,'Unseen',NULL),(2450,'2019-06-03 02:38:54','Insert','Inserted grades for ASD, ASDD ASD in Grade 8 - Freedom',13,'Unseen',NULL),(2451,'2019-06-03 02:38:54','Insert','Inserted grades for Dela Cruz, John Mark Pagar in Grade 8 - Freedom',13,'Unseen',NULL),(2452,'2019-06-03 02:38:54','','Updated grades for ASD, ASDD ASD in Grade 8 - Freedom',13,'Unseen',NULL),(2453,'2019-06-03 02:38:54','','Updated grades for Dela Cruz, John Mark Pagar in Grade 8 - Freedom',13,'Unseen',NULL),(2454,'2019-06-03 02:38:54','Insert','Inserted grades for ASD, ASDD ASD in Grade 8 - Freedom',13,'Unseen',NULL),(2455,'2019-06-03 02:38:55','Insert','Inserted grades for Dela Cruz, John Mark Pagar in Grade 8 - Freedom',13,'Unseen',NULL),(2456,'2019-06-03 02:39:06','','Updated grades for ASD, ASDD ASD in Grade 8 - Freedom',13,'Unseen',NULL),(2457,'2019-06-03 02:39:07','','Updated grades for Dela Cruz, John Mark Pagar in Grade 8 - Freedom',13,'Unseen',NULL),(2458,'2019-06-03 02:39:07','Insert','Inserted grades for ASD, ASDD ASD in Grade 8 - Freedom',13,'Unseen',NULL),(2459,'2019-06-03 02:39:07','Insert','Inserted grades for Dela Cruz, John Mark Pagar in Grade 8 - Freedom',13,'Unseen',NULL),(2460,'2019-06-03 02:39:07','','Updated grades for ASD, ASDD ASD in Grade 8 - Freedom',13,'Unseen',NULL),(2461,'2019-06-03 02:39:07','','Updated grades for Dela Cruz, John Mark Pagar in Grade 8 - Freedom',13,'Unseen',NULL),(2462,'2019-06-03 02:39:08','Insert','Inserted grades for ASD, ASDD ASD in Grade 8 - Freedom',13,'Unseen',NULL),(2463,'2019-06-03 02:39:08','Insert','Inserted grades for Dela Cruz, John Mark Pagar in Grade 8 - Freedom',13,'Unseen',NULL),(2464,'2019-06-03 02:39:08','','Updated grades for ASD, ASDD ASD in Grade 8 - Freedom',13,'Unseen',NULL),(2465,'2019-06-03 02:39:08','','Updated grades for Dela Cruz, John Mark Pagar in Grade 8 - Freedom',13,'Unseen',NULL),(2466,'2019-06-03 02:39:08','Insert','Inserted grades for ASD, ASDD ASD in Grade 8 - Freedom',13,'Unseen',NULL),(2467,'2019-06-03 02:39:08','Insert','Inserted grades for Dela Cruz, John Mark Pagar in Grade 8 - Freedom',13,'Unseen',NULL),(2468,'2019-06-03 02:39:08','','Updated grades for ASD, ASDD ASD in Grade 8 - Freedom',13,'Unseen',NULL),(2469,'2019-06-03 02:39:08','','Updated grades for Dela Cruz, John Mark Pagar in Grade 8 - Freedom',13,'Unseen',NULL),(2470,'2019-06-03 02:39:08','Insert','Inserted grades for ASD, ASDD ASD in Grade 8 - Freedom',13,'Unseen',NULL),(2471,'2019-06-03 02:39:08','Insert','Inserted grades for Dela Cruz, John Mark Pagar in Grade 8 - Freedom',13,'Unseen',NULL),(2472,'2019-06-03 02:39:23','','Updated grades for ASD, ASDD ASD in Grade 8 - Freedom',13,'Unseen',NULL),(2473,'2019-06-03 02:39:24','','Updated grades for Dela Cruz, John Mark Pagar in Grade 8 - Freedom',13,'Unseen',NULL),(2474,'2019-06-03 02:39:24','Insert','Inserted grades for ASD, ASDD ASD in Grade 8 - Freedom',13,'Unseen',NULL),(2475,'2019-06-03 02:39:24','Insert','Inserted grades for Dela Cruz, John Mark Pagar in Grade 8 - Freedom',13,'Unseen',NULL),(2476,'2019-06-03 02:39:24','','Updated grades for ASD, ASDD ASD in Grade 8 - Freedom',13,'Unseen',NULL),(2477,'2019-06-03 02:39:25','','Updated grades for Dela Cruz, John Mark Pagar in Grade 8 - Freedom',13,'Unseen',NULL),(2478,'2019-06-03 02:39:25','Insert','Inserted grades for ASD, ASDD ASD in Grade 8 - Freedom',13,'Unseen',NULL),(2479,'2019-06-03 02:39:25','Insert','Inserted grades for Dela Cruz, John Mark Pagar in Grade 8 - Freedom',13,'Unseen',NULL),(2480,'2019-06-03 02:39:25','','Updated grades for ASD, ASDD ASD in Grade 8 - Freedom',13,'Unseen',NULL),(2481,'2019-06-03 02:39:25','','Updated grades for Dela Cruz, John Mark Pagar in Grade 8 - Freedom',13,'Unseen',NULL),(2482,'2019-06-03 02:39:25','Insert','Inserted grades for ASD, ASDD ASD in Grade 8 - Freedom',13,'Unseen',NULL),(2483,'2019-06-03 02:39:25','Insert','Inserted grades for Dela Cruz, John Mark Pagar in Grade 8 - Freedom',13,'Unseen',NULL),(2484,'2019-06-03 02:39:25','','Updated grades for ASD, ASDD ASD in Grade 8 - Freedom',13,'Unseen',NULL),(2485,'2019-06-03 02:39:25','','Updated grades for Dela Cruz, John Mark Pagar in Grade 8 - Freedom',13,'Unseen',NULL),(2486,'2019-06-03 02:39:25','Insert','Inserted grades for ASD, ASDD ASD in Grade 8 - Freedom',13,'Unseen',NULL),(2487,'2019-06-03 02:39:25','Insert','Inserted grades for Dela Cruz, John Mark Pagar in Grade 8 - Freedom',13,'Unseen',NULL),(2488,'2019-06-03 09:14:41','Insert','Successfully added the Curriculum: SampleCurriculum',1,'Unseen',NULL),(2489,'2019-06-03 09:18:58','Insert','Successfully added the Curriculum: SampTwoCurriculum',1,'Unseen',NULL),(2490,'2019-06-03 09:41:04','Insert','Successfully added the Curriculum: s',1,'Unseen',NULL),(2491,'2019-06-03 11:55:17','Insert','Successfully added the Curriculum: SampleCurriculum',1,'Unseen',NULL),(2492,'2019-06-03 12:11:06','Insert','Successfully added the Curriculum: ',1,'Unseen',NULL),(2493,'2019-06-03 13:05:37','Insert','Successfully added the Curriculum: SampTwoCurriculum',1,'Unseen',NULL),(2494,'2019-06-03 13:15:20','Insert','Successfully added the Curriculum: SampTwoCurriculum',1,'Unseen',NULL),(2495,'2019-06-03 13:17:22','Insert','Successfully added the Curriculum: SampTwoCurriculum',1,'Unseen',NULL),(2496,'2019-06-03 13:20:42','Insert','Successfully added the Curriculum: SampTwoCurriculum',1,'Unseen',NULL),(2497,'2019-06-03 13:20:43','Insert','Successfully added the Curriculum: s',1,'Unseen',NULL),(2498,'2019-06-02 16:00:00','Insert','Added payment for Herbert Dela Cruz',5,'Unseen',NULL),(2499,'2019-06-03 07:49:22','','Updated grades for ASD, ASDD ASD in Grade 8 - Freedom',130,'Unseen',NULL),(2500,'2019-06-03 07:49:22','','Updated grades for Dela Cruz, John Mark Pagar in Grade 8 - Freedom',130,'Unseen',NULL),(2501,'2019-06-03 07:49:22','Insert','Inserted grades for ASD, ASDD ASD in Grade 8 - Freedom',130,'Unseen',NULL),(2502,'2019-06-03 07:49:23','Insert','Inserted grades for Dela Cruz, John Mark Pagar in Grade 8 - Freedom',130,'Unseen',NULL),(2503,'2019-06-03 07:49:23','','Updated grades for ASD, ASDD ASD in Grade 8 - Freedom',130,'Unseen',NULL),(2504,'2019-06-03 07:49:23','','Updated grades for Dela Cruz, John Mark Pagar in Grade 8 - Freedom',130,'Unseen',NULL),(2505,'2019-06-03 07:49:23','Insert','Inserted grades for ASD, ASDD ASD in Grade 8 - Freedom',130,'Unseen',NULL),(2506,'2019-06-03 07:49:23','Insert','Inserted grades for Dela Cruz, John Mark Pagar in Grade 8 - Freedom',130,'Unseen',NULL),(2507,'2019-06-03 07:49:23','','Updated grades for ASD, ASDD ASD in Grade 8 - Freedom',130,'Unseen',NULL),(2508,'2019-06-03 07:49:23','','Updated grades for Dela Cruz, John Mark Pagar in Grade 8 - Freedom',130,'Unseen',NULL),(2509,'2019-06-03 07:49:23','Insert','Inserted grades for ASD, ASDD ASD in Grade 8 - Freedom',130,'Unseen',NULL),(2510,'2019-06-03 07:49:24','Insert','Inserted grades for Dela Cruz, John Mark Pagar in Grade 8 - Freedom',130,'Unseen',NULL),(2511,'2019-06-03 07:49:24','','Updated grades for ASD, ASDD ASD in Grade 8 - Freedom',130,'Unseen',NULL),(2512,'2019-06-03 07:49:24','','Updated grades for Dela Cruz, John Mark Pagar in Grade 8 - Freedom',130,'Unseen',NULL),(2513,'2019-06-03 07:49:24','Insert','Inserted grades for ASD, ASDD ASD in Grade 8 - Freedom',130,'Unseen',NULL),(2514,'2019-06-03 07:49:24','Insert','Inserted grades for Dela Cruz, John Mark Pagar in Grade 8 - Freedom',130,'Unseen',NULL),(2515,'2019-06-03 07:49:56','','Updated grades for ASD, ASDD ASD in Grade 8 - Freedom',130,'Unseen',NULL),(2516,'2019-06-03 07:49:56','','Updated grades for Dela Cruz, John Mark Pagar in Grade 8 - Freedom',130,'Unseen',NULL),(2517,'2019-06-03 07:49:56','','Updated grades for ASD, ASDD ASD in Grade 8 - Freedom',130,'Unseen',NULL),(2518,'2019-06-03 07:49:56','','Updated grades for Dela Cruz, John Mark Pagar in Grade 8 - Freedom',130,'Unseen',NULL),(2519,'2019-06-03 07:49:57','','Updated grades for ASD, ASDD ASD in Grade 8 - Freedom',130,'Unseen',NULL),(2520,'2019-06-03 07:49:57','','Updated grades for Dela Cruz, John Mark Pagar in Grade 8 - Freedom',130,'Unseen',NULL),(2521,'2019-06-03 07:49:57','','Updated grades for ASD, ASDD ASD in Grade 8 - Freedom',130,'Unseen',NULL),(2522,'2019-06-03 07:49:57','','Updated grades for Dela Cruz, John Mark Pagar in Grade 8 - Freedom',130,'Unseen',NULL),(2523,'2019-06-03 07:49:57','','Updated grades for ASD, ASDD ASD in Grade 8 - Freedom',130,'Unseen',NULL),(2524,'2019-06-03 07:49:57','','Updated grades for Dela Cruz, John Mark Pagar in Grade 8 - Freedom',130,'Unseen',NULL),(2525,'2019-06-03 07:49:57','','Updated grades for ASD, ASDD ASD in Grade 8 - Freedom',130,'Unseen',NULL),(2526,'2019-06-03 07:49:58','','Updated grades for Dela Cruz, John Mark Pagar in Grade 8 - Freedom',130,'Unseen',NULL),(2527,'2019-06-03 07:49:58','','Updated grades for ASD, ASDD ASD in Grade 8 - Freedom',130,'Unseen',NULL),(2528,'2019-06-03 07:49:58','','Updated grades for Dela Cruz, John Mark Pagar in Grade 8 - Freedom',130,'Unseen',NULL),(2529,'2019-06-03 07:49:58','','Updated grades for ASD, ASDD ASD in Grade 8 - Freedom',130,'Unseen',NULL),(2530,'2019-06-03 07:49:58','','Updated grades for Dela Cruz, John Mark Pagar in Grade 8 - Freedom',130,'Unseen',NULL),(2531,'2019-06-02 16:00:00','Insert','Added payment for Herbert Dela Cruz',5,'Unseen',NULL),(2532,'2019-06-02 16:00:00','Insert','Added payment for Herbert Dela Cruz',5,'Unseen',NULL),(2533,'2019-06-03 16:22:37','','Add Section Grade 10 - s',1,'Unseen',NULL),(2534,'2019-06-03 16:35:08','Update','Update Fee Type NabagoName with amount of 200',1,'Unseen',NULL),(2535,'2019-06-03 16:40:33','Update','Update Section Grade 10 - napalitanname',1,'Unseen',NULL),(2536,'2019-06-03 16:43:55','Update','Update Section Grade 10 - changedname',1,'Unseen',NULL),(2537,'2019-06-03 16:51:26','Update','Update Section Grade 7 - changedsectionnameand gradeleveltonine',1,'Unseen',NULL),(2538,'2019-06-03 16:54:27','Update','Update Section Grade 7 - csv',1,'Unseen',NULL),(2539,'2019-06-03 17:01:36','Update','Update Section Grade 7 - sp',1,'Unseen',NULL),(2540,'2019-06-03 17:06:30','Update','Update Section Grade 7 - vp',1,'Unseen',NULL),(2541,'2019-06-03 17:08:43','Update','Update Section Grade 7 - mark',1,'Unseen',NULL),(2542,'2019-06-03 17:09:27','Update','Update Section Grade 7 - meme',1,'Unseen',NULL),(2543,'2019-06-03 17:11:21','Update','Update Section Grade 9 - changednameandlevel',1,'Unseen',NULL),(2544,'2019-06-03 17:13:26','Update','Update Section Grade 10 - napalitanlevelandname',1,'Unseen',NULL),(2545,'2019-06-03 17:16:00','Update','Update Section Grade 8 - cnl',1,'Unseen',NULL),(2546,'2019-06-03 17:17:10','Update','Update Section Grade 8 - chnage',1,'Unseen',NULL),(2547,'2019-06-03 17:18:54','Update','Update Section Grade 10 - levelandnamechanged',1,'Unseen',NULL),(2548,'2019-06-03 17:52:39','Delete','Delete Section levelandnamechanged',1,'Unseen',NULL),(2549,'2019-06-03 17:53:52','Delete','Delete Section levelandnamechanged',1,'Unseen',NULL),(2550,'2019-06-03 17:58:43','Delete','Delete Section levelandnamechanged',1,'Unseen',NULL),(2551,'2019-06-03 12:14:31','','Updated grades for Rapisura, Hazel Gamboa in Grade 9 - Dignity',12,'Unseen',NULL),(2552,'2019-06-03 12:14:32','','Updated grades for Rapisura, Hazel Gamboa in Grade 9 - Dignity',12,'Unseen',NULL),(2553,'2019-06-03 12:14:32','','Updated grades for Rapisura, Hazel Gamboa in Grade 9 - Dignity',12,'Unseen',NULL),(2554,'2019-06-03 12:14:32','','Updated grades for Rapisura, Hazel Gamboa in Grade 9 - Dignity',12,'Unseen',NULL),(2555,'2019-06-03 12:15:24','','Updated grades for Rapisura, Hazel Gamboa in Grade 9 - Dignity',13,'Unseen',NULL),(2556,'2019-06-03 12:15:24','','Updated grades for Rapisura, Hazel Gamboa in Grade 9 - Dignity',13,'Unseen',NULL),(2557,'2019-06-03 12:15:24','','Updated grades for Rapisura, Hazel Gamboa in Grade 9 - Dignity',13,'Unseen',NULL),(2558,'2019-06-03 12:15:24','','Updated grades for Rapisura, Hazel Gamboa in Grade 9 - Dignity',13,'Unseen',NULL),(2559,'2019-06-03 12:16:34','','Updated grades for Rapisura, Hazel Gamboa in Grade 9 - Dignity',13,'Unseen',NULL),(2560,'2019-06-03 12:16:34','','Updated grades for Rapisura, Hazel Gamboa in Grade 9 - Dignity',13,'Unseen',NULL),(2561,'2019-06-03 12:16:34','','Updated grades for Rapisura, Hazel Gamboa in Grade 9 - Dignity',13,'Unseen',NULL),(2562,'2019-06-03 12:16:35','','Updated grades for Rapisura, Hazel Gamboa in Grade 9 - Dignity',13,'Unseen',NULL),(2563,'2019-06-03 12:16:50','','Updated grades for Rapisura, Hazel Gamboa in Grade 9 - Dignity',13,'Unseen',NULL),(2564,'2019-06-03 12:16:51','','Updated grades for Rapisura, Hazel Gamboa in Grade 9 - Dignity',13,'Unseen',NULL),(2565,'2019-06-03 12:16:51','','Updated grades for Rapisura, Hazel Gamboa in Grade 9 - Dignity',13,'Unseen',NULL),(2566,'2019-06-03 12:16:51','','Updated grades for Rapisura, Hazel Gamboa in Grade 9 - Dignity',13,'Unseen',NULL),(2567,'2019-06-03 12:17:41','','Updated grades for Rapisura, Hazel Gamboa in Grade 9 - Dignity',13,'Unseen',NULL),(2568,'2019-06-03 12:17:41','','Updated grades for Rapisura, Hazel Gamboa in Grade 9 - Dignity',13,'Unseen',NULL),(2569,'2019-06-03 12:17:41','','Updated grades for Rapisura, Hazel Gamboa in Grade 9 - Dignity',13,'Unseen',NULL),(2570,'2019-06-03 12:17:41','','Updated grades for Rapisura, Hazel Gamboa in Grade 9 - Dignity',13,'Unseen',NULL),(2571,'2019-06-03 12:18:01','','Updated grades for Rapisura, Hazel Gamboa in Grade 9 - Dignity',13,'Unseen',NULL),(2572,'2019-06-03 12:18:01','','Updated grades for Rapisura, Hazel Gamboa in Grade 9 - Dignity',13,'Unseen',NULL),(2573,'2019-06-03 12:18:01','','Updated grades for Rapisura, Hazel Gamboa in Grade 9 - Dignity',13,'Unseen',NULL),(2574,'2019-06-03 12:18:01','','Updated grades for Rapisura, Hazel Gamboa in Grade 9 - Dignity',13,'Unseen',NULL),(2575,'2019-06-03 12:18:22','','Updated grades for Rapisura, Hazel Gamboa in Grade 9 - Dignity',13,'Unseen',NULL),(2576,'2019-06-03 12:18:22','','Updated grades for Rapisura, Hazel Gamboa in Grade 9 - Dignity',13,'Unseen',NULL),(2577,'2019-06-03 12:18:22','','Updated grades for Rapisura, Hazel Gamboa in Grade 9 - Dignity',13,'Unseen',NULL),(2578,'2019-06-03 12:18:22','','Updated grades for Rapisura, Hazel Gamboa in Grade 9 - Dignity',13,'Unseen',NULL),(2579,'2019-06-03 18:25:17','Delete','Delete Section Freedom',1,'Unseen',NULL),(2580,'2019-06-03 12:25:34','Update','Requested for a change in schedule.',12,'Unseen',NULL),(2581,'2019-06-03 18:26:19','Update','Rejected the current temporary schedule requested',1,'Unseen',NULL),(2582,'2019-06-03 12:26:48','Update','Requested for a change in schedule.',12,'Unseen',NULL),(2583,'2019-06-03 12:27:04','Update','Requested for a change in schedule.',12,'Unseen',NULL),(2584,'2019-06-03 12:27:44','Delete','Deleted a schedule.',12,'Unseen',NULL),(2585,'2019-06-03 12:27:54','Insert','Added a schedule.',12,'Unseen',NULL),(2586,'2019-06-03 12:28:08','Update','Requested for a change in schedule.',12,'Unseen',NULL),(2587,'2019-06-03 18:28:42','Update','Replace the schedule from the temporary schedule',1,'Unseen',NULL),(2588,'2019-06-03 12:30:46','Insert','Inserted grades for Rapisura, Hazel Gamboa in Grade 9 - Dignity',12,'Unseen',NULL),(2589,'2019-06-03 12:30:46','Insert','Inserted grades for Rapisura, Hazel Gamboa in Grade 9 - Dignity',12,'Unseen',NULL),(2590,'2019-06-03 12:30:49','Insert','Inserted grades for Rapisura, Hazel Gamboa in Grade 9 - Dignity',12,'Unseen',NULL),(2591,'2019-06-03 12:30:49','Insert','Inserted grades for Rapisura, Hazel Gamboa in Grade 9 - Dignity',12,'Unseen',NULL),(2592,'2019-06-03 12:33:16','Insert','Inserted grades for Rapisura, Hazel Gamboa in Grade 9 - Dignity',13,'Unseen',NULL),(2593,'2019-06-03 12:33:16','Insert','Inserted grades for Rapisura, Hazel Gamboa in Grade 9 - Dignity',13,'Unseen',NULL),(2594,'2019-06-03 12:33:16','Insert','Inserted grades for Rapisura, Hazel Gamboa in Grade 9 - Dignity',13,'Unseen',NULL),(2595,'2019-06-03 12:33:16','Insert','Inserted grades for Rapisura, Hazel Gamboa in Grade 9 - Dignity',13,'Unseen',NULL),(2596,'2019-06-03 12:33:29','Insert','Inserted grades for Rapisura, Hazel Gamboa in Grade 9 - Dignity',13,'Unseen',NULL),(2597,'2019-06-03 12:33:30','Insert','Inserted grades for Rapisura, Hazel Gamboa in Grade 9 - Dignity',13,'Unseen',NULL),(2598,'2019-06-03 12:33:30','Insert','Inserted grades for Rapisura, Hazel Gamboa in Grade 9 - Dignity',13,'Unseen',NULL),(2599,'2019-06-03 12:33:30','Insert','Inserted grades for Rapisura, Hazel Gamboa in Grade 9 - Dignity',13,'Unseen',NULL),(2600,'2019-06-03 12:33:40','Insert','Inserted grades for Rapisura, Hazel Gamboa in Grade 9 - Dignity',13,'Unseen',NULL),(2601,'2019-06-03 12:33:40','Insert','Inserted grades for Rapisura, Hazel Gamboa in Grade 9 - Dignity',13,'Unseen',NULL),(2602,'2019-06-03 12:33:40','Insert','Inserted grades for Rapisura, Hazel Gamboa in Grade 9 - Dignity',13,'Unseen',NULL),(2603,'2019-06-03 12:33:40','Insert','Inserted grades for Rapisura, Hazel Gamboa in Grade 9 - Dignity',13,'Unseen',NULL),(2604,'2019-06-03 12:33:53','Insert','Inserted grades for Rapisura, Hazel Gamboa in Grade 9 - Dignity',13,'Unseen',NULL),(2605,'2019-06-03 12:33:53','Insert','Inserted grades for Rapisura, Hazel Gamboa in Grade 9 - Dignity',13,'Unseen',NULL),(2606,'2019-06-03 12:33:53','Insert','Inserted grades for Rapisura, Hazel Gamboa in Grade 9 - Dignity',13,'Unseen',NULL),(2607,'2019-06-03 12:33:53','Insert','Inserted grades for Rapisura, Hazel Gamboa in Grade 9 - Dignity',13,'Unseen',NULL),(2608,'2019-06-03 13:32:27','Insert','Inserted students who are absent on 2019-06-04',13,'Unseen',NULL),(2609,'2019-06-03 13:34:09','Insert','Inserted grades for Dela Cruz, John Mark Pagar in Grade 8 - Wisdom',13,'Unseen',NULL),(2610,'2019-06-03 13:34:09','Insert','Inserted grades for Galatcha, Mitch Ainslie Valencia in Grade 8 - Wisdom',13,'Unseen',NULL),(2611,'2019-06-03 13:34:09','','Updated grades for Dela Cruz, John Mark Pagar in Grade 8 - Wisdom',13,'Unseen',NULL),(2612,'2019-06-03 13:34:10','','Updated grades for Galatcha, Mitch Ainslie Valencia in Grade 8 - Wisdom',13,'Unseen',NULL),(2613,'2019-06-03 13:34:17','Insert','Inserted grades for Dela Cruz, John Mark Pagar in Grade 8 - Wisdom',13,'Unseen',NULL),(2614,'2019-06-03 13:34:17','Insert','Inserted grades for Galatcha, Mitch Ainslie Valencia in Grade 8 - Wisdom',13,'Unseen',NULL),(2615,'2019-06-03 13:34:17','','Updated grades for Dela Cruz, John Mark Pagar in Grade 8 - Wisdom',13,'Unseen',NULL),(2616,'2019-06-03 13:34:17','','Updated grades for Galatcha, Mitch Ainslie Valencia in Grade 8 - Wisdom',13,'Unseen',NULL),(2617,'2019-06-03 13:34:17','Insert','Inserted grades for Dela Cruz, John Mark Pagar in Grade 8 - Wisdom',13,'Unseen',NULL),(2618,'2019-06-03 13:34:17','Insert','Inserted grades for Galatcha, Mitch Ainslie Valencia in Grade 8 - Wisdom',13,'Unseen',NULL),(2619,'2019-06-03 13:34:17','','Updated grades for Dela Cruz, John Mark Pagar in Grade 8 - Wisdom',13,'Unseen',NULL),(2620,'2019-06-03 13:34:17','','Updated grades for Galatcha, Mitch Ainslie Valencia in Grade 8 - Wisdom',13,'Unseen',NULL),(2621,'2019-06-03 13:34:17','Insert','Inserted grades for Dela Cruz, John Mark Pagar in Grade 8 - Wisdom',13,'Unseen',NULL),(2622,'2019-06-03 13:34:17','Insert','Inserted grades for Galatcha, Mitch Ainslie Valencia in Grade 8 - Wisdom',13,'Unseen',NULL),(2623,'2019-06-03 13:34:18','','Updated grades for Dela Cruz, John Mark Pagar in Grade 8 - Wisdom',13,'Unseen',NULL),(2624,'2019-06-03 13:34:19','','Updated grades for Galatcha, Mitch Ainslie Valencia in Grade 8 - Wisdom',13,'Unseen',NULL),(2625,'2019-06-03 13:34:39','Insert','Inserted grades for Dela Cruz, John Mark Pagar in Grade 8 - Wisdom',13,'Unseen',NULL),(2626,'2019-06-03 13:34:39','Insert','Inserted grades for Galatcha, Mitch Ainslie Valencia in Grade 8 - Wisdom',13,'Unseen',NULL),(2627,'2019-06-03 13:34:39','','Updated grades for Dela Cruz, John Mark Pagar in Grade 8 - Wisdom',13,'Unseen',NULL),(2628,'2019-06-03 13:34:40','','Updated grades for Galatcha, Mitch Ainslie Valencia in Grade 8 - Wisdom',13,'Unseen',NULL),(2629,'2019-06-03 13:34:40','Insert','Inserted grades for Dela Cruz, John Mark Pagar in Grade 8 - Wisdom',13,'Unseen',NULL),(2630,'2019-06-03 13:34:40','Insert','Inserted grades for Galatcha, Mitch Ainslie Valencia in Grade 8 - Wisdom',13,'Unseen',NULL),(2631,'2019-06-03 13:34:41','','Updated grades for Dela Cruz, John Mark Pagar in Grade 8 - Wisdom',13,'Unseen',NULL),(2632,'2019-06-03 13:34:42','','Updated grades for Galatcha, Mitch Ainslie Valencia in Grade 8 - Wisdom',13,'Unseen',NULL),(2633,'2019-06-03 13:34:43','Insert','Inserted grades for Dela Cruz, John Mark Pagar in Grade 8 - Wisdom',13,'Unseen',NULL),(2634,'2019-06-03 13:34:43','Insert','Inserted grades for Galatcha, Mitch Ainslie Valencia in Grade 8 - Wisdom',13,'Unseen',NULL),(2635,'2019-06-03 13:34:43','','Updated grades for Dela Cruz, John Mark Pagar in Grade 8 - Wisdom',13,'Unseen',NULL),(2636,'2019-06-03 13:34:43','','Updated grades for Galatcha, Mitch Ainslie Valencia in Grade 8 - Wisdom',13,'Unseen',NULL),(2637,'2019-06-03 13:34:43','Insert','Inserted grades for Dela Cruz, John Mark Pagar in Grade 8 - Wisdom',13,'Unseen',NULL),(2638,'2019-06-03 13:34:43','Insert','Inserted grades for Galatcha, Mitch Ainslie Valencia in Grade 8 - Wisdom',13,'Unseen',NULL),(2639,'2019-06-03 13:34:43','','Updated grades for Dela Cruz, John Mark Pagar in Grade 8 - Wisdom',13,'Unseen',NULL),(2640,'2019-06-03 13:34:43','','Updated grades for Galatcha, Mitch Ainslie Valencia in Grade 8 - Wisdom',13,'Unseen',NULL),(2641,'2019-06-03 13:35:18','Insert','Inserted grades for Dela Cruz, John Mark Pagar in Grade 8 - Wisdom',13,'Unseen',NULL),(2642,'2019-06-03 13:35:19','Insert','Inserted grades for Galatcha, Mitch Ainslie Valencia in Grade 8 - Wisdom',13,'Unseen',NULL),(2643,'2019-06-03 13:35:19','','Updated grades for Dela Cruz, John Mark Pagar in Grade 8 - Wisdom',13,'Unseen',NULL),(2644,'2019-06-03 13:35:19','','Updated grades for Galatcha, Mitch Ainslie Valencia in Grade 8 - Wisdom',13,'Unseen',NULL),(2645,'2019-06-03 13:35:19','Insert','Inserted grades for Dela Cruz, John Mark Pagar in Grade 8 - Wisdom',13,'Unseen',NULL),(2646,'2019-06-03 13:35:20','Insert','Inserted grades for Galatcha, Mitch Ainslie Valencia in Grade 8 - Wisdom',13,'Unseen',NULL),(2647,'2019-06-03 13:35:20','','Updated grades for Dela Cruz, John Mark Pagar in Grade 8 - Wisdom',13,'Unseen',NULL),(2648,'2019-06-03 13:35:20','','Updated grades for Galatcha, Mitch Ainslie Valencia in Grade 8 - Wisdom',13,'Unseen',NULL),(2649,'2019-06-03 13:35:20','Insert','Inserted grades for Dela Cruz, John Mark Pagar in Grade 8 - Wisdom',13,'Unseen',NULL),(2650,'2019-06-03 13:35:20','Insert','Inserted grades for Galatcha, Mitch Ainslie Valencia in Grade 8 - Wisdom',13,'Unseen',NULL),(2651,'2019-06-03 13:35:20','','Updated grades for Dela Cruz, John Mark Pagar in Grade 8 - Wisdom',13,'Unseen',NULL),(2652,'2019-06-03 13:35:20','','Updated grades for Galatcha, Mitch Ainslie Valencia in Grade 8 - Wisdom',13,'Unseen',NULL),(2653,'2019-06-03 13:35:20','Insert','Inserted grades for Dela Cruz, John Mark Pagar in Grade 8 - Wisdom',13,'Unseen',NULL),(2654,'2019-06-03 13:35:20','Insert','Inserted grades for Galatcha, Mitch Ainslie Valencia in Grade 8 - Wisdom',13,'Unseen',NULL),(2655,'2019-06-03 13:35:20','','Updated grades for Dela Cruz, John Mark Pagar in Grade 8 - Wisdom',13,'Unseen',NULL),(2656,'2019-06-03 13:35:20','','Updated grades for Galatcha, Mitch Ainslie Valencia in Grade 8 - Wisdom',13,'Unseen',NULL),(2657,'2019-06-03 13:35:52','Insert','Inserted grades for Dela Cruz, John Mark Pagar in Grade 8 - Wisdom',13,'Unseen',NULL),(2658,'2019-06-03 13:35:53','Insert','Inserted grades for Galatcha, Mitch Ainslie Valencia in Grade 8 - Wisdom',13,'Unseen',NULL),(2659,'2019-06-03 13:35:53','','Updated grades for Dela Cruz, John Mark Pagar in Grade 8 - Wisdom',13,'Unseen',NULL),(2660,'2019-06-03 13:35:53','','Updated grades for Galatcha, Mitch Ainslie Valencia in Grade 8 - Wisdom',13,'Unseen',NULL),(2661,'2019-06-03 13:35:53','Insert','Inserted grades for Dela Cruz, John Mark Pagar in Grade 8 - Wisdom',13,'Unseen',NULL),(2662,'2019-06-03 13:35:53','Insert','Inserted grades for Galatcha, Mitch Ainslie Valencia in Grade 8 - Wisdom',13,'Unseen',NULL),(2663,'2019-06-03 13:35:53','','Updated grades for Dela Cruz, John Mark Pagar in Grade 8 - Wisdom',13,'Unseen',NULL),(2664,'2019-06-03 13:35:53','','Updated grades for Galatcha, Mitch Ainslie Valencia in Grade 8 - Wisdom',13,'Unseen',NULL),(2665,'2019-06-03 13:35:54','Insert','Inserted grades for Dela Cruz, John Mark Pagar in Grade 8 - Wisdom',13,'Unseen',NULL),(2666,'2019-06-03 13:35:54','Insert','Inserted grades for Galatcha, Mitch Ainslie Valencia in Grade 8 - Wisdom',13,'Unseen',NULL),(2667,'2019-06-03 13:35:54','','Updated grades for Dela Cruz, John Mark Pagar in Grade 8 - Wisdom',13,'Unseen',NULL),(2668,'2019-06-03 13:35:55','','Updated grades for Galatcha, Mitch Ainslie Valencia in Grade 8 - Wisdom',13,'Unseen',NULL),(2669,'2019-06-03 13:35:55','Insert','Inserted grades for Dela Cruz, John Mark Pagar in Grade 8 - Wisdom',13,'Unseen',NULL),(2670,'2019-06-03 13:35:55','Insert','Inserted grades for Galatcha, Mitch Ainslie Valencia in Grade 8 - Wisdom',13,'Unseen',NULL),(2671,'2019-06-03 13:35:55','','Updated grades for Dela Cruz, John Mark Pagar in Grade 8 - Wisdom',13,'Unseen',NULL),(2672,'2019-06-03 13:35:55','','Updated grades for Galatcha, Mitch Ainslie Valencia in Grade 8 - Wisdom',13,'Unseen',NULL),(2673,'2019-06-03 13:37:57','Insert','Inserted grades for Dela Cruz, John Mark Pagar in Grade 8 - Wisdom',12,'Unseen',NULL),(2674,'2019-06-03 13:37:59','Insert','Inserted grades for Galatcha, Mitch Ainslie Valencia in Grade 8 - Wisdom',12,'Unseen',NULL),(2675,'2019-06-03 13:37:59','','Updated grades for Dela Cruz, John Mark Pagar in Grade 8 - Wisdom',12,'Unseen',NULL),(2676,'2019-06-03 13:38:00','','Updated grades for Galatcha, Mitch Ainslie Valencia in Grade 8 - Wisdom',12,'Unseen',NULL),(2677,'2019-06-03 13:38:00','Insert','Inserted grades for Dela Cruz, John Mark Pagar in Grade 8 - Wisdom',12,'Unseen',NULL),(2678,'2019-06-03 13:38:00','Insert','Inserted grades for Galatcha, Mitch Ainslie Valencia in Grade 8 - Wisdom',12,'Unseen',NULL),(2679,'2019-06-03 13:38:00','','Updated grades for Dela Cruz, John Mark Pagar in Grade 8 - Wisdom',12,'Unseen',NULL),(2680,'2019-06-03 13:38:00','','Updated grades for Galatcha, Mitch Ainslie Valencia in Grade 8 - Wisdom',12,'Unseen',NULL),(2681,'2019-06-03 13:38:00','Insert','Inserted grades for Dela Cruz, John Mark Pagar in Grade 8 - Wisdom',12,'Unseen',NULL),(2682,'2019-06-03 13:38:00','Insert','Inserted grades for Galatcha, Mitch Ainslie Valencia in Grade 8 - Wisdom',12,'Unseen',NULL),(2683,'2019-06-03 13:38:01','','Updated grades for Dela Cruz, John Mark Pagar in Grade 8 - Wisdom',12,'Unseen',NULL),(2684,'2019-06-03 13:38:01','','Updated grades for Galatcha, Mitch Ainslie Valencia in Grade 8 - Wisdom',12,'Unseen',NULL),(2685,'2019-06-03 13:38:02','Insert','Inserted grades for Dela Cruz, John Mark Pagar in Grade 8 - Wisdom',12,'Unseen',NULL),(2686,'2019-06-03 13:38:02','Insert','Inserted grades for Galatcha, Mitch Ainslie Valencia in Grade 8 - Wisdom',12,'Unseen',NULL),(2687,'2019-06-03 13:38:02','','Updated grades for Dela Cruz, John Mark Pagar in Grade 8 - Wisdom',12,'Unseen',NULL),(2688,'2019-06-03 13:38:02','','Updated grades for Galatcha, Mitch Ainslie Valencia in Grade 8 - Wisdom',12,'Unseen',NULL),(2689,'2019-06-03 13:58:28','Insert','Inserted grades for Dela Cruz, John Mark Pagar in Grade 8 - Wisdom',14,'Unseen',NULL),(2690,'2019-06-03 13:58:28','Insert','Inserted grades for Galatcha, Mitch Ainslie Valencia in Grade 8 - Wisdom',14,'Unseen',NULL),(2691,'2019-06-03 13:58:28','','Updated grades for Dela Cruz, John Mark Pagar in Grade 8 - Wisdom',14,'Unseen',NULL),(2692,'2019-06-03 13:58:29','','Updated grades for Galatcha, Mitch Ainslie Valencia in Grade 8 - Wisdom',14,'Unseen',NULL),(2693,'2019-06-03 13:58:29','Insert','Inserted grades for Dela Cruz, John Mark Pagar in Grade 8 - Wisdom',14,'Unseen',NULL),(2694,'2019-06-03 13:58:29','Insert','Inserted grades for Galatcha, Mitch Ainslie Valencia in Grade 8 - Wisdom',14,'Unseen',NULL),(2695,'2019-06-03 13:58:29','','Updated grades for Dela Cruz, John Mark Pagar in Grade 8 - Wisdom',14,'Unseen',NULL),(2696,'2019-06-03 13:58:29','','Updated grades for Galatcha, Mitch Ainslie Valencia in Grade 8 - Wisdom',14,'Unseen',NULL),(2697,'2019-06-03 13:58:30','Insert','Inserted grades for Dela Cruz, John Mark Pagar in Grade 8 - Wisdom',14,'Unseen',NULL),(2698,'2019-06-03 13:58:30','Insert','Inserted grades for Galatcha, Mitch Ainslie Valencia in Grade 8 - Wisdom',14,'Unseen',NULL),(2699,'2019-06-03 13:58:31','','Updated grades for Dela Cruz, John Mark Pagar in Grade 8 - Wisdom',14,'Unseen',NULL),(2700,'2019-06-03 13:58:31','','Updated grades for Galatcha, Mitch Ainslie Valencia in Grade 8 - Wisdom',14,'Unseen',NULL),(2701,'2019-06-03 13:58:31','Insert','Inserted grades for Dela Cruz, John Mark Pagar in Grade 8 - Wisdom',14,'Unseen',NULL),(2702,'2019-06-03 13:58:31','Insert','Inserted grades for Galatcha, Mitch Ainslie Valencia in Grade 8 - Wisdom',14,'Unseen',NULL),(2703,'2019-06-03 13:58:31','','Updated grades for Dela Cruz, John Mark Pagar in Grade 8 - Wisdom',14,'Unseen',NULL),(2704,'2019-06-03 13:58:31','','Updated grades for Galatcha, Mitch Ainslie Valencia in Grade 8 - Wisdom',14,'Unseen',NULL),(2705,'2019-06-03 14:01:33','Insert','Inserted grades for Dela Cruz, John Mark Pagar in Grade 8 - Wisdom',130,'Unseen',NULL),(2706,'2019-06-03 14:01:33','Insert','Inserted grades for Galatcha, Mitch Ainslie Valencia in Grade 8 - Wisdom',130,'Unseen',NULL),(2707,'2019-06-03 14:01:33','','Updated grades for Dela Cruz, John Mark Pagar in Grade 8 - Wisdom',130,'Unseen',NULL),(2708,'2019-06-03 14:01:33','','Updated grades for Galatcha, Mitch Ainslie Valencia in Grade 8 - Wisdom',130,'Unseen',NULL),(2709,'2019-06-03 14:01:34','Insert','Inserted grades for Dela Cruz, John Mark Pagar in Grade 8 - Wisdom',130,'Unseen',NULL),(2710,'2019-06-03 14:01:34','Insert','Inserted grades for Galatcha, Mitch Ainslie Valencia in Grade 8 - Wisdom',130,'Unseen',NULL),(2711,'2019-06-03 14:01:34','','Updated grades for Dela Cruz, John Mark Pagar in Grade 8 - Wisdom',130,'Unseen',NULL),(2712,'2019-06-03 14:01:34','','Updated grades for Galatcha, Mitch Ainslie Valencia in Grade 8 - Wisdom',130,'Unseen',NULL),(2713,'2019-06-03 14:01:34','Insert','Inserted grades for Dela Cruz, John Mark Pagar in Grade 8 - Wisdom',130,'Unseen',NULL),(2714,'2019-06-03 14:01:34','Insert','Inserted grades for Galatcha, Mitch Ainslie Valencia in Grade 8 - Wisdom',130,'Unseen',NULL),(2715,'2019-06-03 14:01:35','','Updated grades for Dela Cruz, John Mark Pagar in Grade 8 - Wisdom',130,'Unseen',NULL),(2716,'2019-06-03 14:01:35','','Updated grades for Galatcha, Mitch Ainslie Valencia in Grade 8 - Wisdom',130,'Unseen',NULL),(2717,'2019-06-03 14:01:35','Insert','Inserted grades for Dela Cruz, John Mark Pagar in Grade 8 - Wisdom',130,'Unseen',NULL),(2718,'2019-06-03 14:01:36','Insert','Inserted grades for Galatcha, Mitch Ainslie Valencia in Grade 8 - Wisdom',130,'Unseen',NULL),(2719,'2019-06-03 14:01:36','','Updated grades for Dela Cruz, John Mark Pagar in Grade 8 - Wisdom',130,'Unseen',NULL),(2720,'2019-06-03 14:01:36','','Updated grades for Galatcha, Mitch Ainslie Valencia in Grade 8 - Wisdom',130,'Unseen',NULL),(2721,'2019-06-03 14:03:44','Insert','Inserted grades for Dela Cruz, John Mark Pagar in Grade 8 - Wisdom',129,'Unseen',NULL),(2722,'2019-06-03 14:03:44','Insert','Inserted grades for Galatcha, Mitch Ainslie Valencia in Grade 8 - Wisdom',129,'Unseen',NULL),(2723,'2019-06-03 14:03:44','','Updated grades for Dela Cruz, John Mark Pagar in Grade 8 - Wisdom',129,'Unseen',NULL),(2724,'2019-06-03 14:03:44','','Updated grades for Galatcha, Mitch Ainslie Valencia in Grade 8 - Wisdom',129,'Unseen',NULL),(2725,'2019-06-03 14:03:45','Insert','Inserted grades for Dela Cruz, John Mark Pagar in Grade 8 - Wisdom',129,'Unseen',NULL),(2726,'2019-06-03 14:03:45','Insert','Inserted grades for Galatcha, Mitch Ainslie Valencia in Grade 8 - Wisdom',129,'Unseen',NULL),(2727,'2019-06-03 14:03:45','','Updated grades for Dela Cruz, John Mark Pagar in Grade 8 - Wisdom',129,'Unseen',NULL),(2728,'2019-06-03 14:03:45','','Updated grades for Galatcha, Mitch Ainslie Valencia in Grade 8 - Wisdom',129,'Unseen',NULL),(2729,'2019-06-03 14:03:45','Insert','Inserted grades for Dela Cruz, John Mark Pagar in Grade 8 - Wisdom',129,'Unseen',NULL),(2730,'2019-06-03 14:03:45','Insert','Inserted grades for Galatcha, Mitch Ainslie Valencia in Grade 8 - Wisdom',129,'Unseen',NULL),(2731,'2019-06-03 14:03:45','','Updated grades for Dela Cruz, John Mark Pagar in Grade 8 - Wisdom',129,'Unseen',NULL),(2732,'2019-06-03 14:03:45','','Updated grades for Galatcha, Mitch Ainslie Valencia in Grade 8 - Wisdom',129,'Unseen',NULL),(2733,'2019-06-03 14:03:45','Insert','Inserted grades for Dela Cruz, John Mark Pagar in Grade 8 - Wisdom',129,'Unseen',NULL),(2734,'2019-06-03 14:03:46','Insert','Inserted grades for Galatcha, Mitch Ainslie Valencia in Grade 8 - Wisdom',129,'Unseen',NULL),(2735,'2019-06-03 14:03:46','','Updated grades for Dela Cruz, John Mark Pagar in Grade 8 - Wisdom',129,'Unseen',NULL),(2736,'2019-06-03 14:03:46','','Updated grades for Galatcha, Mitch Ainslie Valencia in Grade 8 - Wisdom',129,'Unseen',NULL),(2737,'2019-06-03 14:03:47','','Updated grades for Dela Cruz, John Mark Pagar in Grade 8 - Wisdom',129,'Unseen',NULL),(2738,'2019-06-03 14:03:47','','Updated grades for Galatcha, Mitch Ainslie Valencia in Grade 8 - Wisdom',129,'Unseen',NULL),(2739,'2019-06-03 14:03:47','','Updated grades for Dela Cruz, John Mark Pagar in Grade 8 - Wisdom',129,'Unseen',NULL),(2740,'2019-06-03 14:03:47','','Updated grades for Galatcha, Mitch Ainslie Valencia in Grade 8 - Wisdom',129,'Unseen',NULL),(2741,'2019-06-03 14:03:47','','Updated grades for Dela Cruz, John Mark Pagar in Grade 8 - Wisdom',129,'Unseen',NULL),(2742,'2019-06-03 14:03:47','','Updated grades for Galatcha, Mitch Ainslie Valencia in Grade 8 - Wisdom',129,'Unseen',NULL),(2743,'2019-06-03 14:03:47','','Updated grades for Dela Cruz, John Mark Pagar in Grade 8 - Wisdom',129,'Unseen',NULL),(2744,'2019-06-03 14:03:47','','Updated grades for Galatcha, Mitch Ainslie Valencia in Grade 8 - Wisdom',129,'Unseen',NULL),(2745,'2019-06-03 14:03:47','','Updated grades for Dela Cruz, John Mark Pagar in Grade 8 - Wisdom',129,'Unseen',NULL),(2746,'2019-06-03 14:03:47','','Updated grades for Galatcha, Mitch Ainslie Valencia in Grade 8 - Wisdom',129,'Unseen',NULL),(2747,'2019-06-03 14:03:48','','Updated grades for Dela Cruz, John Mark Pagar in Grade 8 - Wisdom',129,'Unseen',NULL),(2748,'2019-06-03 14:03:48','','Updated grades for Galatcha, Mitch Ainslie Valencia in Grade 8 - Wisdom',129,'Unseen',NULL),(2749,'2019-06-03 14:03:48','','Updated grades for Dela Cruz, John Mark Pagar in Grade 8 - Wisdom',129,'Unseen',NULL),(2750,'2019-06-03 14:03:48','','Updated grades for Galatcha, Mitch Ainslie Valencia in Grade 8 - Wisdom',129,'Unseen',NULL),(2751,'2019-06-03 14:03:48','','Updated grades for Dela Cruz, John Mark Pagar in Grade 8 - Wisdom',129,'Unseen',NULL),(2752,'2019-06-03 14:03:48','','Updated grades for Galatcha, Mitch Ainslie Valencia in Grade 8 - Wisdom',129,'Unseen',NULL),(2753,'2019-06-03 14:03:48','','Updated grades for Dela Cruz, John Mark Pagar in Grade 8 - Wisdom',129,'Unseen',NULL),(2754,'2019-06-03 14:03:49','','Updated grades for Galatcha, Mitch Ainslie Valencia in Grade 8 - Wisdom',129,'Unseen',NULL),(2755,'2019-06-03 14:03:49','','Updated grades for Dela Cruz, John Mark Pagar in Grade 8 - Wisdom',129,'Unseen',NULL),(2756,'2019-06-03 14:03:49','','Updated grades for Galatcha, Mitch Ainslie Valencia in Grade 8 - Wisdom',129,'Unseen',NULL),(2757,'2019-06-03 14:03:49','','Updated grades for Dela Cruz, John Mark Pagar in Grade 8 - Wisdom',129,'Unseen',NULL),(2758,'2019-06-03 14:03:49','','Updated grades for Galatcha, Mitch Ainslie Valencia in Grade 8 - Wisdom',129,'Unseen',NULL),(2759,'2019-06-03 14:03:49','','Updated grades for Dela Cruz, John Mark Pagar in Grade 8 - Wisdom',129,'Unseen',NULL),(2760,'2019-06-03 14:03:49','','Updated grades for Galatcha, Mitch Ainslie Valencia in Grade 8 - Wisdom',129,'Unseen',NULL),(2761,'2019-06-03 14:03:49','','Updated grades for Dela Cruz, John Mark Pagar in Grade 8 - Wisdom',129,'Unseen',NULL),(2762,'2019-06-03 14:03:49','','Updated grades for Galatcha, Mitch Ainslie Valencia in Grade 8 - Wisdom',129,'Unseen',NULL),(2763,'2019-06-03 14:03:49','','Updated grades for Dela Cruz, John Mark Pagar in Grade 8 - Wisdom',129,'Unseen',NULL),(2764,'2019-06-03 14:03:49','','Updated grades for Galatcha, Mitch Ainslie Valencia in Grade 8 - Wisdom',129,'Unseen',NULL),(2765,'2019-06-03 14:03:49','','Updated grades for Dela Cruz, John Mark Pagar in Grade 8 - Wisdom',129,'Unseen',NULL),(2766,'2019-06-03 14:03:49','','Updated grades for Galatcha, Mitch Ainslie Valencia in Grade 8 - Wisdom',129,'Unseen',NULL),(2767,'2019-06-03 14:03:50','','Updated grades for Dela Cruz, John Mark Pagar in Grade 8 - Wisdom',129,'Unseen',NULL),(2768,'2019-06-03 14:03:50','','Updated grades for Galatcha, Mitch Ainslie Valencia in Grade 8 - Wisdom',129,'Unseen',NULL),(2769,'2019-06-03 14:03:57','','Updated grades for Dela Cruz, John Mark Pagar in Grade 8 - Wisdom',129,'Unseen',NULL),(2770,'2019-06-03 14:03:57','','Updated grades for Galatcha, Mitch Ainslie Valencia in Grade 8 - Wisdom',129,'Unseen',NULL),(2771,'2019-06-03 14:03:57','','Updated grades for Dela Cruz, John Mark Pagar in Grade 8 - Wisdom',129,'Unseen',NULL),(2772,'2019-06-03 14:03:57','','Updated grades for Galatcha, Mitch Ainslie Valencia in Grade 8 - Wisdom',129,'Unseen',NULL),(2773,'2019-06-03 14:03:57','','Updated grades for Dela Cruz, John Mark Pagar in Grade 8 - Wisdom',129,'Unseen',NULL),(2774,'2019-06-03 14:03:57','','Updated grades for Galatcha, Mitch Ainslie Valencia in Grade 8 - Wisdom',129,'Unseen',NULL),(2775,'2019-06-03 14:03:58','','Updated grades for Dela Cruz, John Mark Pagar in Grade 8 - Wisdom',129,'Unseen',NULL),(2776,'2019-06-03 14:03:58','','Updated grades for Galatcha, Mitch Ainslie Valencia in Grade 8 - Wisdom',129,'Unseen',NULL),(2777,'2019-06-03 14:03:58','','Updated grades for Dela Cruz, John Mark Pagar in Grade 8 - Wisdom',129,'Unseen',NULL),(2778,'2019-06-03 14:03:58','','Updated grades for Galatcha, Mitch Ainslie Valencia in Grade 8 - Wisdom',129,'Unseen',NULL),(2779,'2019-06-03 14:03:58','','Updated grades for Dela Cruz, John Mark Pagar in Grade 8 - Wisdom',129,'Unseen',NULL),(2780,'2019-06-03 14:03:58','','Updated grades for Galatcha, Mitch Ainslie Valencia in Grade 8 - Wisdom',129,'Unseen',NULL),(2781,'2019-06-03 14:03:58','','Updated grades for Dela Cruz, John Mark Pagar in Grade 8 - Wisdom',129,'Unseen',NULL),(2782,'2019-06-03 14:03:58','','Updated grades for Galatcha, Mitch Ainslie Valencia in Grade 8 - Wisdom',129,'Unseen',NULL),(2783,'2019-06-03 14:03:58','','Updated grades for Dela Cruz, John Mark Pagar in Grade 8 - Wisdom',129,'Unseen',NULL),(2784,'2019-06-03 14:03:58','','Updated grades for Galatcha, Mitch Ainslie Valencia in Grade 8 - Wisdom',129,'Unseen',NULL),(2785,'2019-06-03 14:04:19','','Updated grades for Dela Cruz, John Mark Pagar in Grade 8 - Wisdom',129,'Unseen',NULL),(2786,'2019-06-03 14:04:19','','Updated grades for Galatcha, Mitch Ainslie Valencia in Grade 8 - Wisdom',129,'Unseen',NULL),(2787,'2019-06-03 14:04:19','','Updated grades for Dela Cruz, John Mark Pagar in Grade 8 - Wisdom',129,'Unseen',NULL),(2788,'2019-06-03 14:04:19','','Updated grades for Galatcha, Mitch Ainslie Valencia in Grade 8 - Wisdom',129,'Unseen',NULL),(2789,'2019-06-03 14:04:19','','Updated grades for Dela Cruz, John Mark Pagar in Grade 8 - Wisdom',129,'Unseen',NULL),(2790,'2019-06-03 14:04:19','','Updated grades for Galatcha, Mitch Ainslie Valencia in Grade 8 - Wisdom',129,'Unseen',NULL),(2791,'2019-06-03 14:04:19','','Updated grades for Dela Cruz, John Mark Pagar in Grade 8 - Wisdom',129,'Unseen',NULL),(2792,'2019-06-03 14:04:19','','Updated grades for Galatcha, Mitch Ainslie Valencia in Grade 8 - Wisdom',129,'Unseen',NULL),(2793,'2019-06-03 14:04:19','','Updated grades for Dela Cruz, John Mark Pagar in Grade 8 - Wisdom',129,'Unseen',NULL),(2794,'2019-06-03 14:04:19','','Updated grades for Galatcha, Mitch Ainslie Valencia in Grade 8 - Wisdom',129,'Unseen',NULL),(2795,'2019-06-03 14:04:19','','Updated grades for Dela Cruz, John Mark Pagar in Grade 8 - Wisdom',129,'Unseen',NULL),(2796,'2019-06-03 14:04:19','','Updated grades for Galatcha, Mitch Ainslie Valencia in Grade 8 - Wisdom',129,'Unseen',NULL),(2797,'2019-06-03 14:04:20','','Updated grades for Dela Cruz, John Mark Pagar in Grade 8 - Wisdom',129,'Unseen',NULL),(2798,'2019-06-03 14:04:20','','Updated grades for Galatcha, Mitch Ainslie Valencia in Grade 8 - Wisdom',129,'Unseen',NULL),(2799,'2019-06-03 14:04:20','','Updated grades for Dela Cruz, John Mark Pagar in Grade 8 - Wisdom',129,'Unseen',NULL),(2800,'2019-06-03 14:04:20','','Updated grades for Galatcha, Mitch Ainslie Valencia in Grade 8 - Wisdom',129,'Unseen',NULL),(2801,'2019-06-03 14:04:20','','Updated grades for Dela Cruz, John Mark Pagar in Grade 8 - Wisdom',129,'Unseen',NULL),(2802,'2019-06-03 14:04:20','','Updated grades for Galatcha, Mitch Ainslie Valencia in Grade 8 - Wisdom',129,'Unseen',NULL),(2803,'2019-06-03 14:04:21','','Updated grades for Dela Cruz, John Mark Pagar in Grade 8 - Wisdom',129,'Unseen',NULL),(2804,'2019-06-03 14:04:21','','Updated grades for Galatcha, Mitch Ainslie Valencia in Grade 8 - Wisdom',129,'Unseen',NULL),(2805,'2019-06-03 14:04:21','','Updated grades for Dela Cruz, John Mark Pagar in Grade 8 - Wisdom',129,'Unseen',NULL),(2806,'2019-06-03 14:04:21','','Updated grades for Galatcha, Mitch Ainslie Valencia in Grade 8 - Wisdom',129,'Unseen',NULL),(2807,'2019-06-03 14:04:21','','Updated grades for Dela Cruz, John Mark Pagar in Grade 8 - Wisdom',129,'Unseen',NULL),(2808,'2019-06-03 14:04:21','','Updated grades for Galatcha, Mitch Ainslie Valencia in Grade 8 - Wisdom',129,'Unseen',NULL),(2809,'2019-06-03 14:04:21','','Updated grades for Dela Cruz, John Mark Pagar in Grade 8 - Wisdom',129,'Unseen',NULL),(2810,'2019-06-03 14:04:21','','Updated grades for Galatcha, Mitch Ainslie Valencia in Grade 8 - Wisdom',129,'Unseen',NULL),(2811,'2019-06-03 14:04:21','','Updated grades for Dela Cruz, John Mark Pagar in Grade 8 - Wisdom',129,'Unseen',NULL),(2812,'2019-06-03 14:04:21','','Updated grades for Galatcha, Mitch Ainslie Valencia in Grade 8 - Wisdom',129,'Unseen',NULL),(2813,'2019-06-03 14:04:21','','Updated grades for Dela Cruz, John Mark Pagar in Grade 8 - Wisdom',129,'Unseen',NULL),(2814,'2019-06-03 14:04:21','','Updated grades for Galatcha, Mitch Ainslie Valencia in Grade 8 - Wisdom',129,'Unseen',NULL),(2815,'2019-06-03 14:04:21','','Updated grades for Dela Cruz, John Mark Pagar in Grade 8 - Wisdom',129,'Unseen',NULL),(2816,'2019-06-03 14:04:22','','Updated grades for Galatcha, Mitch Ainslie Valencia in Grade 8 - Wisdom',129,'Unseen',NULL),(2817,'2019-06-03 14:05:49','Insert','Inserted grades for Dela Cruz, John Mark Pagar in Grade 8 - Wisdom',127,'Unseen',NULL),(2818,'2019-06-03 14:05:49','Insert','Inserted grades for Galatcha, Mitch Ainslie Valencia in Grade 8 - Wisdom',127,'Unseen',NULL),(2819,'2019-06-03 14:05:49','','Updated grades for Dela Cruz, John Mark Pagar in Grade 8 - Wisdom',127,'Unseen',NULL),(2820,'2019-06-03 14:05:49','','Updated grades for Galatcha, Mitch Ainslie Valencia in Grade 8 - Wisdom',127,'Unseen',NULL),(2821,'2019-06-03 14:05:49','Insert','Inserted grades for Dela Cruz, John Mark Pagar in Grade 8 - Wisdom',127,'Unseen',NULL),(2822,'2019-06-03 14:05:50','Insert','Inserted grades for Galatcha, Mitch Ainslie Valencia in Grade 8 - Wisdom',127,'Unseen',NULL),(2823,'2019-06-03 14:05:50','','Updated grades for Dela Cruz, John Mark Pagar in Grade 8 - Wisdom',127,'Unseen',NULL),(2824,'2019-06-03 14:05:50','','Updated grades for Galatcha, Mitch Ainslie Valencia in Grade 8 - Wisdom',127,'Unseen',NULL),(2825,'2019-06-03 14:05:50','Insert','Inserted grades for Dela Cruz, John Mark Pagar in Grade 8 - Wisdom',127,'Unseen',NULL),(2826,'2019-06-03 14:05:50','Insert','Inserted grades for Galatcha, Mitch Ainslie Valencia in Grade 8 - Wisdom',127,'Unseen',NULL),(2827,'2019-06-03 14:05:50','','Updated grades for Dela Cruz, John Mark Pagar in Grade 8 - Wisdom',127,'Unseen',NULL),(2828,'2019-06-03 14:05:50','','Updated grades for Galatcha, Mitch Ainslie Valencia in Grade 8 - Wisdom',127,'Unseen',NULL),(2829,'2019-06-03 14:05:50','Insert','Inserted grades for Dela Cruz, John Mark Pagar in Grade 8 - Wisdom',127,'Unseen',NULL),(2830,'2019-06-03 14:05:50','Insert','Inserted grades for Galatcha, Mitch Ainslie Valencia in Grade 8 - Wisdom',127,'Unseen',NULL),(2831,'2019-06-03 14:05:51','','Updated grades for Dela Cruz, John Mark Pagar in Grade 8 - Wisdom',127,'Unseen',NULL),(2832,'2019-06-03 14:05:51','','Updated grades for Galatcha, Mitch Ainslie Valencia in Grade 8 - Wisdom',127,'Unseen',NULL),(2833,'2019-06-03 14:05:52','','Updated grades for Dela Cruz, John Mark Pagar in Grade 8 - Wisdom',127,'Unseen',NULL),(2834,'2019-06-03 14:05:52','','Updated grades for Galatcha, Mitch Ainslie Valencia in Grade 8 - Wisdom',127,'Unseen',NULL),(2835,'2019-06-03 14:05:52','','Updated grades for Dela Cruz, John Mark Pagar in Grade 8 - Wisdom',127,'Unseen',NULL),(2836,'2019-06-03 14:05:52','','Updated grades for Galatcha, Mitch Ainslie Valencia in Grade 8 - Wisdom',127,'Unseen',NULL),(2837,'2019-06-03 14:05:52','','Updated grades for Dela Cruz, John Mark Pagar in Grade 8 - Wisdom',127,'Unseen',NULL),(2838,'2019-06-03 14:05:53','','Updated grades for Galatcha, Mitch Ainslie Valencia in Grade 8 - Wisdom',127,'Unseen',NULL),(2839,'2019-06-03 14:05:53','','Updated grades for Dela Cruz, John Mark Pagar in Grade 8 - Wisdom',127,'Unseen',NULL),(2840,'2019-06-03 14:05:53','','Updated grades for Galatcha, Mitch Ainslie Valencia in Grade 8 - Wisdom',127,'Unseen',NULL),(2841,'2019-06-03 14:05:53','','Updated grades for Dela Cruz, John Mark Pagar in Grade 8 - Wisdom',127,'Unseen',NULL),(2842,'2019-06-03 14:05:53','','Updated grades for Galatcha, Mitch Ainslie Valencia in Grade 8 - Wisdom',127,'Unseen',NULL),(2843,'2019-06-03 14:05:53','','Updated grades for Dela Cruz, John Mark Pagar in Grade 8 - Wisdom',127,'Unseen',NULL),(2844,'2019-06-03 14:05:54','','Updated grades for Galatcha, Mitch Ainslie Valencia in Grade 8 - Wisdom',127,'Unseen',NULL),(2845,'2019-06-03 14:05:54','','Updated grades for Dela Cruz, John Mark Pagar in Grade 8 - Wisdom',127,'Unseen',NULL),(2846,'2019-06-03 14:05:54','','Updated grades for Galatcha, Mitch Ainslie Valencia in Grade 8 - Wisdom',127,'Unseen',NULL),(2847,'2019-06-03 14:05:54','','Updated grades for Dela Cruz, John Mark Pagar in Grade 8 - Wisdom',127,'Unseen',NULL),(2848,'2019-06-03 14:05:54','','Updated grades for Galatcha, Mitch Ainslie Valencia in Grade 8 - Wisdom',127,'Unseen',NULL),(2849,'2019-06-03 14:05:54','','Updated grades for Dela Cruz, John Mark Pagar in Grade 8 - Wisdom',127,'Unseen',NULL),(2850,'2019-06-03 14:05:54','','Updated grades for Galatcha, Mitch Ainslie Valencia in Grade 8 - Wisdom',127,'Unseen',NULL),(2851,'2019-06-03 14:05:54','','Updated grades for Dela Cruz, John Mark Pagar in Grade 8 - Wisdom',127,'Unseen',NULL),(2852,'2019-06-03 14:05:54','','Updated grades for Galatcha, Mitch Ainslie Valencia in Grade 8 - Wisdom',127,'Unseen',NULL),(2853,'2019-06-03 14:05:54','','Updated grades for Dela Cruz, John Mark Pagar in Grade 8 - Wisdom',127,'Unseen',NULL),(2854,'2019-06-03 14:05:55','','Updated grades for Galatcha, Mitch Ainslie Valencia in Grade 8 - Wisdom',127,'Unseen',NULL),(2855,'2019-06-03 14:05:55','','Updated grades for Dela Cruz, John Mark Pagar in Grade 8 - Wisdom',127,'Unseen',NULL),(2856,'2019-06-03 14:05:55','','Updated grades for Galatcha, Mitch Ainslie Valencia in Grade 8 - Wisdom',127,'Unseen',NULL),(2857,'2019-06-03 14:05:55','','Updated grades for Dela Cruz, John Mark Pagar in Grade 8 - Wisdom',127,'Unseen',NULL),(2858,'2019-06-03 14:05:55','','Updated grades for Galatcha, Mitch Ainslie Valencia in Grade 8 - Wisdom',127,'Unseen',NULL),(2859,'2019-06-03 14:05:55','','Updated grades for Dela Cruz, John Mark Pagar in Grade 8 - Wisdom',127,'Unseen',NULL),(2860,'2019-06-03 14:05:55','','Updated grades for Galatcha, Mitch Ainslie Valencia in Grade 8 - Wisdom',127,'Unseen',NULL),(2861,'2019-06-03 14:05:55','','Updated grades for Dela Cruz, John Mark Pagar in Grade 8 - Wisdom',127,'Unseen',NULL),(2862,'2019-06-03 14:05:55','','Updated grades for Galatcha, Mitch Ainslie Valencia in Grade 8 - Wisdom',127,'Unseen',NULL),(2863,'2019-06-03 14:05:55','','Updated grades for Dela Cruz, John Mark Pagar in Grade 8 - Wisdom',127,'Unseen',NULL),(2864,'2019-06-03 14:05:55','','Updated grades for Galatcha, Mitch Ainslie Valencia in Grade 8 - Wisdom',127,'Unseen',NULL),(2865,'2019-06-03 14:07:34','Insert','Inserted grades for Dela Cruz, John Mark Pagar in Grade 8 - Wisdom',128,'Unseen',NULL),(2866,'2019-06-03 14:07:34','Insert','Inserted grades for Galatcha, Mitch Ainslie Valencia in Grade 8 - Wisdom',128,'Unseen',NULL),(2867,'2019-06-03 14:07:34','','Updated grades for Dela Cruz, John Mark Pagar in Grade 8 - Wisdom',128,'Unseen',NULL),(2868,'2019-06-03 14:07:34','','Updated grades for Galatcha, Mitch Ainslie Valencia in Grade 8 - Wisdom',128,'Unseen',NULL),(2869,'2019-06-03 14:07:34','Insert','Inserted grades for Dela Cruz, John Mark Pagar in Grade 8 - Wisdom',128,'Unseen',NULL),(2870,'2019-06-03 14:07:34','Insert','Inserted grades for Galatcha, Mitch Ainslie Valencia in Grade 8 - Wisdom',128,'Unseen',NULL),(2871,'2019-06-03 14:07:35','','Updated grades for Dela Cruz, John Mark Pagar in Grade 8 - Wisdom',128,'Unseen',NULL),(2872,'2019-06-03 14:07:35','','Updated grades for Galatcha, Mitch Ainslie Valencia in Grade 8 - Wisdom',128,'Unseen',NULL),(2873,'2019-06-03 14:07:35','Insert','Inserted grades for Dela Cruz, John Mark Pagar in Grade 8 - Wisdom',128,'Unseen',NULL),(2874,'2019-06-03 14:07:35','Insert','Inserted grades for Galatcha, Mitch Ainslie Valencia in Grade 8 - Wisdom',128,'Unseen',NULL),(2875,'2019-06-03 14:07:35','','Updated grades for Dela Cruz, John Mark Pagar in Grade 8 - Wisdom',128,'Unseen',NULL),(2876,'2019-06-03 14:07:35','','Updated grades for Galatcha, Mitch Ainslie Valencia in Grade 8 - Wisdom',128,'Unseen',NULL),(2877,'2019-06-03 14:07:36','Insert','Inserted grades for Dela Cruz, John Mark Pagar in Grade 8 - Wisdom',128,'Unseen',NULL),(2878,'2019-06-03 14:07:36','Insert','Inserted grades for Galatcha, Mitch Ainslie Valencia in Grade 8 - Wisdom',128,'Unseen',NULL),(2879,'2019-06-03 14:07:36','','Updated grades for Dela Cruz, John Mark Pagar in Grade 8 - Wisdom',128,'Unseen',NULL),(2880,'2019-06-03 14:07:36','','Updated grades for Galatcha, Mitch Ainslie Valencia in Grade 8 - Wisdom',128,'Unseen',NULL),(2881,'2019-06-03 14:07:59','','Updated grades for Dela Cruz, John Mark Pagar in Grade 8 - Wisdom',128,'Unseen',NULL),(2882,'2019-06-03 14:07:59','','Updated grades for Galatcha, Mitch Ainslie Valencia in Grade 8 - Wisdom',128,'Unseen',NULL),(2883,'2019-06-03 14:07:59','','Updated grades for Dela Cruz, John Mark Pagar in Grade 8 - Wisdom',128,'Unseen',NULL),(2884,'2019-06-03 14:07:59','','Updated grades for Galatcha, Mitch Ainslie Valencia in Grade 8 - Wisdom',128,'Unseen',NULL),(2885,'2019-06-03 14:07:59','','Updated grades for Dela Cruz, John Mark Pagar in Grade 8 - Wisdom',128,'Unseen',NULL),(2886,'2019-06-03 14:07:59','','Updated grades for Galatcha, Mitch Ainslie Valencia in Grade 8 - Wisdom',128,'Unseen',NULL),(2887,'2019-06-03 14:07:59','','Updated grades for Dela Cruz, John Mark Pagar in Grade 8 - Wisdom',128,'Unseen',NULL),(2888,'2019-06-03 14:07:59','','Updated grades for Galatcha, Mitch Ainslie Valencia in Grade 8 - Wisdom',128,'Unseen',NULL),(2889,'2019-06-03 14:07:59','','Updated grades for Dela Cruz, John Mark Pagar in Grade 8 - Wisdom',128,'Unseen',NULL),(2890,'2019-06-03 14:07:59','','Updated grades for Galatcha, Mitch Ainslie Valencia in Grade 8 - Wisdom',128,'Unseen',NULL),(2891,'2019-06-03 14:07:59','','Updated grades for Dela Cruz, John Mark Pagar in Grade 8 - Wisdom',128,'Unseen',NULL),(2892,'2019-06-03 14:07:59','','Updated grades for Galatcha, Mitch Ainslie Valencia in Grade 8 - Wisdom',128,'Unseen',NULL),(2893,'2019-06-03 14:08:00','','Updated grades for Dela Cruz, John Mark Pagar in Grade 8 - Wisdom',128,'Unseen',NULL),(2894,'2019-06-03 14:08:00','','Updated grades for Galatcha, Mitch Ainslie Valencia in Grade 8 - Wisdom',128,'Unseen',NULL),(2895,'2019-06-03 14:08:00','','Updated grades for Dela Cruz, John Mark Pagar in Grade 8 - Wisdom',128,'Unseen',NULL),(2896,'2019-06-03 14:08:00','','Updated grades for Galatcha, Mitch Ainslie Valencia in Grade 8 - Wisdom',128,'Unseen',NULL),(2897,'2019-06-03 14:08:00','','Updated grades for Dela Cruz, John Mark Pagar in Grade 8 - Wisdom',128,'Unseen',NULL),(2898,'2019-06-03 14:08:00','','Updated grades for Galatcha, Mitch Ainslie Valencia in Grade 8 - Wisdom',128,'Unseen',NULL),(2899,'2019-06-03 14:08:01','','Updated grades for Dela Cruz, John Mark Pagar in Grade 8 - Wisdom',128,'Unseen',NULL),(2900,'2019-06-03 14:08:01','','Updated grades for Galatcha, Mitch Ainslie Valencia in Grade 8 - Wisdom',128,'Unseen',NULL),(2901,'2019-06-03 14:08:01','','Updated grades for Dela Cruz, John Mark Pagar in Grade 8 - Wisdom',128,'Unseen',NULL),(2902,'2019-06-03 14:08:01','','Updated grades for Galatcha, Mitch Ainslie Valencia in Grade 8 - Wisdom',128,'Unseen',NULL),(2903,'2019-06-03 14:08:01','','Updated grades for Dela Cruz, John Mark Pagar in Grade 8 - Wisdom',128,'Unseen',NULL),(2904,'2019-06-03 14:08:01','','Updated grades for Galatcha, Mitch Ainslie Valencia in Grade 8 - Wisdom',128,'Unseen',NULL),(2905,'2019-06-03 14:08:01','','Updated grades for Dela Cruz, John Mark Pagar in Grade 8 - Wisdom',128,'Unseen',NULL),(2906,'2019-06-03 14:08:01','','Updated grades for Galatcha, Mitch Ainslie Valencia in Grade 8 - Wisdom',128,'Unseen',NULL),(2907,'2019-06-03 14:08:01','','Updated grades for Dela Cruz, John Mark Pagar in Grade 8 - Wisdom',128,'Unseen',NULL),(2908,'2019-06-03 14:08:01','','Updated grades for Galatcha, Mitch Ainslie Valencia in Grade 8 - Wisdom',128,'Unseen',NULL),(2909,'2019-06-03 14:08:02','','Updated grades for Dela Cruz, John Mark Pagar in Grade 8 - Wisdom',128,'Unseen',NULL),(2910,'2019-06-03 14:08:02','','Updated grades for Galatcha, Mitch Ainslie Valencia in Grade 8 - Wisdom',128,'Unseen',NULL),(2911,'2019-06-03 14:08:02','','Updated grades for Dela Cruz, John Mark Pagar in Grade 8 - Wisdom',128,'Unseen',NULL),(2912,'2019-06-03 14:08:02','','Updated grades for Galatcha, Mitch Ainslie Valencia in Grade 8 - Wisdom',128,'Unseen',NULL),(2913,'2019-06-03 14:27:06','Insert','Inserted grades for Dela Cruz, Herbert Pagar in Grade 8 - Altruism',12,'Unseen',NULL),(2914,'2019-06-03 14:27:06','Insert','Inserted grades for Fernandez, Solane Gabriel in Grade 8 - Altruism',12,'Unseen',NULL),(2915,'2019-06-03 14:27:06','','Updated grades for Dela Cruz, Herbert Pagar in Grade 8 - Altruism',12,'Unseen',NULL),(2916,'2019-06-03 14:27:06','','Updated grades for Fernandez, Solane Gabriel in Grade 8 - Altruism',12,'Unseen',NULL),(2917,'2019-06-03 14:27:06','Insert','Inserted grades for Dela Cruz, Herbert Pagar in Grade 8 - Altruism',12,'Unseen',NULL),(2918,'2019-06-03 14:27:06','Insert','Inserted grades for Fernandez, Solane Gabriel in Grade 8 - Altruism',12,'Unseen',NULL),(2919,'2019-06-03 14:27:06','','Updated grades for Dela Cruz, Herbert Pagar in Grade 8 - Altruism',12,'Unseen',NULL),(2920,'2019-06-03 14:27:06','','Updated grades for Fernandez, Solane Gabriel in Grade 8 - Altruism',12,'Unseen',NULL),(2921,'2019-06-03 14:27:07','Insert','Inserted grades for Dela Cruz, Herbert Pagar in Grade 8 - Altruism',12,'Unseen',NULL),(2922,'2019-06-03 14:27:07','Insert','Inserted grades for Fernandez, Solane Gabriel in Grade 8 - Altruism',12,'Unseen',NULL),(2923,'2019-06-03 14:27:07','','Updated grades for Dela Cruz, Herbert Pagar in Grade 8 - Altruism',12,'Unseen',NULL),(2924,'2019-06-03 14:27:07','','Updated grades for Fernandez, Solane Gabriel in Grade 8 - Altruism',12,'Unseen',NULL),(2925,'2019-06-03 14:27:07','Insert','Inserted grades for Dela Cruz, Herbert Pagar in Grade 8 - Altruism',12,'Unseen',NULL),(2926,'2019-06-03 14:27:07','Insert','Inserted grades for Fernandez, Solane Gabriel in Grade 8 - Altruism',12,'Unseen',NULL),(2927,'2019-06-03 14:27:08','','Updated grades for Dela Cruz, Herbert Pagar in Grade 8 - Altruism',12,'Unseen',NULL),(2928,'2019-06-03 14:27:08','','Updated grades for Fernandez, Solane Gabriel in Grade 8 - Altruism',12,'Unseen',NULL),(2929,'2019-06-03 14:27:22','','Updated grades for Dela Cruz, John Mark Pagar in Grade 8 - Wisdom',12,'Unseen',NULL),(2930,'2019-06-03 14:27:22','','Updated grades for Galatcha, Mitch Ainslie Valencia in Grade 8 - Wisdom',12,'Unseen',NULL),(2931,'2019-06-03 14:27:22','','Updated grades for Dela Cruz, John Mark Pagar in Grade 8 - Wisdom',12,'Unseen',NULL),(2932,'2019-06-03 14:27:22','','Updated grades for Galatcha, Mitch Ainslie Valencia in Grade 8 - Wisdom',12,'Unseen',NULL),(2933,'2019-06-03 14:27:22','','Updated grades for Dela Cruz, John Mark Pagar in Grade 8 - Wisdom',12,'Unseen',NULL),(2934,'2019-06-03 14:27:22','','Updated grades for Galatcha, Mitch Ainslie Valencia in Grade 8 - Wisdom',12,'Unseen',NULL),(2935,'2019-06-03 14:27:22','','Updated grades for Dela Cruz, John Mark Pagar in Grade 8 - Wisdom',12,'Unseen',NULL),(2936,'2019-06-03 14:27:23','','Updated grades for Galatcha, Mitch Ainslie Valencia in Grade 8 - Wisdom',12,'Unseen',NULL),(2937,'2019-06-03 14:27:23','','Updated grades for Dela Cruz, John Mark Pagar in Grade 8 - Wisdom',12,'Unseen',NULL),(2938,'2019-06-03 14:27:23','','Updated grades for Galatcha, Mitch Ainslie Valencia in Grade 8 - Wisdom',12,'Unseen',NULL),(2939,'2019-06-03 14:27:24','','Updated grades for Dela Cruz, John Mark Pagar in Grade 8 - Wisdom',12,'Unseen',NULL),(2940,'2019-06-03 14:27:24','','Updated grades for Galatcha, Mitch Ainslie Valencia in Grade 8 - Wisdom',12,'Unseen',NULL),(2941,'2019-06-03 14:27:24','','Updated grades for Dela Cruz, John Mark Pagar in Grade 8 - Wisdom',12,'Unseen',NULL),(2942,'2019-06-03 14:27:24','','Updated grades for Galatcha, Mitch Ainslie Valencia in Grade 8 - Wisdom',12,'Unseen',NULL),(2943,'2019-06-03 14:27:24','','Updated grades for Dela Cruz, John Mark Pagar in Grade 8 - Wisdom',12,'Unseen',NULL),(2944,'2019-06-03 14:27:24','','Updated grades for Galatcha, Mitch Ainslie Valencia in Grade 8 - Wisdom',12,'Unseen',NULL),(2945,'2019-06-03 14:27:34','Insert','Inserted grades for Fernandez, Eliza Mae in Grade 9 - Righteousness',12,'Unseen',NULL),(2946,'2019-06-03 14:27:34','Insert','Inserted grades for Fernandez, Eliza Mae in Grade 9 - Righteousness',12,'Unseen',NULL),(2947,'2019-06-03 14:27:34','Insert','Inserted grades for Fernandez, Eliza Mae in Grade 9 - Righteousness',12,'Unseen',NULL),(2948,'2019-06-03 14:27:34','Insert','Inserted grades for Fernandez, Eliza Mae in Grade 9 - Righteousness',12,'Unseen',NULL),(2949,'2019-06-03 21:57:30','Insert','Inserted grades for Grade 8 - Altruism',12,'Unseen',NULL),(2950,'2019-06-03 21:59:48','Insert','Inserted grades for Grade 9 - Righteousness',12,'Unseen',NULL),(2951,'2019-06-03 22:20:48','','Updated grades for Dela Cruz, John Mark Pagar in Grade 8 - Wisdom',12,'Unseen',NULL),(2952,'2019-06-03 22:20:48','','Updated grades for Galatcha, Mitch Ainslie Valencia in Grade 8 - Wisdom',12,'Unseen',NULL),(2953,'2019-06-03 22:20:48','','Updated grades for Dela Cruz, John Mark Pagar in Grade 8 - Wisdom',12,'Unseen',NULL),(2954,'2019-06-03 22:20:48','','Updated grades for Galatcha, Mitch Ainslie Valencia in Grade 8 - Wisdom',12,'Unseen',NULL),(2955,'2019-06-03 22:22:02','','Updated grades for Dela Cruz, John Mark Pagar in Grade 8 - Wisdom',12,'Unseen',NULL),(2956,'2019-06-03 22:22:02','','Updated grades for Galatcha, Mitch Ainslie Valencia in Grade 8 - Wisdom',12,'Unseen',NULL),(2957,'2019-06-03 22:22:02','','Updated grades for Dela Cruz, John Mark Pagar in Grade 8 - Wisdom',12,'Unseen',NULL),(2958,'2019-06-03 22:22:02','','Updated grades for Galatcha, Mitch Ainslie Valencia in Grade 8 - Wisdom',12,'Unseen',NULL),(2959,'2019-06-03 22:22:02','','Updated grades for Dela Cruz, John Mark Pagar in Grade 8 - Wisdom',12,'Unseen',NULL),(2960,'2019-06-03 22:22:03','','Updated grades for Galatcha, Mitch Ainslie Valencia in Grade 8 - Wisdom',12,'Unseen',NULL),(2961,'2019-06-03 22:22:03','','Updated grades for Dela Cruz, John Mark Pagar in Grade 8 - Wisdom',12,'Unseen',NULL),(2962,'2019-06-03 22:22:03','','Updated grades for Galatcha, Mitch Ainslie Valencia in Grade 8 - Wisdom',12,'Unseen',NULL),(2963,'2019-06-03 22:22:53','','Updated grades for Dela Cruz, John Mark Pagar in Grade 8 - Wisdom',12,'Unseen',NULL),(2964,'2019-06-03 22:22:53','','Updated grades for Galatcha, Mitch Ainslie Valencia in Grade 8 - Wisdom',12,'Unseen',NULL),(2965,'2019-06-03 22:22:54','','Updated grades for Dela Cruz, John Mark Pagar in Grade 8 - Wisdom',12,'Unseen',NULL),(2966,'2019-06-03 22:22:54','','Updated grades for Galatcha, Mitch Ainslie Valencia in Grade 8 - Wisdom',12,'Unseen',NULL),(2967,'2019-06-03 22:22:54','','Updated grades for Dela Cruz, John Mark Pagar in Grade 8 - Wisdom',12,'Unseen',NULL),(2968,'2019-06-03 22:22:55','','Updated grades for Galatcha, Mitch Ainslie Valencia in Grade 8 - Wisdom',12,'Unseen',NULL),(2969,'2019-06-03 22:22:55','','Updated grades for Dela Cruz, John Mark Pagar in Grade 8 - Wisdom',12,'Unseen',NULL),(2970,'2019-06-03 22:22:55','','Updated grades for Galatcha, Mitch Ainslie Valencia in Grade 8 - Wisdom',12,'Unseen',NULL),(2971,'2019-06-03 22:22:55','','Updated grades for Dela Cruz, John Mark Pagar in Grade 8 - Wisdom',12,'Unseen',NULL),(2972,'2019-06-03 22:22:55','','Updated grades for Galatcha, Mitch Ainslie Valencia in Grade 8 - Wisdom',12,'Unseen',NULL),(2973,'2019-06-03 22:22:55','','Updated grades for Dela Cruz, John Mark Pagar in Grade 8 - Wisdom',12,'Unseen',NULL),(2974,'2019-06-03 22:22:55','','Updated grades for Galatcha, Mitch Ainslie Valencia in Grade 8 - Wisdom',12,'Unseen',NULL),(2975,'2019-06-03 22:24:17','','Updated grades for Dela Cruz, John Mark Pagar in Grade 8 - Wisdom',12,'Unseen',NULL),(2976,'2019-06-03 22:24:18','','Updated grades for Galatcha, Mitch Ainslie Valencia in Grade 8 - Wisdom',12,'Unseen',NULL),(2977,'2019-06-03 22:24:18','','Updated grades for Dela Cruz, John Mark Pagar in Grade 8 - Wisdom',12,'Unseen',NULL),(2978,'2019-06-03 22:24:18','','Updated grades for Galatcha, Mitch Ainslie Valencia in Grade 8 - Wisdom',12,'Unseen',NULL),(2979,'2019-06-03 22:24:19','','Updated grades for Dela Cruz, John Mark Pagar in Grade 8 - Wisdom',12,'Unseen',NULL),(2980,'2019-06-03 22:24:19','','Updated grades for Galatcha, Mitch Ainslie Valencia in Grade 8 - Wisdom',12,'Unseen',NULL),(2981,'2019-06-03 22:24:19','','Updated grades for Dela Cruz, John Mark Pagar in Grade 8 - Wisdom',12,'Unseen',NULL),(2982,'2019-06-03 22:24:19','','Updated grades for Galatcha, Mitch Ainslie Valencia in Grade 8 - Wisdom',12,'Unseen',NULL),(2983,'2019-06-03 22:24:20','','Updated grades for Dela Cruz, John Mark Pagar in Grade 8 - Wisdom',12,'Unseen',NULL),(2984,'2019-06-03 22:24:20','','Updated grades for Galatcha, Mitch Ainslie Valencia in Grade 8 - Wisdom',12,'Unseen',NULL),(2985,'2019-06-03 22:24:20','','Updated grades for Dela Cruz, John Mark Pagar in Grade 8 - Wisdom',12,'Unseen',NULL),(2986,'2019-06-03 22:24:20','','Updated grades for Galatcha, Mitch Ainslie Valencia in Grade 8 - Wisdom',12,'Unseen',NULL),(2987,'2019-06-03 22:24:21','','Updated grades for Dela Cruz, John Mark Pagar in Grade 8 - Wisdom',12,'Unseen',NULL),(2988,'2019-06-03 22:24:22','','Updated grades for Galatcha, Mitch Ainslie Valencia in Grade 8 - Wisdom',12,'Unseen',NULL),(2989,'2019-06-03 22:24:22','','Updated grades for Dela Cruz, John Mark Pagar in Grade 8 - Wisdom',12,'Unseen',NULL),(2990,'2019-06-03 22:24:22','','Updated grades for Galatcha, Mitch Ainslie Valencia in Grade 8 - Wisdom',12,'Unseen',NULL),(2991,'2019-06-03 22:25:22','','Updated grades for Dela Cruz, John Mark Pagar in Grade 8 - Wisdom',12,'Unseen',NULL),(2992,'2019-06-03 22:25:22','','Updated grades for Galatcha, Mitch Ainslie Valencia in Grade 8 - Wisdom',12,'Unseen',NULL),(2993,'2019-06-03 22:25:22','','Updated grades for Dela Cruz, John Mark Pagar in Grade 8 - Wisdom',12,'Unseen',NULL),(2994,'2019-06-03 22:25:23','','Updated grades for Galatcha, Mitch Ainslie Valencia in Grade 8 - Wisdom',12,'Unseen',NULL),(2995,'2019-06-03 22:25:24','','Updated grades for Dela Cruz, John Mark Pagar in Grade 8 - Wisdom',12,'Unseen',NULL),(2996,'2019-06-03 22:25:24','','Updated grades for Galatcha, Mitch Ainslie Valencia in Grade 8 - Wisdom',12,'Unseen',NULL),(2997,'2019-06-03 22:25:25','','Updated grades for Dela Cruz, John Mark Pagar in Grade 8 - Wisdom',12,'Unseen',NULL),(2998,'2019-06-03 22:25:25','','Updated grades for Galatcha, Mitch Ainslie Valencia in Grade 8 - Wisdom',12,'Unseen',NULL),(2999,'2019-06-03 22:25:25','','Updated grades for Dela Cruz, John Mark Pagar in Grade 8 - Wisdom',12,'Unseen',NULL),(3000,'2019-06-03 22:25:25','','Updated grades for Galatcha, Mitch Ainslie Valencia in Grade 8 - Wisdom',12,'Unseen',NULL),(3001,'2019-06-03 22:25:25','','Updated grades for Dela Cruz, John Mark Pagar in Grade 8 - Wisdom',12,'Unseen',NULL),(3002,'2019-06-03 22:25:25','','Updated grades for Galatcha, Mitch Ainslie Valencia in Grade 8 - Wisdom',12,'Unseen',NULL),(3003,'2019-06-03 22:25:25','','Updated grades for Dela Cruz, John Mark Pagar in Grade 8 - Wisdom',12,'Unseen',NULL),(3004,'2019-06-03 22:25:25','','Updated grades for Galatcha, Mitch Ainslie Valencia in Grade 8 - Wisdom',12,'Unseen',NULL),(3005,'2019-06-03 22:25:26','','Updated grades for Dela Cruz, John Mark Pagar in Grade 8 - Wisdom',12,'Unseen',NULL),(3006,'2019-06-03 22:25:26','','Updated grades for Galatcha, Mitch Ainslie Valencia in Grade 8 - Wisdom',12,'Unseen',NULL),(3007,'2019-06-03 22:45:05','','Updated grades for Dela Cruz, John Mark Pagar in Grade 8 - Wisdom',12,'Unseen',NULL),(3008,'2019-06-03 22:45:05','','Updated grades for Galatcha, Mitch Ainslie Valencia in Grade 8 - Wisdom',12,'Unseen',NULL),(3009,'2019-06-03 22:45:06','','Updated grades for Dela Cruz, John Mark Pagar in Grade 8 - Wisdom',12,'Unseen',NULL),(3010,'2019-06-03 22:45:06','','Updated grades for Galatcha, Mitch Ainslie Valencia in Grade 8 - Wisdom',12,'Unseen',NULL),(3011,'2019-06-03 22:45:06','','Updated grades for Dela Cruz, John Mark Pagar in Grade 8 - Wisdom',12,'Unseen',NULL),(3012,'2019-06-03 22:45:06','','Updated grades for Galatcha, Mitch Ainslie Valencia in Grade 8 - Wisdom',12,'Unseen',NULL),(3013,'2019-06-03 22:45:06','','Updated grades for Dela Cruz, John Mark Pagar in Grade 8 - Wisdom',12,'Unseen',NULL),(3014,'2019-06-03 22:45:07','','Updated grades for Galatcha, Mitch Ainslie Valencia in Grade 8 - Wisdom',12,'Unseen',NULL),(3015,'2019-06-03 22:45:08','','Updated grades for Dela Cruz, John Mark Pagar in Grade 8 - Wisdom',12,'Unseen',NULL),(3016,'2019-06-03 22:45:08','','Updated grades for Galatcha, Mitch Ainslie Valencia in Grade 8 - Wisdom',12,'Unseen',NULL),(3017,'2019-06-03 22:45:08','','Updated grades for Dela Cruz, John Mark Pagar in Grade 8 - Wisdom',12,'Unseen',NULL),(3018,'2019-06-03 22:45:09','','Updated grades for Galatcha, Mitch Ainslie Valencia in Grade 8 - Wisdom',12,'Unseen',NULL),(3019,'2019-06-03 22:45:09','','Updated grades for Dela Cruz, John Mark Pagar in Grade 8 - Wisdom',12,'Unseen',NULL),(3020,'2019-06-03 22:45:10','','Updated grades for Galatcha, Mitch Ainslie Valencia in Grade 8 - Wisdom',12,'Unseen',NULL),(3021,'2019-06-03 22:45:10','','Updated grades for Dela Cruz, John Mark Pagar in Grade 8 - Wisdom',12,'Unseen',NULL),(3022,'2019-06-03 22:45:10','','Updated grades for Galatcha, Mitch Ainslie Valencia in Grade 8 - Wisdom',12,'Unseen',NULL),(3023,'2019-06-04 05:17:28','Update','Successfully updated the grading status to No',145,'Unseen',NULL),(3024,'2019-06-04 05:17:47','Update','Successfully updated the grading status to No',145,'Unseen',NULL),(3025,'2019-06-04 05:25:42','Update','Successfully updated the grading status to No',145,'Unseen',NULL),(3026,'2019-06-04 05:29:37','Update','Successfully updated the grading status to No',145,'Unseen',NULL),(3027,'2019-06-04 05:29:43','Update','Successfully updated the grading status to No',145,'Unseen',NULL),(3028,'2019-06-04 05:48:25','Insert','Added announcement with a Title: PTA General Assembly',1,'Unseen',NULL),(3029,'2019-06-04 05:52:39','Insert','Added the announcement: PTA General Assembly at Room 100.\r\nPlease bring the needed documents stated in the attachment.',1,'Unseen',NULL),(3030,'2019-06-04 05:59:12','Delete','Deleted the announcement \'Sample\'',1,'Unseen',NULL),(3031,'2019-06-04 06:06:02','Insert','Added announcement with a Title: a',1,'Unseen',NULL),(3032,'2019-06-04 06:08:22','Insert','Added the announcement: PTA General Assembly at Room 100.\r\nPlease bring the needed requirements stated in the attachment.',1,'Unseen',NULL),(3033,'2019-06-04 06:08:59','Insert','Added announcement with a Title: PTA General Assembly',1,'Unseen',NULL),(3034,'2019-06-04 06:09:20','Update','Updated the announcement with the following details(Title: Eidl-Fitr, Date Start: 2019-06-06, Date End: 2019-06-06)',1,'Unseen',NULL),(3035,'2019-06-04 06:12:07','Delete','Deleted the event \'PTA General Assembly\'',1,'Unseen',NULL),(3036,'2019-06-04 06:13:12','Update','Updated the announcement with the following details(Title: PTA General Assembly, Date Start: 2019-06-05, Date End: 2019-06-05)',1,'Unseen',NULL),(3037,'2019-06-03 16:00:00','Insert','Added payment for Mitch Ainslie Galatcha',5,'Unseen',NULL),(3038,'2019-06-03 16:00:00','Insert','Added payment for Mitch Ainslie Galatcha',5,'Unseen',NULL),(3039,'2019-06-03 16:00:00','Insert','Added payment for Mitch Ainslie Galatcha',5,'Unseen',NULL),(3040,'2019-06-03 16:00:00','Insert','Added payment for Herbert Dela Cruz',5,'Unseen',NULL),(3041,'2019-06-04 16:00:00','Insert','Added payment for Herbert Dela Cruz',5,'Unseen',NULL),(3042,'2019-06-04 16:00:00','Insert','Added payment for Herbert Dela Cruz',5,'Unseen',NULL),(3043,'2019-06-04 23:40:23','','Updated grades for Rapisura, Hazel Gamboa in Grade 9 - Dignity',12,'Unseen',NULL),(3044,'2019-06-04 23:40:23','','Updated grades for Rapisura, Hazel Gamboa in Grade 9 - Dignity',12,'Unseen',NULL),(3045,'2019-06-04 23:40:23','','Updated grades for Rapisura, Hazel Gamboa in Grade 9 - Dignity',12,'Unseen',NULL),(3046,'2019-06-04 23:40:23','','Updated grades for Rapisura, Hazel Gamboa in Grade 9 - Dignity',12,'Unseen',NULL),(3047,'2019-06-04 16:00:00','Insert','Added payment for Mitch Ainslie Galatcha',5,'Unseen',NULL),(3048,'2019-06-05 07:27:05','Insert','Add Section Grade 8 - Benjie',1,'Unseen',NULL),(3049,'2019-06-05 08:42:51','Insert','Add Section Grade 7 - S',1,'Unseen',NULL),(3050,'2019-06-08 02:34:20','','Updated grades for Dela Cruz, John Mark Pagar in Grade 8 - Wisdom',130,'Unseen',NULL),(3051,'2019-06-08 02:34:20','','Updated grades for Galatcha, Mitch Ainslie Valencia in Grade 8 - Wisdom',130,'Unseen',NULL),(3052,'2019-06-08 02:34:20','','Updated grades for Dela Cruz, John Mark Pagar in Grade 8 - Wisdom',130,'Unseen',NULL),(3053,'2019-06-08 02:34:20','','Updated grades for Galatcha, Mitch Ainslie Valencia in Grade 8 - Wisdom',130,'Unseen',NULL),(3054,'2019-06-08 02:34:20','','Updated grades for Dela Cruz, John Mark Pagar in Grade 8 - Wisdom',130,'Unseen',NULL),(3055,'2019-06-08 02:34:20','','Updated grades for Galatcha, Mitch Ainslie Valencia in Grade 8 - Wisdom',130,'Unseen',NULL),(3056,'2019-06-08 02:34:20','','Updated grades for Dela Cruz, John Mark Pagar in Grade 8 - Wisdom',130,'Unseen',NULL),(3057,'2019-06-08 02:34:20','','Updated grades for Galatcha, Mitch Ainslie Valencia in Grade 8 - Wisdom',130,'Unseen',NULL),(3058,'2019-06-08 02:34:20','','Updated grades for Dela Cruz, John Mark Pagar in Grade 8 - Wisdom',130,'Unseen',NULL),(3059,'2019-06-08 02:34:20','','Updated grades for Galatcha, Mitch Ainslie Valencia in Grade 8 - Wisdom',130,'Unseen',NULL),(3060,'2019-06-08 02:34:20','','Updated grades for Dela Cruz, John Mark Pagar in Grade 8 - Wisdom',130,'Unseen',NULL),(3061,'2019-06-08 02:34:21','','Updated grades for Galatcha, Mitch Ainslie Valencia in Grade 8 - Wisdom',130,'Unseen',NULL),(3062,'2019-06-08 02:34:21','','Updated grades for Dela Cruz, John Mark Pagar in Grade 8 - Wisdom',130,'Unseen',NULL),(3063,'2019-06-08 02:34:21','','Updated grades for Galatcha, Mitch Ainslie Valencia in Grade 8 - Wisdom',130,'Unseen',NULL),(3064,'2019-06-08 02:34:21','Insert','Inserted grades for Dela Cruz, John Mark Pagar in Grade 8 - Wisdom',130,'Unseen',NULL),(3065,'2019-06-08 02:34:21','Insert','Inserted grades for Galatcha, Mitch Ainslie Valencia in Grade 8 - Wisdom',130,'Unseen',NULL),(3066,'2019-06-10 21:24:58','Insert','Inserted grades for Dela Cruz, Herbert Pagar in Grade 8 - Altruism',2,'Unseen',NULL),(3067,'2019-06-10 21:24:58','Insert','Inserted grades for Fernandez, Solane Gabriel in Grade 8 - Altruism',2,'Unseen',NULL),(3068,'2019-06-10 21:24:58','','Updated grades for Dela Cruz, Herbert Pagar in Grade 8 - Altruism',2,'Unseen',NULL),(3069,'2019-06-10 21:24:58','','Updated grades for Fernandez, Solane Gabriel in Grade 8 - Altruism',2,'Unseen',NULL),(3070,'2019-06-10 21:24:59','Insert','Inserted grades for Dela Cruz, Herbert Pagar in Grade 8 - Altruism',2,'Unseen',NULL),(3071,'2019-06-10 21:24:59','Insert','Inserted grades for Fernandez, Solane Gabriel in Grade 8 - Altruism',2,'Unseen',NULL),(3072,'2019-06-10 21:24:59','','Updated grades for Dela Cruz, Herbert Pagar in Grade 8 - Altruism',2,'Unseen',NULL),(3073,'2019-06-10 21:24:59','','Updated grades for Fernandez, Solane Gabriel in Grade 8 - Altruism',2,'Unseen',NULL),(3074,'2019-06-10 21:24:59','Insert','Inserted grades for Dela Cruz, Herbert Pagar in Grade 8 - Altruism',2,'Unseen',NULL),(3075,'2019-06-10 21:24:59','Insert','Inserted grades for Fernandez, Solane Gabriel in Grade 8 - Altruism',2,'Unseen',NULL),(3076,'2019-06-10 21:24:59','','Updated grades for Dela Cruz, Herbert Pagar in Grade 8 - Altruism',2,'Unseen',NULL),(3077,'2019-06-10 21:24:59','','Updated grades for Fernandez, Solane Gabriel in Grade 8 - Altruism',2,'Unseen',NULL),(3078,'2019-06-10 21:24:59','Insert','Inserted grades for Dela Cruz, Herbert Pagar in Grade 8 - Altruism',2,'Unseen',NULL),(3079,'2019-06-10 21:24:59','Insert','Inserted grades for Fernandez, Solane Gabriel in Grade 8 - Altruism',2,'Unseen',NULL),(3080,'2019-06-10 21:24:59','','Updated grades for Dela Cruz, Herbert Pagar in Grade 8 - Altruism',2,'Unseen',NULL),(3081,'2019-06-10 21:24:59','','Updated grades for Fernandez, Solane Gabriel in Grade 8 - Altruism',2,'Unseen',NULL),(3082,'2019-06-10 21:25:14','Insert','Inserted grades for Dela Cruz, John Mark Pagar in Grade 8 - Wisdom',2,'Unseen',NULL),(3083,'2019-06-10 21:25:14','Insert','Inserted grades for Galatcha, Mitch Ainslie Valencia in Grade 8 - Wisdom',2,'Unseen',NULL),(3084,'2019-06-10 21:25:14','','Updated grades for Dela Cruz, John Mark Pagar in Grade 8 - Wisdom',2,'Unseen',NULL),(3085,'2019-06-10 21:25:14','','Updated grades for Galatcha, Mitch Ainslie Valencia in Grade 8 - Wisdom',2,'Unseen',NULL),(3086,'2019-06-10 21:25:14','Insert','Inserted grades for Dela Cruz, John Mark Pagar in Grade 8 - Wisdom',2,'Unseen',NULL),(3087,'2019-06-10 21:25:14','Insert','Inserted grades for Galatcha, Mitch Ainslie Valencia in Grade 8 - Wisdom',2,'Unseen',NULL),(3088,'2019-06-10 21:25:14','','Updated grades for Dela Cruz, John Mark Pagar in Grade 8 - Wisdom',2,'Unseen',NULL),(3089,'2019-06-10 21:25:14','','Updated grades for Galatcha, Mitch Ainslie Valencia in Grade 8 - Wisdom',2,'Unseen',NULL),(3090,'2019-06-10 21:25:14','Insert','Inserted grades for Dela Cruz, John Mark Pagar in Grade 8 - Wisdom',2,'Unseen',NULL),(3091,'2019-06-10 21:25:14','Insert','Inserted grades for Galatcha, Mitch Ainslie Valencia in Grade 8 - Wisdom',2,'Unseen',NULL),(3092,'2019-06-10 21:25:14','','Updated grades for Dela Cruz, John Mark Pagar in Grade 8 - Wisdom',2,'Unseen',NULL),(3093,'2019-06-10 21:25:14','','Updated grades for Galatcha, Mitch Ainslie Valencia in Grade 8 - Wisdom',2,'Unseen',NULL),(3094,'2019-06-10 21:25:14','Insert','Inserted grades for Dela Cruz, John Mark Pagar in Grade 8 - Wisdom',2,'Unseen',NULL),(3095,'2019-06-10 21:25:14','Insert','Inserted grades for Galatcha, Mitch Ainslie Valencia in Grade 8 - Wisdom',2,'Unseen',NULL),(3096,'2019-06-10 21:25:14','','Updated grades for Dela Cruz, John Mark Pagar in Grade 8 - Wisdom',2,'Unseen',NULL),(3097,'2019-06-10 21:25:14','','Updated grades for Galatcha, Mitch Ainslie Valencia in Grade 8 - Wisdom',2,'Unseen',NULL),(3098,'2019-06-10 21:25:22','Insert','Inserted grades for Fernandez, Eliza Mae in Grade 9 - Dignity',2,'Unseen',NULL),(3099,'2019-06-10 21:25:22','Insert','Inserted grades for Fernandez, Eliza Mae in Grade 9 - Dignity',2,'Unseen',NULL),(3100,'2019-06-10 21:25:22','Insert','Inserted grades for Fernandez, Eliza Mae in Grade 9 - Dignity',2,'Unseen',NULL),(3101,'2019-06-10 21:25:22','Insert','Inserted grades for Fernandez, Eliza Mae in Grade 9 - Dignity',2,'Unseen',NULL),(3102,'2019-06-10 21:26:11','Insert','Inserted grades for Dela Cruz, John Mark Pagar in Grade 8 - Wisdom',12,'Unseen',NULL),(3103,'2019-06-10 21:26:11','Insert','Inserted grades for Galatcha, Mitch Ainslie Valencia in Grade 8 - Wisdom',12,'Unseen',NULL),(3104,'2019-06-10 21:26:11','','Updated grades for Dela Cruz, John Mark Pagar in Grade 8 - Wisdom',12,'Unseen',NULL),(3105,'2019-06-10 21:26:11','','Updated grades for Galatcha, Mitch Ainslie Valencia in Grade 8 - Wisdom',12,'Unseen',NULL),(3106,'2019-06-10 21:26:11','Insert','Inserted grades for Dela Cruz, John Mark Pagar in Grade 8 - Wisdom',12,'Unseen',NULL),(3107,'2019-06-10 21:26:12','Insert','Inserted grades for Galatcha, Mitch Ainslie Valencia in Grade 8 - Wisdom',12,'Unseen',NULL),(3108,'2019-06-10 21:26:12','','Updated grades for Dela Cruz, John Mark Pagar in Grade 8 - Wisdom',12,'Unseen',NULL),(3109,'2019-06-10 21:26:12','','Updated grades for Galatcha, Mitch Ainslie Valencia in Grade 8 - Wisdom',12,'Unseen',NULL),(3110,'2019-06-10 21:26:12','Insert','Inserted grades for Dela Cruz, John Mark Pagar in Grade 8 - Wisdom',12,'Unseen',NULL),(3111,'2019-06-10 21:26:12','Insert','Inserted grades for Galatcha, Mitch Ainslie Valencia in Grade 8 - Wisdom',12,'Unseen',NULL),(3112,'2019-06-10 21:26:12','','Updated grades for Dela Cruz, John Mark Pagar in Grade 8 - Wisdom',12,'Unseen',NULL),(3113,'2019-06-10 21:26:12','','Updated grades for Galatcha, Mitch Ainslie Valencia in Grade 8 - Wisdom',12,'Unseen',NULL),(3114,'2019-06-10 21:26:12','Insert','Inserted grades for Dela Cruz, John Mark Pagar in Grade 8 - Wisdom',12,'Unseen',NULL),(3115,'2019-06-10 21:26:12','Insert','Inserted grades for Galatcha, Mitch Ainslie Valencia in Grade 8 - Wisdom',12,'Unseen',NULL),(3116,'2019-06-10 21:26:12','','Updated grades for Dela Cruz, John Mark Pagar in Grade 8 - Wisdom',12,'Unseen',NULL),(3117,'2019-06-10 21:26:12','','Updated grades for Galatcha, Mitch Ainslie Valencia in Grade 8 - Wisdom',12,'Unseen',NULL),(3118,'2019-06-10 21:26:25','Insert','Inserted grades for Dela Cruz, Herbert Pagar in Grade 8 - Altruism',12,'Unseen',NULL),(3119,'2019-06-10 21:26:26','Insert','Inserted grades for Fernandez, Solane Gabriel in Grade 8 - Altruism',12,'Unseen',NULL),(3120,'2019-06-10 21:26:26','','Updated grades for Dela Cruz, Herbert Pagar in Grade 8 - Altruism',12,'Unseen',NULL),(3121,'2019-06-10 21:26:26','','Updated grades for Fernandez, Solane Gabriel in Grade 8 - Altruism',12,'Unseen',NULL),(3122,'2019-06-10 21:26:26','Insert','Inserted grades for Dela Cruz, Herbert Pagar in Grade 8 - Altruism',12,'Unseen',NULL),(3123,'2019-06-10 21:26:26','Insert','Inserted grades for Fernandez, Solane Gabriel in Grade 8 - Altruism',12,'Unseen',NULL),(3124,'2019-06-10 21:26:26','','Updated grades for Dela Cruz, Herbert Pagar in Grade 8 - Altruism',12,'Unseen',NULL),(3125,'2019-06-10 21:26:26','','Updated grades for Fernandez, Solane Gabriel in Grade 8 - Altruism',12,'Unseen',NULL),(3126,'2019-06-10 21:26:26','Insert','Inserted grades for Dela Cruz, Herbert Pagar in Grade 8 - Altruism',12,'Unseen',NULL),(3127,'2019-06-10 21:26:26','Insert','Inserted grades for Fernandez, Solane Gabriel in Grade 8 - Altruism',12,'Unseen',NULL),(3128,'2019-06-10 21:26:26','','Updated grades for Dela Cruz, Herbert Pagar in Grade 8 - Altruism',12,'Unseen',NULL),(3129,'2019-06-10 21:26:26','','Updated grades for Fernandez, Solane Gabriel in Grade 8 - Altruism',12,'Unseen',NULL),(3130,'2019-06-10 21:26:26','Insert','Inserted grades for Dela Cruz, Herbert Pagar in Grade 8 - Altruism',12,'Unseen',NULL),(3131,'2019-06-10 21:26:26','Insert','Inserted grades for Fernandez, Solane Gabriel in Grade 8 - Altruism',12,'Unseen',NULL),(3132,'2019-06-10 21:26:26','','Updated grades for Dela Cruz, Herbert Pagar in Grade 8 - Altruism',12,'Unseen',NULL),(3133,'2019-06-10 21:26:26','','Updated grades for Fernandez, Solane Gabriel in Grade 8 - Altruism',12,'Unseen',NULL),(3134,'2019-06-10 21:26:38','Insert','Inserted grades for Fernandez, Eliza Mae in Grade 9 - Dignity',12,'Unseen',NULL),(3135,'2019-06-10 21:26:38','Insert','Inserted grades for Fernandez, Eliza Mae in Grade 9 - Dignity',12,'Unseen',NULL),(3136,'2019-06-10 21:26:38','Insert','Inserted grades for Fernandez, Eliza Mae in Grade 9 - Dignity',12,'Unseen',NULL),(3137,'2019-06-10 21:26:38','Insert','Inserted grades for Fernandez, Eliza Mae in Grade 9 - Dignity',12,'Unseen',NULL),(3138,'2019-06-10 21:27:19','Insert','Inserted grades for Dela Cruz, Herbert Pagar in Grade 8 - Altruism',13,'Unseen',NULL),(3139,'2019-06-10 21:27:19','Insert','Inserted grades for Fernandez, Solane Gabriel in Grade 8 - Altruism',13,'Unseen',NULL),(3140,'2019-06-10 21:27:19','','Updated grades for Dela Cruz, Herbert Pagar in Grade 8 - Altruism',13,'Unseen',NULL),(3141,'2019-06-10 21:27:19','','Updated grades for Fernandez, Solane Gabriel in Grade 8 - Altruism',13,'Unseen',NULL),(3142,'2019-06-10 21:27:19','Insert','Inserted grades for Dela Cruz, Herbert Pagar in Grade 8 - Altruism',13,'Unseen',NULL),(3143,'2019-06-10 21:27:19','Insert','Inserted grades for Fernandez, Solane Gabriel in Grade 8 - Altruism',13,'Unseen',NULL),(3144,'2019-06-10 21:27:19','','Updated grades for Dela Cruz, Herbert Pagar in Grade 8 - Altruism',13,'Unseen',NULL),(3145,'2019-06-10 21:27:19','','Updated grades for Fernandez, Solane Gabriel in Grade 8 - Altruism',13,'Unseen',NULL),(3146,'2019-06-10 21:27:19','Insert','Inserted grades for Dela Cruz, Herbert Pagar in Grade 8 - Altruism',13,'Unseen',NULL),(3147,'2019-06-10 21:27:19','Insert','Inserted grades for Fernandez, Solane Gabriel in Grade 8 - Altruism',13,'Unseen',NULL),(3148,'2019-06-10 21:27:19','','Updated grades for Dela Cruz, Herbert Pagar in Grade 8 - Altruism',13,'Unseen',NULL),(3149,'2019-06-10 21:27:19','','Updated grades for Fernandez, Solane Gabriel in Grade 8 - Altruism',13,'Unseen',NULL),(3150,'2019-06-10 21:27:19','Insert','Inserted grades for Dela Cruz, Herbert Pagar in Grade 8 - Altruism',13,'Unseen',NULL),(3151,'2019-06-10 21:27:19','Insert','Inserted grades for Fernandez, Solane Gabriel in Grade 8 - Altruism',13,'Unseen',NULL),(3152,'2019-06-10 21:27:19','','Updated grades for Dela Cruz, Herbert Pagar in Grade 8 - Altruism',13,'Unseen',NULL),(3153,'2019-06-10 21:27:19','','Updated grades for Fernandez, Solane Gabriel in Grade 8 - Altruism',13,'Unseen',NULL),(3154,'2019-06-10 21:27:40','Insert','Inserted grades for Dela Cruz, Herbert Pagar in Grade 8 - Altruism',13,'Unseen',NULL),(3155,'2019-06-10 21:27:40','Insert','Inserted grades for Fernandez, Solane Gabriel in Grade 8 - Altruism',13,'Unseen',NULL),(3156,'2019-06-10 21:27:40','','Updated grades for Dela Cruz, Herbert Pagar in Grade 8 - Altruism',13,'Unseen',NULL),(3157,'2019-06-10 21:27:40','','Updated grades for Fernandez, Solane Gabriel in Grade 8 - Altruism',13,'Unseen',NULL),(3158,'2019-06-10 21:27:40','Insert','Inserted grades for Dela Cruz, Herbert Pagar in Grade 8 - Altruism',13,'Unseen',NULL),(3159,'2019-06-10 21:27:40','Insert','Inserted grades for Fernandez, Solane Gabriel in Grade 8 - Altruism',13,'Unseen',NULL),(3160,'2019-06-10 21:27:40','','Updated grades for Dela Cruz, Herbert Pagar in Grade 8 - Altruism',13,'Unseen',NULL),(3161,'2019-06-10 21:27:40','','Updated grades for Fernandez, Solane Gabriel in Grade 8 - Altruism',13,'Unseen',NULL),(3162,'2019-06-10 21:27:40','Insert','Inserted grades for Dela Cruz, Herbert Pagar in Grade 8 - Altruism',13,'Unseen',NULL),(3163,'2019-06-10 21:27:41','Insert','Inserted grades for Fernandez, Solane Gabriel in Grade 8 - Altruism',13,'Unseen',NULL),(3164,'2019-06-10 21:27:41','','Updated grades for Dela Cruz, Herbert Pagar in Grade 8 - Altruism',13,'Unseen',NULL),(3165,'2019-06-10 21:27:41','','Updated grades for Fernandez, Solane Gabriel in Grade 8 - Altruism',13,'Unseen',NULL),(3166,'2019-06-10 21:27:41','Insert','Inserted grades for Dela Cruz, Herbert Pagar in Grade 8 - Altruism',13,'Unseen',NULL),(3167,'2019-06-10 21:27:41','Insert','Inserted grades for Fernandez, Solane Gabriel in Grade 8 - Altruism',13,'Unseen',NULL),(3168,'2019-06-10 21:27:41','','Updated grades for Dela Cruz, Herbert Pagar in Grade 8 - Altruism',13,'Unseen',NULL),(3169,'2019-06-10 21:27:41','','Updated grades for Fernandez, Solane Gabriel in Grade 8 - Altruism',13,'Unseen',NULL),(3170,'2019-06-10 21:27:53','Insert','Inserted grades for Dela Cruz, Herbert Pagar in Grade 8 - Altruism',13,'Unseen',NULL),(3171,'2019-06-10 21:27:53','Insert','Inserted grades for Fernandez, Solane Gabriel in Grade 8 - Altruism',13,'Unseen',NULL),(3172,'2019-06-10 21:27:53','','Updated grades for Dela Cruz, Herbert Pagar in Grade 8 - Altruism',13,'Unseen',NULL),(3173,'2019-06-10 21:27:53','','Updated grades for Fernandez, Solane Gabriel in Grade 8 - Altruism',13,'Unseen',NULL),(3174,'2019-06-10 21:27:53','Insert','Inserted grades for Dela Cruz, Herbert Pagar in Grade 8 - Altruism',13,'Unseen',NULL),(3175,'2019-06-10 21:27:54','Insert','Inserted grades for Fernandez, Solane Gabriel in Grade 8 - Altruism',13,'Unseen',NULL),(3176,'2019-06-10 21:27:54','','Updated grades for Dela Cruz, Herbert Pagar in Grade 8 - Altruism',13,'Unseen',NULL),(3177,'2019-06-10 21:27:54','','Updated grades for Fernandez, Solane Gabriel in Grade 8 - Altruism',13,'Unseen',NULL),(3178,'2019-06-10 21:27:54','Insert','Inserted grades for Dela Cruz, Herbert Pagar in Grade 8 - Altruism',13,'Unseen',NULL),(3179,'2019-06-10 21:27:54','Insert','Inserted grades for Fernandez, Solane Gabriel in Grade 8 - Altruism',13,'Unseen',NULL),(3180,'2019-06-10 21:27:54','','Updated grades for Dela Cruz, Herbert Pagar in Grade 8 - Altruism',13,'Unseen',NULL),(3181,'2019-06-10 21:27:54','','Updated grades for Fernandez, Solane Gabriel in Grade 8 - Altruism',13,'Unseen',NULL),(3182,'2019-06-10 21:27:54','Insert','Inserted grades for Dela Cruz, Herbert Pagar in Grade 8 - Altruism',13,'Unseen',NULL),(3183,'2019-06-10 21:27:54','Insert','Inserted grades for Fernandez, Solane Gabriel in Grade 8 - Altruism',13,'Unseen',NULL),(3184,'2019-06-10 21:27:54','','Updated grades for Dela Cruz, Herbert Pagar in Grade 8 - Altruism',13,'Unseen',NULL),(3185,'2019-06-10 21:27:54','','Updated grades for Fernandez, Solane Gabriel in Grade 8 - Altruism',13,'Unseen',NULL),(3186,'2019-06-10 21:28:05','','Updated grades for Dela Cruz, Herbert Pagar in Grade 8 - Altruism',13,'Unseen',NULL),(3187,'2019-06-10 21:28:05','','Updated grades for Fernandez, Solane Gabriel in Grade 8 - Altruism',13,'Unseen',NULL),(3188,'2019-06-10 21:28:05','','Updated grades for Dela Cruz, Herbert Pagar in Grade 8 - Altruism',13,'Unseen',NULL),(3189,'2019-06-10 21:28:05','','Updated grades for Fernandez, Solane Gabriel in Grade 8 - Altruism',13,'Unseen',NULL),(3190,'2019-06-10 21:28:05','','Updated grades for Dela Cruz, Herbert Pagar in Grade 8 - Altruism',13,'Unseen',NULL),(3191,'2019-06-10 21:28:05','','Updated grades for Fernandez, Solane Gabriel in Grade 8 - Altruism',13,'Unseen',NULL),(3192,'2019-06-10 21:28:05','','Updated grades for Dela Cruz, Herbert Pagar in Grade 8 - Altruism',13,'Unseen',NULL),(3193,'2019-06-10 21:28:05','','Updated grades for Fernandez, Solane Gabriel in Grade 8 - Altruism',13,'Unseen',NULL),(3194,'2019-06-10 21:28:06','','Updated grades for Dela Cruz, Herbert Pagar in Grade 8 - Altruism',13,'Unseen',NULL),(3195,'2019-06-10 21:28:06','','Updated grades for Fernandez, Solane Gabriel in Grade 8 - Altruism',13,'Unseen',NULL),(3196,'2019-06-10 21:28:06','','Updated grades for Dela Cruz, Herbert Pagar in Grade 8 - Altruism',13,'Unseen',NULL),(3197,'2019-06-10 21:28:06','','Updated grades for Fernandez, Solane Gabriel in Grade 8 - Altruism',13,'Unseen',NULL),(3198,'2019-06-10 21:28:06','','Updated grades for Dela Cruz, Herbert Pagar in Grade 8 - Altruism',13,'Unseen',NULL),(3199,'2019-06-10 21:28:06','','Updated grades for Fernandez, Solane Gabriel in Grade 8 - Altruism',13,'Unseen',NULL),(3200,'2019-06-10 21:28:06','','Updated grades for Dela Cruz, Herbert Pagar in Grade 8 - Altruism',13,'Unseen',NULL),(3201,'2019-06-10 21:28:06','','Updated grades for Fernandez, Solane Gabriel in Grade 8 - Altruism',13,'Unseen',NULL),(3202,'2019-06-10 21:29:11','Insert','Inserted grades for Dela Cruz, Herbert Pagar in Grade 8 - Altruism',13,'Unseen',NULL),(3203,'2019-06-10 21:29:11','Insert','Inserted grades for Fernandez, Solane Gabriel in Grade 8 - Altruism',13,'Unseen',NULL),(3204,'2019-06-10 21:29:11','','Updated grades for Dela Cruz, Herbert Pagar in Grade 8 - Altruism',13,'Unseen',NULL),(3205,'2019-06-10 21:29:11','','Updated grades for Fernandez, Solane Gabriel in Grade 8 - Altruism',13,'Unseen',NULL),(3206,'2019-06-10 21:29:11','Insert','Inserted grades for Dela Cruz, Herbert Pagar in Grade 8 - Altruism',13,'Unseen',NULL),(3207,'2019-06-10 21:29:11','Insert','Inserted grades for Fernandez, Solane Gabriel in Grade 8 - Altruism',13,'Unseen',NULL),(3208,'2019-06-10 21:29:11','','Updated grades for Dela Cruz, Herbert Pagar in Grade 8 - Altruism',13,'Unseen',NULL),(3209,'2019-06-10 21:29:11','','Updated grades for Fernandez, Solane Gabriel in Grade 8 - Altruism',13,'Unseen',NULL),(3210,'2019-06-10 21:29:11','Insert','Inserted grades for Dela Cruz, Herbert Pagar in Grade 8 - Altruism',13,'Unseen',NULL),(3211,'2019-06-10 21:29:11','Insert','Inserted grades for Fernandez, Solane Gabriel in Grade 8 - Altruism',13,'Unseen',NULL),(3212,'2019-06-10 21:29:11','','Updated grades for Dela Cruz, Herbert Pagar in Grade 8 - Altruism',13,'Unseen',NULL),(3213,'2019-06-10 21:29:11','','Updated grades for Fernandez, Solane Gabriel in Grade 8 - Altruism',13,'Unseen',NULL),(3214,'2019-06-10 21:29:11','Insert','Inserted grades for Dela Cruz, Herbert Pagar in Grade 8 - Altruism',13,'Unseen',NULL),(3215,'2019-06-10 21:29:11','Insert','Inserted grades for Fernandez, Solane Gabriel in Grade 8 - Altruism',13,'Unseen',NULL),(3216,'2019-06-10 21:29:11','','Updated grades for Dela Cruz, Herbert Pagar in Grade 8 - Altruism',13,'Unseen',NULL),(3217,'2019-06-10 21:29:12','','Updated grades for Fernandez, Solane Gabriel in Grade 8 - Altruism',13,'Unseen',NULL),(3218,'2019-06-10 21:29:30','Insert','Inserted grades for Fernandez, Eliza Mae in Grade 9 - Dignity',13,'Unseen',NULL),(3219,'2019-06-10 21:29:30','Insert','Inserted grades for Fernandez, Eliza Mae in Grade 9 - Dignity',13,'Unseen',NULL),(3220,'2019-06-10 21:29:30','Insert','Inserted grades for Fernandez, Eliza Mae in Grade 9 - Dignity',13,'Unseen',NULL),(3221,'2019-06-10 21:29:30','Insert','Inserted grades for Fernandez, Eliza Mae in Grade 9 - Dignity',13,'Unseen',NULL),(3222,'2019-06-10 21:29:51','Insert','Inserted grades for Fernandez, Eliza Mae in Grade 9 - Dignity',13,'Unseen',NULL),(3223,'2019-06-10 21:29:51','Insert','Inserted grades for Fernandez, Eliza Mae in Grade 9 - Dignity',13,'Unseen',NULL),(3224,'2019-06-10 21:29:51','Insert','Inserted grades for Fernandez, Eliza Mae in Grade 9 - Dignity',13,'Unseen',NULL),(3225,'2019-06-10 21:29:51','Insert','Inserted grades for Fernandez, Eliza Mae in Grade 9 - Dignity',13,'Unseen',NULL),(3226,'2019-06-10 21:30:07','Insert','Inserted grades for Fernandez, Eliza Mae in Grade 9 - Dignity',13,'Unseen',NULL),(3227,'2019-06-10 21:30:07','Insert','Inserted grades for Fernandez, Eliza Mae in Grade 9 - Dignity',13,'Unseen',NULL),(3228,'2019-06-10 21:30:07','Insert','Inserted grades for Fernandez, Eliza Mae in Grade 9 - Dignity',13,'Unseen',NULL),(3229,'2019-06-10 21:30:07','Insert','Inserted grades for Fernandez, Eliza Mae in Grade 9 - Dignity',13,'Unseen',NULL),(3230,'2019-06-10 21:30:25','Insert','Inserted grades for Fernandez, Eliza Mae in Grade 9 - Dignity',13,'Unseen',NULL),(3231,'2019-06-10 21:30:25','Insert','Inserted grades for Fernandez, Eliza Mae in Grade 9 - Dignity',13,'Unseen',NULL),(3232,'2019-06-10 21:30:25','Insert','Inserted grades for Fernandez, Eliza Mae in Grade 9 - Dignity',13,'Unseen',NULL),(3233,'2019-06-10 21:30:25','Insert','Inserted grades for Fernandez, Eliza Mae in Grade 9 - Dignity',13,'Unseen',NULL),(3234,'2019-06-10 21:33:24','Insert','Inserted grades for Dela Cruz, John Mark Pagar in Grade 8 - Wisdom',14,'Unseen',NULL),(3235,'2019-06-10 21:33:24','Insert','Inserted grades for Galatcha, Mitch Ainslie Valencia in Grade 8 - Wisdom',14,'Unseen',NULL),(3236,'2019-06-10 21:33:24','','Updated grades for Dela Cruz, John Mark Pagar in Grade 8 - Wisdom',14,'Unseen',NULL),(3237,'2019-06-10 21:33:24','','Updated grades for Galatcha, Mitch Ainslie Valencia in Grade 8 - Wisdom',14,'Unseen',NULL),(3238,'2019-06-10 21:33:24','Insert','Inserted grades for Dela Cruz, John Mark Pagar in Grade 8 - Wisdom',14,'Unseen',NULL),(3239,'2019-06-10 21:33:24','Insert','Inserted grades for Galatcha, Mitch Ainslie Valencia in Grade 8 - Wisdom',14,'Unseen',NULL),(3240,'2019-06-10 21:33:24','','Updated grades for Dela Cruz, John Mark Pagar in Grade 8 - Wisdom',14,'Unseen',NULL),(3241,'2019-06-10 21:33:24','','Updated grades for Galatcha, Mitch Ainslie Valencia in Grade 8 - Wisdom',14,'Unseen',NULL),(3242,'2019-06-10 21:33:24','Insert','Inserted grades for Dela Cruz, John Mark Pagar in Grade 8 - Wisdom',14,'Unseen',NULL),(3243,'2019-06-10 21:33:24','Insert','Inserted grades for Galatcha, Mitch Ainslie Valencia in Grade 8 - Wisdom',14,'Unseen',NULL),(3244,'2019-06-10 21:33:24','','Updated grades for Dela Cruz, John Mark Pagar in Grade 8 - Wisdom',14,'Unseen',NULL),(3245,'2019-06-10 21:33:24','','Updated grades for Galatcha, Mitch Ainslie Valencia in Grade 8 - Wisdom',14,'Unseen',NULL),(3246,'2019-06-10 21:33:24','Insert','Inserted grades for Dela Cruz, John Mark Pagar in Grade 8 - Wisdom',14,'Unseen',NULL),(3247,'2019-06-10 21:33:24','Insert','Inserted grades for Galatcha, Mitch Ainslie Valencia in Grade 8 - Wisdom',14,'Unseen',NULL),(3248,'2019-06-10 21:33:24','','Updated grades for Dela Cruz, John Mark Pagar in Grade 8 - Wisdom',14,'Unseen',NULL),(3249,'2019-06-10 21:33:24','','Updated grades for Galatcha, Mitch Ainslie Valencia in Grade 8 - Wisdom',14,'Unseen',NULL),(3250,'2019-06-10 21:33:45','Insert','Inserted grades for Dela Cruz, Herbert Pagar in Grade 8 - Altruism',14,'Unseen',NULL),(3251,'2019-06-10 21:33:45','Insert','Inserted grades for Fernandez, Solane Gabriel in Grade 8 - Altruism',14,'Unseen',NULL),(3252,'2019-06-10 21:33:45','','Updated grades for Dela Cruz, Herbert Pagar in Grade 8 - Altruism',14,'Unseen',NULL),(3253,'2019-06-10 21:33:45','','Updated grades for Fernandez, Solane Gabriel in Grade 8 - Altruism',14,'Unseen',NULL),(3254,'2019-06-10 21:33:45','Insert','Inserted grades for Dela Cruz, Herbert Pagar in Grade 8 - Altruism',14,'Unseen',NULL),(3255,'2019-06-10 21:33:45','Insert','Inserted grades for Fernandez, Solane Gabriel in Grade 8 - Altruism',14,'Unseen',NULL),(3256,'2019-06-10 21:33:45','','Updated grades for Dela Cruz, Herbert Pagar in Grade 8 - Altruism',14,'Unseen',NULL),(3257,'2019-06-10 21:33:45','','Updated grades for Fernandez, Solane Gabriel in Grade 8 - Altruism',14,'Unseen',NULL),(3258,'2019-06-10 21:33:45','Insert','Inserted grades for Dela Cruz, Herbert Pagar in Grade 8 - Altruism',14,'Unseen',NULL),(3259,'2019-06-10 21:33:45','Insert','Inserted grades for Fernandez, Solane Gabriel in Grade 8 - Altruism',14,'Unseen',NULL),(3260,'2019-06-10 21:33:45','','Updated grades for Dela Cruz, Herbert Pagar in Grade 8 - Altruism',14,'Unseen',NULL),(3261,'2019-06-10 21:33:45','','Updated grades for Fernandez, Solane Gabriel in Grade 8 - Altruism',14,'Unseen',NULL),(3262,'2019-06-10 21:33:45','Insert','Inserted grades for Dela Cruz, Herbert Pagar in Grade 8 - Altruism',14,'Unseen',NULL),(3263,'2019-06-10 21:33:45','Insert','Inserted grades for Fernandez, Solane Gabriel in Grade 8 - Altruism',14,'Unseen',NULL),(3264,'2019-06-10 21:33:46','','Updated grades for Dela Cruz, Herbert Pagar in Grade 8 - Altruism',14,'Unseen',NULL),(3265,'2019-06-10 21:33:46','','Updated grades for Fernandez, Solane Gabriel in Grade 8 - Altruism',14,'Unseen',NULL),(3266,'2019-06-10 21:34:02','Insert','Inserted grades for Fernandez, Eliza Mae in Grade 9 - Dignity',14,'Unseen',NULL),(3267,'2019-06-10 21:34:02','Insert','Inserted grades for Fernandez, Eliza Mae in Grade 9 - Dignity',14,'Unseen',NULL),(3268,'2019-06-10 21:34:02','Insert','Inserted grades for Fernandez, Eliza Mae in Grade 9 - Dignity',14,'Unseen',NULL),(3269,'2019-06-10 21:34:02','Insert','Inserted grades for Fernandez, Eliza Mae in Grade 9 - Dignity',14,'Unseen',NULL),(3270,'2019-06-10 21:35:03','Insert','Inserted grades for Dela Cruz, John Mark Pagar in Grade 8 - Wisdom',126,'Unseen',NULL),(3271,'2019-06-10 21:35:03','Insert','Inserted grades for Galatcha, Mitch Ainslie Valencia in Grade 8 - Wisdom',126,'Unseen',NULL),(3272,'2019-06-10 21:35:03','','Updated grades for Dela Cruz, John Mark Pagar in Grade 8 - Wisdom',126,'Unseen',NULL),(3273,'2019-06-10 21:35:03','','Updated grades for Galatcha, Mitch Ainslie Valencia in Grade 8 - Wisdom',126,'Unseen',NULL),(3274,'2019-06-10 21:35:03','Insert','Inserted grades for Dela Cruz, John Mark Pagar in Grade 8 - Wisdom',126,'Unseen',NULL),(3275,'2019-06-10 21:35:03','Insert','Inserted grades for Galatcha, Mitch Ainslie Valencia in Grade 8 - Wisdom',126,'Unseen',NULL),(3276,'2019-06-10 21:35:03','','Updated grades for Dela Cruz, John Mark Pagar in Grade 8 - Wisdom',126,'Unseen',NULL),(3277,'2019-06-10 21:35:03','','Updated grades for Galatcha, Mitch Ainslie Valencia in Grade 8 - Wisdom',126,'Unseen',NULL),(3278,'2019-06-10 21:35:03','Insert','Inserted grades for Dela Cruz, John Mark Pagar in Grade 8 - Wisdom',126,'Unseen',NULL),(3279,'2019-06-10 21:35:03','Insert','Inserted grades for Galatcha, Mitch Ainslie Valencia in Grade 8 - Wisdom',126,'Unseen',NULL),(3280,'2019-06-10 21:35:03','','Updated grades for Dela Cruz, John Mark Pagar in Grade 8 - Wisdom',126,'Unseen',NULL),(3281,'2019-06-10 21:35:04','','Updated grades for Galatcha, Mitch Ainslie Valencia in Grade 8 - Wisdom',126,'Unseen',NULL),(3282,'2019-06-10 21:35:04','Insert','Inserted grades for Dela Cruz, John Mark Pagar in Grade 8 - Wisdom',126,'Unseen',NULL),(3283,'2019-06-10 21:35:04','Insert','Inserted grades for Galatcha, Mitch Ainslie Valencia in Grade 8 - Wisdom',126,'Unseen',NULL),(3284,'2019-06-10 21:35:04','','Updated grades for Dela Cruz, John Mark Pagar in Grade 8 - Wisdom',126,'Unseen',NULL),(3285,'2019-06-10 21:35:04','','Updated grades for Galatcha, Mitch Ainslie Valencia in Grade 8 - Wisdom',126,'Unseen',NULL),(3286,'2019-06-10 21:35:11','Insert','Inserted grades for Fernandez, Eliza Mae in Grade 9 - Dignity',126,'Unseen',NULL),(3287,'2019-06-10 21:35:11','Insert','Inserted grades for Fernandez, Eliza Mae in Grade 9 - Dignity',126,'Unseen',NULL),(3288,'2019-06-10 21:35:11','Insert','Inserted grades for Fernandez, Eliza Mae in Grade 9 - Dignity',126,'Unseen',NULL),(3289,'2019-06-10 21:35:11','Insert','Inserted grades for Fernandez, Eliza Mae in Grade 9 - Dignity',126,'Unseen',NULL),(3290,'2019-06-10 21:36:00','Insert','Inserted grades for Dela Cruz, Herbert Pagar in Grade 8 - Altruism',127,'Unseen',NULL),(3291,'2019-06-10 21:36:00','Insert','Inserted grades for Fernandez, Solane Gabriel in Grade 8 - Altruism',127,'Unseen',NULL),(3292,'2019-06-10 21:36:00','','Updated grades for Dela Cruz, Herbert Pagar in Grade 8 - Altruism',127,'Unseen',NULL),(3293,'2019-06-10 21:36:00','','Updated grades for Fernandez, Solane Gabriel in Grade 8 - Altruism',127,'Unseen',NULL),(3294,'2019-06-10 21:36:00','Insert','Inserted grades for Dela Cruz, Herbert Pagar in Grade 8 - Altruism',127,'Unseen',NULL),(3295,'2019-06-10 21:36:00','Insert','Inserted grades for Fernandez, Solane Gabriel in Grade 8 - Altruism',127,'Unseen',NULL),(3296,'2019-06-10 21:36:00','','Updated grades for Dela Cruz, Herbert Pagar in Grade 8 - Altruism',127,'Unseen',NULL),(3297,'2019-06-10 21:36:01','','Updated grades for Fernandez, Solane Gabriel in Grade 8 - Altruism',127,'Unseen',NULL),(3298,'2019-06-10 21:36:01','Insert','Inserted grades for Dela Cruz, Herbert Pagar in Grade 8 - Altruism',127,'Unseen',NULL),(3299,'2019-06-10 21:36:01','Insert','Inserted grades for Fernandez, Solane Gabriel in Grade 8 - Altruism',127,'Unseen',NULL),(3300,'2019-06-10 21:36:01','','Updated grades for Dela Cruz, Herbert Pagar in Grade 8 - Altruism',127,'Unseen',NULL),(3301,'2019-06-10 21:36:01','','Updated grades for Fernandez, Solane Gabriel in Grade 8 - Altruism',127,'Unseen',NULL),(3302,'2019-06-10 21:36:01','Insert','Inserted grades for Dela Cruz, Herbert Pagar in Grade 8 - Altruism',127,'Unseen',NULL),(3303,'2019-06-10 21:36:01','Insert','Inserted grades for Fernandez, Solane Gabriel in Grade 8 - Altruism',127,'Unseen',NULL),(3304,'2019-06-10 21:36:01','','Updated grades for Dela Cruz, Herbert Pagar in Grade 8 - Altruism',127,'Unseen',NULL),(3305,'2019-06-10 21:36:01','','Updated grades for Fernandez, Solane Gabriel in Grade 8 - Altruism',127,'Unseen',NULL),(3306,'2019-06-10 21:36:33','Insert','Inserted grades for Fernandez, Eliza Mae in Grade 9 - Dignity',128,'Unseen',NULL),(3307,'2019-06-10 21:36:33','Insert','Inserted grades for Fernandez, Eliza Mae in Grade 9 - Dignity',128,'Unseen',NULL),(3308,'2019-06-10 21:36:33','Insert','Inserted grades for Fernandez, Eliza Mae in Grade 9 - Dignity',128,'Unseen',NULL),(3309,'2019-06-10 21:36:33','Insert','Inserted grades for Fernandez, Eliza Mae in Grade 9 - Dignity',128,'Unseen',NULL),(3310,'2019-06-10 21:37:12','Insert','Inserted grades for Dela Cruz, Herbert Pagar in Grade 8 - Altruism',129,'Unseen',NULL),(3311,'2019-06-10 21:37:13','Insert','Inserted grades for Fernandez, Solane Gabriel in Grade 8 - Altruism',129,'Unseen',NULL),(3312,'2019-06-10 21:37:13','','Updated grades for Dela Cruz, Herbert Pagar in Grade 8 - Altruism',129,'Unseen',NULL),(3313,'2019-06-10 21:37:13','','Updated grades for Fernandez, Solane Gabriel in Grade 8 - Altruism',129,'Unseen',NULL),(3314,'2019-06-10 21:37:13','Insert','Inserted grades for Dela Cruz, Herbert Pagar in Grade 8 - Altruism',129,'Unseen',NULL),(3315,'2019-06-10 21:37:13','Insert','Inserted grades for Fernandez, Solane Gabriel in Grade 8 - Altruism',129,'Unseen',NULL),(3316,'2019-06-10 21:37:13','','Updated grades for Dela Cruz, Herbert Pagar in Grade 8 - Altruism',129,'Unseen',NULL),(3317,'2019-06-10 21:37:13','','Updated grades for Fernandez, Solane Gabriel in Grade 8 - Altruism',129,'Unseen',NULL),(3318,'2019-06-10 21:37:13','Insert','Inserted grades for Dela Cruz, Herbert Pagar in Grade 8 - Altruism',129,'Unseen',NULL),(3319,'2019-06-10 21:37:13','Insert','Inserted grades for Fernandez, Solane Gabriel in Grade 8 - Altruism',129,'Unseen',NULL),(3320,'2019-06-10 21:37:13','','Updated grades for Dela Cruz, Herbert Pagar in Grade 8 - Altruism',129,'Unseen',NULL),(3321,'2019-06-10 21:37:13','','Updated grades for Fernandez, Solane Gabriel in Grade 8 - Altruism',129,'Unseen',NULL),(3322,'2019-06-10 21:37:13','Insert','Inserted grades for Dela Cruz, Herbert Pagar in Grade 8 - Altruism',129,'Unseen',NULL),(3323,'2019-06-10 21:37:13','Insert','Inserted grades for Fernandez, Solane Gabriel in Grade 8 - Altruism',129,'Unseen',NULL),(3324,'2019-06-10 21:37:13','','Updated grades for Dela Cruz, Herbert Pagar in Grade 8 - Altruism',129,'Unseen',NULL),(3325,'2019-06-10 21:37:13','','Updated grades for Fernandez, Solane Gabriel in Grade 8 - Altruism',129,'Unseen',NULL),(3326,'2019-06-10 21:38:21','Insert','Inserted grades for Dela Cruz, John Mark Pagar in Grade 8 - Wisdom',131,'Unseen',NULL),(3327,'2019-06-10 21:38:21','Insert','Inserted grades for Galatcha, Mitch Ainslie Valencia in Grade 8 - Wisdom',131,'Unseen',NULL),(3328,'2019-06-10 21:38:21','','Updated grades for Dela Cruz, John Mark Pagar in Grade 8 - Wisdom',131,'Unseen',NULL),(3329,'2019-06-10 21:38:21','','Updated grades for Galatcha, Mitch Ainslie Valencia in Grade 8 - Wisdom',131,'Unseen',NULL),(3330,'2019-06-10 21:38:21','Insert','Inserted grades for Dela Cruz, John Mark Pagar in Grade 8 - Wisdom',131,'Unseen',NULL),(3331,'2019-06-10 21:38:21','Insert','Inserted grades for Galatcha, Mitch Ainslie Valencia in Grade 8 - Wisdom',131,'Unseen',NULL),(3332,'2019-06-10 21:38:21','','Updated grades for Dela Cruz, John Mark Pagar in Grade 8 - Wisdom',131,'Unseen',NULL),(3333,'2019-06-10 21:38:21','','Updated grades for Galatcha, Mitch Ainslie Valencia in Grade 8 - Wisdom',131,'Unseen',NULL),(3334,'2019-06-10 21:38:21','Insert','Inserted grades for Dela Cruz, John Mark Pagar in Grade 8 - Wisdom',131,'Unseen',NULL),(3335,'2019-06-10 21:38:21','Insert','Inserted grades for Galatcha, Mitch Ainslie Valencia in Grade 8 - Wisdom',131,'Unseen',NULL),(3336,'2019-06-10 21:38:21','','Updated grades for Dela Cruz, John Mark Pagar in Grade 8 - Wisdom',131,'Unseen',NULL),(3337,'2019-06-10 21:38:21','','Updated grades for Galatcha, Mitch Ainslie Valencia in Grade 8 - Wisdom',131,'Unseen',NULL),(3338,'2019-06-10 21:38:21','Insert','Inserted grades for Dela Cruz, John Mark Pagar in Grade 8 - Wisdom',131,'Unseen',NULL),(3339,'2019-06-10 21:38:21','Insert','Inserted grades for Galatcha, Mitch Ainslie Valencia in Grade 8 - Wisdom',131,'Unseen',NULL),(3340,'2019-06-10 21:38:21','','Updated grades for Dela Cruz, John Mark Pagar in Grade 8 - Wisdom',131,'Unseen',NULL),(3341,'2019-06-10 21:38:21','','Updated grades for Galatcha, Mitch Ainslie Valencia in Grade 8 - Wisdom',131,'Unseen',NULL),(3342,'2019-06-10 21:38:38','Insert','Inserted grades for Dela Cruz, John Mark Pagar in Grade 8 - Wisdom',131,'Unseen',NULL),(3343,'2019-06-10 21:38:38','Insert','Inserted grades for Galatcha, Mitch Ainslie Valencia in Grade 8 - Wisdom',131,'Unseen',NULL),(3344,'2019-06-10 21:38:38','','Updated grades for Dela Cruz, John Mark Pagar in Grade 8 - Wisdom',131,'Unseen',NULL),(3345,'2019-06-10 21:38:38','','Updated grades for Galatcha, Mitch Ainslie Valencia in Grade 8 - Wisdom',131,'Unseen',NULL),(3346,'2019-06-10 21:38:38','Insert','Inserted grades for Dela Cruz, John Mark Pagar in Grade 8 - Wisdom',131,'Unseen',NULL),(3347,'2019-06-10 21:38:38','Insert','Inserted grades for Galatcha, Mitch Ainslie Valencia in Grade 8 - Wisdom',131,'Unseen',NULL),(3348,'2019-06-10 21:38:38','','Updated grades for Dela Cruz, John Mark Pagar in Grade 8 - Wisdom',131,'Unseen',NULL),(3349,'2019-06-10 21:38:38','','Updated grades for Galatcha, Mitch Ainslie Valencia in Grade 8 - Wisdom',131,'Unseen',NULL),(3350,'2019-06-10 21:38:39','Insert','Inserted grades for Dela Cruz, John Mark Pagar in Grade 8 - Wisdom',131,'Unseen',NULL),(3351,'2019-06-10 21:38:39','Insert','Inserted grades for Galatcha, Mitch Ainslie Valencia in Grade 8 - Wisdom',131,'Unseen',NULL),(3352,'2019-06-10 21:38:39','','Updated grades for Dela Cruz, John Mark Pagar in Grade 8 - Wisdom',131,'Unseen',NULL),(3353,'2019-06-10 21:38:39','','Updated grades for Galatcha, Mitch Ainslie Valencia in Grade 8 - Wisdom',131,'Unseen',NULL),(3354,'2019-06-10 21:38:39','Insert','Inserted grades for Dela Cruz, John Mark Pagar in Grade 8 - Wisdom',131,'Unseen',NULL),(3355,'2019-06-10 21:38:39','Insert','Inserted grades for Galatcha, Mitch Ainslie Valencia in Grade 8 - Wisdom',131,'Unseen',NULL),(3356,'2019-06-10 21:38:39','','Updated grades for Dela Cruz, John Mark Pagar in Grade 8 - Wisdom',131,'Unseen',NULL),(3357,'2019-06-10 21:38:39','','Updated grades for Galatcha, Mitch Ainslie Valencia in Grade 8 - Wisdom',131,'Unseen',NULL),(3358,'2019-06-10 21:38:59','Insert','Inserted grades for Dela Cruz, John Mark Pagar in Grade 8 - Wisdom',131,'Unseen',NULL),(3359,'2019-06-10 21:38:59','Insert','Inserted grades for Galatcha, Mitch Ainslie Valencia in Grade 8 - Wisdom',131,'Unseen',NULL),(3360,'2019-06-10 21:38:59','','Updated grades for Dela Cruz, John Mark Pagar in Grade 8 - Wisdom',131,'Unseen',NULL),(3361,'2019-06-10 21:38:59','','Updated grades for Galatcha, Mitch Ainslie Valencia in Grade 8 - Wisdom',131,'Unseen',NULL),(3362,'2019-06-10 21:38:59','Insert','Inserted grades for Dela Cruz, John Mark Pagar in Grade 8 - Wisdom',131,'Unseen',NULL),(3363,'2019-06-10 21:38:59','Insert','Inserted grades for Galatcha, Mitch Ainslie Valencia in Grade 8 - Wisdom',131,'Unseen',NULL),(3364,'2019-06-10 21:38:59','','Updated grades for Dela Cruz, John Mark Pagar in Grade 8 - Wisdom',131,'Unseen',NULL),(3365,'2019-06-10 21:38:59','','Updated grades for Galatcha, Mitch Ainslie Valencia in Grade 8 - Wisdom',131,'Unseen',NULL),(3366,'2019-06-10 21:38:59','Insert','Inserted grades for Dela Cruz, John Mark Pagar in Grade 8 - Wisdom',131,'Unseen',NULL),(3367,'2019-06-10 21:38:59','Insert','Inserted grades for Galatcha, Mitch Ainslie Valencia in Grade 8 - Wisdom',131,'Unseen',NULL),(3368,'2019-06-10 21:38:59','','Updated grades for Dela Cruz, John Mark Pagar in Grade 8 - Wisdom',131,'Unseen',NULL),(3369,'2019-06-10 21:38:59','','Updated grades for Galatcha, Mitch Ainslie Valencia in Grade 8 - Wisdom',131,'Unseen',NULL),(3370,'2019-06-10 21:38:59','Insert','Inserted grades for Dela Cruz, John Mark Pagar in Grade 8 - Wisdom',131,'Unseen',NULL),(3371,'2019-06-10 21:39:00','Insert','Inserted grades for Galatcha, Mitch Ainslie Valencia in Grade 8 - Wisdom',131,'Unseen',NULL),(3372,'2019-06-10 21:39:00','','Updated grades for Dela Cruz, John Mark Pagar in Grade 8 - Wisdom',131,'Unseen',NULL),(3373,'2019-06-10 21:39:00','','Updated grades for Galatcha, Mitch Ainslie Valencia in Grade 8 - Wisdom',131,'Unseen',NULL),(3374,'2019-06-10 21:39:52','Insert','Inserted grades for Dela Cruz, John Mark Pagar in Grade 8 - Wisdom',131,'Unseen',NULL),(3375,'2019-06-10 21:39:52','Insert','Inserted grades for Galatcha, Mitch Ainslie Valencia in Grade 8 - Wisdom',131,'Unseen',NULL),(3376,'2019-06-10 21:39:52','','Updated grades for Dela Cruz, John Mark Pagar in Grade 8 - Wisdom',131,'Unseen',NULL),(3377,'2019-06-10 21:39:52','','Updated grades for Galatcha, Mitch Ainslie Valencia in Grade 8 - Wisdom',131,'Unseen',NULL),(3378,'2019-06-10 21:39:52','Insert','Inserted grades for Dela Cruz, John Mark Pagar in Grade 8 - Wisdom',131,'Unseen',NULL),(3379,'2019-06-10 21:39:52','Insert','Inserted grades for Galatcha, Mitch Ainslie Valencia in Grade 8 - Wisdom',131,'Unseen',NULL),(3380,'2019-06-10 21:39:52','','Updated grades for Dela Cruz, John Mark Pagar in Grade 8 - Wisdom',131,'Unseen',NULL),(3381,'2019-06-10 21:39:52','','Updated grades for Galatcha, Mitch Ainslie Valencia in Grade 8 - Wisdom',131,'Unseen',NULL),(3382,'2019-06-10 21:39:52','Insert','Inserted grades for Dela Cruz, John Mark Pagar in Grade 8 - Wisdom',131,'Unseen',NULL),(3383,'2019-06-10 21:39:53','Insert','Inserted grades for Galatcha, Mitch Ainslie Valencia in Grade 8 - Wisdom',131,'Unseen',NULL),(3384,'2019-06-10 21:39:53','','Updated grades for Dela Cruz, John Mark Pagar in Grade 8 - Wisdom',131,'Unseen',NULL),(3385,'2019-06-10 21:39:53','','Updated grades for Galatcha, Mitch Ainslie Valencia in Grade 8 - Wisdom',131,'Unseen',NULL),(3386,'2019-06-10 21:39:53','Insert','Inserted grades for Dela Cruz, John Mark Pagar in Grade 8 - Wisdom',131,'Unseen',NULL),(3387,'2019-06-10 21:39:53','Insert','Inserted grades for Galatcha, Mitch Ainslie Valencia in Grade 8 - Wisdom',131,'Unseen',NULL),(3388,'2019-06-10 21:39:53','','Updated grades for Dela Cruz, John Mark Pagar in Grade 8 - Wisdom',131,'Unseen',NULL),(3389,'2019-06-10 21:39:53','','Updated grades for Galatcha, Mitch Ainslie Valencia in Grade 8 - Wisdom',131,'Unseen',NULL),(3390,'2019-06-10 21:41:19','Insert','Inserted grades for Dela Cruz, Herbert Pagar in Grade 8 - Altruism',151,'Unseen',NULL),(3391,'2019-06-10 21:41:20','Insert','Inserted grades for Fernandez, Solane Gabriel in Grade 8 - Altruism',151,'Unseen',NULL),(3392,'2019-06-10 21:41:20','','Updated grades for Dela Cruz, Herbert Pagar in Grade 8 - Altruism',151,'Unseen',NULL),(3393,'2019-06-10 21:41:20','','Updated grades for Fernandez, Solane Gabriel in Grade 8 - Altruism',151,'Unseen',NULL),(3394,'2019-06-10 21:41:20','Insert','Inserted grades for Dela Cruz, Herbert Pagar in Grade 8 - Altruism',151,'Unseen',NULL),(3395,'2019-06-10 21:41:20','Insert','Inserted grades for Fernandez, Solane Gabriel in Grade 8 - Altruism',151,'Unseen',NULL),(3396,'2019-06-10 21:41:20','','Updated grades for Dela Cruz, Herbert Pagar in Grade 8 - Altruism',151,'Unseen',NULL),(3397,'2019-06-10 21:41:20','','Updated grades for Fernandez, Solane Gabriel in Grade 8 - Altruism',151,'Unseen',NULL),(3398,'2019-06-10 21:41:20','Insert','Inserted grades for Dela Cruz, Herbert Pagar in Grade 8 - Altruism',151,'Unseen',NULL),(3399,'2019-06-10 21:41:20','Insert','Inserted grades for Fernandez, Solane Gabriel in Grade 8 - Altruism',151,'Unseen',NULL),(3400,'2019-06-10 21:41:20','','Updated grades for Dela Cruz, Herbert Pagar in Grade 8 - Altruism',151,'Unseen',NULL),(3401,'2019-06-10 21:41:20','','Updated grades for Fernandez, Solane Gabriel in Grade 8 - Altruism',151,'Unseen',NULL),(3402,'2019-06-10 21:41:20','Insert','Inserted grades for Dela Cruz, Herbert Pagar in Grade 8 - Altruism',151,'Unseen',NULL),(3403,'2019-06-10 21:41:20','Insert','Inserted grades for Fernandez, Solane Gabriel in Grade 8 - Altruism',151,'Unseen',NULL),(3404,'2019-06-10 21:41:20','','Updated grades for Dela Cruz, Herbert Pagar in Grade 8 - Altruism',151,'Unseen',NULL),(3405,'2019-06-10 21:41:20','','Updated grades for Fernandez, Solane Gabriel in Grade 8 - Altruism',151,'Unseen',NULL),(3406,'2019-06-10 21:41:35','Insert','Inserted grades for Dela Cruz, John Mark Pagar in Grade 8 - Wisdom',151,'Unseen',NULL),(3407,'2019-06-10 21:41:35','Insert','Inserted grades for Galatcha, Mitch Ainslie Valencia in Grade 8 - Wisdom',151,'Unseen',NULL),(3408,'2019-06-10 21:41:35','','Updated grades for Dela Cruz, John Mark Pagar in Grade 8 - Wisdom',151,'Unseen',NULL),(3409,'2019-06-10 21:41:35','','Updated grades for Galatcha, Mitch Ainslie Valencia in Grade 8 - Wisdom',151,'Unseen',NULL),(3410,'2019-06-10 21:41:35','Insert','Inserted grades for Dela Cruz, John Mark Pagar in Grade 8 - Wisdom',151,'Unseen',NULL),(3411,'2019-06-10 21:41:35','Insert','Inserted grades for Galatcha, Mitch Ainslie Valencia in Grade 8 - Wisdom',151,'Unseen',NULL),(3412,'2019-06-10 21:41:35','','Updated grades for Dela Cruz, John Mark Pagar in Grade 8 - Wisdom',151,'Unseen',NULL),(3413,'2019-06-10 21:41:35','','Updated grades for Galatcha, Mitch Ainslie Valencia in Grade 8 - Wisdom',151,'Unseen',NULL),(3414,'2019-06-10 21:41:35','Insert','Inserted grades for Dela Cruz, John Mark Pagar in Grade 8 - Wisdom',151,'Unseen',NULL),(3415,'2019-06-10 21:41:35','Insert','Inserted grades for Galatcha, Mitch Ainslie Valencia in Grade 8 - Wisdom',151,'Unseen',NULL),(3416,'2019-06-10 21:41:35','','Updated grades for Dela Cruz, John Mark Pagar in Grade 8 - Wisdom',151,'Unseen',NULL),(3417,'2019-06-10 21:41:35','','Updated grades for Galatcha, Mitch Ainslie Valencia in Grade 8 - Wisdom',151,'Unseen',NULL),(3418,'2019-06-10 21:41:35','Insert','Inserted grades for Dela Cruz, John Mark Pagar in Grade 8 - Wisdom',151,'Unseen',NULL),(3419,'2019-06-10 21:41:35','Insert','Inserted grades for Galatcha, Mitch Ainslie Valencia in Grade 8 - Wisdom',151,'Unseen',NULL),(3420,'2019-06-10 21:41:35','','Updated grades for Dela Cruz, John Mark Pagar in Grade 8 - Wisdom',151,'Unseen',NULL),(3421,'2019-06-10 21:41:35','','Updated grades for Galatcha, Mitch Ainslie Valencia in Grade 8 - Wisdom',151,'Unseen',NULL),(3422,'2019-06-10 21:42:26','Insert','Inserted grades for Dela Cruz, John Mark Pagar in Grade 8 - Wisdom',152,'Unseen',NULL),(3423,'2019-06-10 21:42:26','Insert','Inserted grades for Galatcha, Mitch Ainslie Valencia in Grade 8 - Wisdom',152,'Unseen',NULL),(3424,'2019-06-10 21:42:26','','Updated grades for Dela Cruz, John Mark Pagar in Grade 8 - Wisdom',152,'Unseen',NULL),(3425,'2019-06-10 21:42:26','','Updated grades for Galatcha, Mitch Ainslie Valencia in Grade 8 - Wisdom',152,'Unseen',NULL),(3426,'2019-06-10 21:42:26','Insert','Inserted grades for Dela Cruz, John Mark Pagar in Grade 8 - Wisdom',152,'Unseen',NULL),(3427,'2019-06-10 21:42:26','Insert','Inserted grades for Galatcha, Mitch Ainslie Valencia in Grade 8 - Wisdom',152,'Unseen',NULL),(3428,'2019-06-10 21:42:26','','Updated grades for Dela Cruz, John Mark Pagar in Grade 8 - Wisdom',152,'Unseen',NULL),(3429,'2019-06-10 21:42:26','','Updated grades for Galatcha, Mitch Ainslie Valencia in Grade 8 - Wisdom',152,'Unseen',NULL),(3430,'2019-06-10 21:42:26','Insert','Inserted grades for Dela Cruz, John Mark Pagar in Grade 8 - Wisdom',152,'Unseen',NULL),(3431,'2019-06-10 21:42:27','Insert','Inserted grades for Galatcha, Mitch Ainslie Valencia in Grade 8 - Wisdom',152,'Unseen',NULL),(3432,'2019-06-10 21:42:27','','Updated grades for Dela Cruz, John Mark Pagar in Grade 8 - Wisdom',152,'Unseen',NULL),(3433,'2019-06-10 21:42:27','','Updated grades for Galatcha, Mitch Ainslie Valencia in Grade 8 - Wisdom',152,'Unseen',NULL),(3434,'2019-06-10 21:42:27','Insert','Inserted grades for Dela Cruz, John Mark Pagar in Grade 8 - Wisdom',152,'Unseen',NULL),(3435,'2019-06-10 21:42:27','Insert','Inserted grades for Galatcha, Mitch Ainslie Valencia in Grade 8 - Wisdom',152,'Unseen',NULL),(3436,'2019-06-10 21:42:27','','Updated grades for Dela Cruz, John Mark Pagar in Grade 8 - Wisdom',152,'Unseen',NULL),(3437,'2019-06-10 21:42:27','','Updated grades for Galatcha, Mitch Ainslie Valencia in Grade 8 - Wisdom',152,'Unseen',NULL),(3438,'2019-06-10 21:42:36','Insert','Inserted grades for Fernandez, Eliza Mae in Grade 9 - Dignity',152,'Unseen',NULL),(3439,'2019-06-10 21:42:36','Insert','Inserted grades for Fernandez, Eliza Mae in Grade 9 - Dignity',152,'Unseen',NULL),(3440,'2019-06-10 21:42:36','Insert','Inserted grades for Fernandez, Eliza Mae in Grade 9 - Dignity',152,'Unseen',NULL),(3441,'2019-06-10 21:42:36','Insert','Inserted grades for Fernandez, Eliza Mae in Grade 9 - Dignity',152,'Unseen',NULL),(3442,'2019-06-14 04:50:44','Insert','Inserted grades for Rapisura, Hazel Gamboa in Grade 9 - Dignity',2,'Unseen',NULL),(3443,'2019-06-14 04:50:44','Insert','Inserted grades for Rapisura, Hazel Gamboa in Grade 9 - Dignity',2,'Unseen',NULL),(3444,'2019-06-14 04:50:44','Insert','Inserted grades for Rapisura, Hazel Gamboa in Grade 9 - Dignity',2,'Unseen',NULL),(3445,'2019-06-14 04:50:44','Insert','Inserted grades for Rapisura, Hazel Gamboa in Grade 9 - Dignity',2,'Unseen',NULL),(3446,'2019-06-14 05:01:07','Insert','Inserted grades for Dela Cruz, Herbert Pagar in Grade 8 - Altruism',2,'Unseen',NULL),(3447,'2019-06-14 05:01:07','Insert','Inserted grades for Fernandez, Solane Gabriel in Grade 8 - Altruism',2,'Unseen',NULL),(3448,'2019-06-14 05:01:07','Update','Updated grades for Dela Cruz, Herbert Pagar in Grade 8 - Altruism',2,'Unseen',NULL),(3449,'2019-06-14 05:01:07','Update','Updated grades for Fernandez, Solane Gabriel in Grade 8 - Altruism',2,'Unseen',NULL),(3450,'2019-06-14 05:01:07','Insert','Inserted grades for Dela Cruz, Herbert Pagar in Grade 8 - Altruism',2,'Unseen',NULL),(3451,'2019-06-14 05:01:08','Insert','Inserted grades for Fernandez, Solane Gabriel in Grade 8 - Altruism',2,'Unseen',NULL),(3452,'2019-06-14 05:01:08','','Updated grades for Dela Cruz, Herbert Pagar in Grade 8 - Altruism',2,'Unseen',NULL),(3453,'2019-06-14 05:01:08','','Updated grades for Fernandez, Solane Gabriel in Grade 8 - Altruism',2,'Unseen',NULL),(3454,'2019-06-14 05:01:08','Insert','Inserted grades for Dela Cruz, Herbert Pagar in Grade 8 - Altruism',2,'Unseen',NULL),(3455,'2019-06-14 05:01:08','Insert','Inserted grades for Fernandez, Solane Gabriel in Grade 8 - Altruism',2,'Unseen',NULL),(3456,'2019-06-14 05:01:08','','Updated grades for Dela Cruz, Herbert Pagar in Grade 8 - Altruism',2,'Unseen',NULL),(3457,'2019-06-14 05:01:08','','Updated grades for Fernandez, Solane Gabriel in Grade 8 - Altruism',2,'Unseen',NULL),(3458,'2019-06-14 05:01:08','Insert','Inserted grades for Dela Cruz, Herbert Pagar in Grade 8 - Altruism',2,'Unseen',NULL),(3459,'2019-06-14 05:01:08','Insert','Inserted grades for Fernandez, Solane Gabriel in Grade 8 - Altruism',2,'Unseen',NULL),(3460,'2019-06-14 05:01:08','','Updated grades for Dela Cruz, Herbert Pagar in Grade 8 - Altruism',2,'Unseen',NULL),(3461,'2019-06-14 05:01:08','','Updated grades for Fernandez, Solane Gabriel in Grade 8 - Altruism',2,'Unseen',NULL),(3462,'2019-06-14 05:01:31','Update','Updated grades for Dela Cruz, Herbert Pagar in Grade 8 - Altruism',2,'Unseen',NULL),(3463,'2019-06-14 05:01:32','Update','Updated grades for Fernandez, Solane Gabriel in Grade 8 - Altruism',2,'Unseen',NULL),(3464,'2019-06-14 05:01:32','Update','Updated grades for Dela Cruz, Herbert Pagar in Grade 8 - Altruism',2,'Unseen',NULL),(3465,'2019-06-14 05:01:32','Update','Updated grades for Fernandez, Solane Gabriel in Grade 8 - Altruism',2,'Unseen',NULL),(3466,'2019-06-14 05:01:32','','Updated grades for Dela Cruz, Herbert Pagar in Grade 8 - Altruism',2,'Unseen',NULL),(3467,'2019-06-14 05:01:32','','Updated grades for Fernandez, Solane Gabriel in Grade 8 - Altruism',2,'Unseen',NULL),(3468,'2019-06-14 05:01:32','','Updated grades for Dela Cruz, Herbert Pagar in Grade 8 - Altruism',2,'Unseen',NULL),(3469,'2019-06-14 05:01:32','','Updated grades for Fernandez, Solane Gabriel in Grade 8 - Altruism',2,'Unseen',NULL),(3470,'2019-06-14 05:01:32','','Updated grades for Dela Cruz, Herbert Pagar in Grade 8 - Altruism',2,'Unseen',NULL),(3471,'2019-06-14 05:01:32','','Updated grades for Fernandez, Solane Gabriel in Grade 8 - Altruism',2,'Unseen',NULL),(3472,'2019-06-14 05:01:32','','Updated grades for Dela Cruz, Herbert Pagar in Grade 8 - Altruism',2,'Unseen',NULL),(3473,'2019-06-14 05:01:32','','Updated grades for Fernandez, Solane Gabriel in Grade 8 - Altruism',2,'Unseen',NULL),(3474,'2019-06-14 05:01:32','','Updated grades for Dela Cruz, Herbert Pagar in Grade 8 - Altruism',2,'Unseen',NULL),(3475,'2019-06-14 05:01:32','','Updated grades for Fernandez, Solane Gabriel in Grade 8 - Altruism',2,'Unseen',NULL),(3476,'2019-06-14 05:01:32','','Updated grades for Dela Cruz, Herbert Pagar in Grade 8 - Altruism',2,'Unseen',NULL),(3477,'2019-06-14 05:01:32','','Updated grades for Fernandez, Solane Gabriel in Grade 8 - Altruism',2,'Unseen',NULL),(3478,'2019-06-14 05:01:50','Insert','Inserted grades for Dela Cruz, John Mark Pagar in Grade 8 - Wisdom',2,'Unseen',NULL),(3479,'2019-06-14 05:01:50','Insert','Inserted grades for Galatcha, Mitch Ainslie Valencia in Grade 8 - Wisdom',2,'Unseen',NULL),(3480,'2019-06-14 05:01:50','Update','Updated grades for Dela Cruz, John Mark Pagar in Grade 8 - Wisdom',2,'Unseen',NULL),(3481,'2019-06-14 05:01:50','Update','Updated grades for Galatcha, Mitch Ainslie Valencia in Grade 8 - Wisdom',2,'Unseen',NULL),(3482,'2019-06-14 05:01:50','Insert','Inserted grades for Dela Cruz, John Mark Pagar in Grade 8 - Wisdom',2,'Unseen',NULL),(3483,'2019-06-14 05:01:50','Insert','Inserted grades for Galatcha, Mitch Ainslie Valencia in Grade 8 - Wisdom',2,'Unseen',NULL),(3484,'2019-06-14 05:01:50','','Updated grades for Dela Cruz, John Mark Pagar in Grade 8 - Wisdom',2,'Unseen',NULL),(3485,'2019-06-14 05:01:50','','Updated grades for Galatcha, Mitch Ainslie Valencia in Grade 8 - Wisdom',2,'Unseen',NULL),(3486,'2019-06-14 05:01:50','Insert','Inserted grades for Dela Cruz, John Mark Pagar in Grade 8 - Wisdom',2,'Unseen',NULL),(3487,'2019-06-14 05:01:50','Insert','Inserted grades for Galatcha, Mitch Ainslie Valencia in Grade 8 - Wisdom',2,'Unseen',NULL),(3488,'2019-06-14 05:01:50','','Updated grades for Dela Cruz, John Mark Pagar in Grade 8 - Wisdom',2,'Unseen',NULL),(3489,'2019-06-14 05:01:50','','Updated grades for Galatcha, Mitch Ainslie Valencia in Grade 8 - Wisdom',2,'Unseen',NULL),(3490,'2019-06-14 05:01:51','Insert','Inserted grades for Dela Cruz, John Mark Pagar in Grade 8 - Wisdom',2,'Unseen',NULL),(3491,'2019-06-14 05:01:51','Insert','Inserted grades for Galatcha, Mitch Ainslie Valencia in Grade 8 - Wisdom',2,'Unseen',NULL),(3492,'2019-06-14 05:01:51','','Updated grades for Dela Cruz, John Mark Pagar in Grade 8 - Wisdom',2,'Unseen',NULL),(3493,'2019-06-14 05:01:51','','Updated grades for Galatcha, Mitch Ainslie Valencia in Grade 8 - Wisdom',2,'Unseen',NULL),(3494,'2019-06-14 05:03:18','Insert','Inserted grades for Dela Cruz, John Mark Pagar in Grade 8 - Wisdom',12,'Unseen',NULL),(3495,'2019-06-14 05:03:18','Insert','Inserted grades for Galatcha, Mitch Ainslie Valencia in Grade 8 - Wisdom',12,'Unseen',NULL),(3496,'2019-06-14 05:03:18','Update','Updated grades for Dela Cruz, John Mark Pagar in Grade 8 - Wisdom',12,'Unseen',NULL),(3497,'2019-06-14 05:03:18','Update','Updated grades for Galatcha, Mitch Ainslie Valencia in Grade 8 - Wisdom',12,'Unseen',NULL),(3498,'2019-06-14 05:03:18','Insert','Inserted grades for Dela Cruz, John Mark Pagar in Grade 8 - Wisdom',12,'Unseen',NULL),(3499,'2019-06-14 05:03:18','Insert','Inserted grades for Galatcha, Mitch Ainslie Valencia in Grade 8 - Wisdom',12,'Unseen',NULL),(3500,'2019-06-14 05:03:18','','Updated grades for Dela Cruz, John Mark Pagar in Grade 8 - Wisdom',12,'Unseen',NULL),(3501,'2019-06-14 05:03:18','','Updated grades for Galatcha, Mitch Ainslie Valencia in Grade 8 - Wisdom',12,'Unseen',NULL),(3502,'2019-06-14 05:03:18','Insert','Inserted grades for Dela Cruz, John Mark Pagar in Grade 8 - Wisdom',12,'Unseen',NULL),(3503,'2019-06-14 05:03:18','Insert','Inserted grades for Galatcha, Mitch Ainslie Valencia in Grade 8 - Wisdom',12,'Unseen',NULL),(3504,'2019-06-14 05:03:18','','Updated grades for Dela Cruz, John Mark Pagar in Grade 8 - Wisdom',12,'Unseen',NULL),(3505,'2019-06-14 05:03:18','','Updated grades for Galatcha, Mitch Ainslie Valencia in Grade 8 - Wisdom',12,'Unseen',NULL),(3506,'2019-06-14 05:03:18','Insert','Inserted grades for Dela Cruz, John Mark Pagar in Grade 8 - Wisdom',12,'Unseen',NULL),(3507,'2019-06-14 05:03:19','Insert','Inserted grades for Galatcha, Mitch Ainslie Valencia in Grade 8 - Wisdom',12,'Unseen',NULL),(3508,'2019-06-14 05:03:19','','Updated grades for Dela Cruz, John Mark Pagar in Grade 8 - Wisdom',12,'Unseen',NULL),(3509,'2019-06-14 05:03:19','','Updated grades for Galatcha, Mitch Ainslie Valencia in Grade 8 - Wisdom',12,'Unseen',NULL),(3510,'2019-06-14 05:03:37','Insert','Inserted grades for Dela Cruz, Herbert Pagar in Grade 8 - Altruism',12,'Unseen',NULL),(3511,'2019-06-14 05:03:37','Insert','Inserted grades for Fernandez, Solane Gabriel in Grade 8 - Altruism',12,'Unseen',NULL),(3512,'2019-06-14 05:03:37','Update','Updated grades for Dela Cruz, Herbert Pagar in Grade 8 - Altruism',12,'Unseen',NULL),(3513,'2019-06-14 05:03:37','Update','Updated grades for Fernandez, Solane Gabriel in Grade 8 - Altruism',12,'Unseen',NULL),(3514,'2019-06-14 05:03:37','Insert','Inserted grades for Dela Cruz, Herbert Pagar in Grade 8 - Altruism',12,'Unseen',NULL),(3515,'2019-06-14 05:03:37','Insert','Inserted grades for Fernandez, Solane Gabriel in Grade 8 - Altruism',12,'Unseen',NULL),(3516,'2019-06-14 05:03:37','','Updated grades for Dela Cruz, Herbert Pagar in Grade 8 - Altruism',12,'Unseen',NULL),(3517,'2019-06-14 05:03:37','','Updated grades for Fernandez, Solane Gabriel in Grade 8 - Altruism',12,'Unseen',NULL),(3518,'2019-06-14 05:03:37','Insert','Inserted grades for Dela Cruz, Herbert Pagar in Grade 8 - Altruism',12,'Unseen',NULL),(3519,'2019-06-14 05:03:37','Insert','Inserted grades for Fernandez, Solane Gabriel in Grade 8 - Altruism',12,'Unseen',NULL),(3520,'2019-06-14 05:03:37','','Updated grades for Dela Cruz, Herbert Pagar in Grade 8 - Altruism',12,'Unseen',NULL),(3521,'2019-06-14 05:03:37','','Updated grades for Fernandez, Solane Gabriel in Grade 8 - Altruism',12,'Unseen',NULL),(3522,'2019-06-14 05:03:37','Insert','Inserted grades for Dela Cruz, Herbert Pagar in Grade 8 - Altruism',12,'Unseen',NULL),(3523,'2019-06-14 05:03:38','Insert','Inserted grades for Fernandez, Solane Gabriel in Grade 8 - Altruism',12,'Unseen',NULL),(3524,'2019-06-14 05:03:38','','Updated grades for Dela Cruz, Herbert Pagar in Grade 8 - Altruism',12,'Unseen',NULL),(3525,'2019-06-14 05:03:38','','Updated grades for Fernandez, Solane Gabriel in Grade 8 - Altruism',12,'Unseen',NULL),(3526,'2019-06-14 05:03:59','Insert','Inserted grades for Rapisura, Hazel Gamboa in Grade 9 - Dignity',12,'Unseen',NULL),(3527,'2019-06-14 05:03:59','Insert','Inserted grades for Rapisura, Hazel Gamboa in Grade 9 - Dignity',12,'Unseen',NULL),(3528,'2019-06-14 05:03:59','Insert','Inserted grades for Rapisura, Hazel Gamboa in Grade 9 - Dignity',12,'Unseen',NULL),(3529,'2019-06-14 05:03:59','Insert','Inserted grades for Rapisura, Hazel Gamboa in Grade 9 - Dignity',12,'Unseen',NULL),(3530,'2019-06-14 05:05:12','Insert','Inserted grades for Fernandez, Eliza Mae in Grade 9 - Righteousness',12,'Unseen',NULL),(3531,'2019-06-14 05:05:12','Insert','Inserted grades for Fernandez, Eliza Mae in Grade 9 - Righteousness',12,'Unseen',NULL),(3532,'2019-06-14 05:05:12','Insert','Inserted grades for Fernandez, Eliza Mae in Grade 9 - Righteousness',12,'Unseen',NULL),(3533,'2019-06-14 05:05:12','Insert','Inserted grades for Fernandez, Eliza Mae in Grade 9 - Righteousness',12,'Unseen',NULL),(3534,'2019-06-14 05:05:58','Insert','Inserted grades for Dela Cruz, Herbert Pagar in Grade 8 - Altruism',13,'Unseen',NULL),(3535,'2019-06-14 05:05:58','Insert','Inserted grades for Fernandez, Solane Gabriel in Grade 8 - Altruism',13,'Unseen',NULL),(3536,'2019-06-14 05:05:58','Update','Updated grades for Dela Cruz, Herbert Pagar in Grade 8 - Altruism',13,'Unseen',NULL),(3537,'2019-06-14 05:05:58','Update','Updated grades for Fernandez, Solane Gabriel in Grade 8 - Altruism',13,'Unseen',NULL),(3538,'2019-06-14 05:05:58','Insert','Inserted grades for Dela Cruz, Herbert Pagar in Grade 8 - Altruism',13,'Unseen',NULL),(3539,'2019-06-14 05:05:59','Insert','Inserted grades for Fernandez, Solane Gabriel in Grade 8 - Altruism',13,'Unseen',NULL),(3540,'2019-06-14 05:05:59','','Updated grades for Dela Cruz, Herbert Pagar in Grade 8 - Altruism',13,'Unseen',NULL),(3541,'2019-06-14 05:05:59','','Updated grades for Fernandez, Solane Gabriel in Grade 8 - Altruism',13,'Unseen',NULL),(3542,'2019-06-14 05:05:59','Insert','Inserted grades for Dela Cruz, Herbert Pagar in Grade 8 - Altruism',13,'Unseen',NULL),(3543,'2019-06-14 05:05:59','Insert','Inserted grades for Fernandez, Solane Gabriel in Grade 8 - Altruism',13,'Unseen',NULL),(3544,'2019-06-14 05:05:59','','Updated grades for Dela Cruz, Herbert Pagar in Grade 8 - Altruism',13,'Unseen',NULL),(3545,'2019-06-14 05:05:59','','Updated grades for Fernandez, Solane Gabriel in Grade 8 - Altruism',13,'Unseen',NULL),(3546,'2019-06-14 05:05:59','Insert','Inserted grades for Dela Cruz, Herbert Pagar in Grade 8 - Altruism',13,'Unseen',NULL),(3547,'2019-06-14 05:05:59','Insert','Inserted grades for Fernandez, Solane Gabriel in Grade 8 - Altruism',13,'Unseen',NULL),(3548,'2019-06-14 05:05:59','','Updated grades for Dela Cruz, Herbert Pagar in Grade 8 - Altruism',13,'Unseen',NULL),(3549,'2019-06-14 05:06:00','','Updated grades for Fernandez, Solane Gabriel in Grade 8 - Altruism',13,'Unseen',NULL),(3550,'2019-06-14 05:06:14','Insert','Inserted grades for Dela Cruz, Herbert Pagar in Grade 8 - Altruism',13,'Unseen',NULL),(3551,'2019-06-14 05:06:14','Insert','Inserted grades for Fernandez, Solane Gabriel in Grade 8 - Altruism',13,'Unseen',NULL),(3552,'2019-06-14 05:06:14','Update','Updated grades for Dela Cruz, Herbert Pagar in Grade 8 - Altruism',13,'Unseen',NULL),(3553,'2019-06-14 05:06:14','Update','Updated grades for Fernandez, Solane Gabriel in Grade 8 - Altruism',13,'Unseen',NULL),(3554,'2019-06-14 05:06:15','Insert','Inserted grades for Dela Cruz, Herbert Pagar in Grade 8 - Altruism',13,'Unseen',NULL),(3555,'2019-06-14 05:06:15','Insert','Inserted grades for Fernandez, Solane Gabriel in Grade 8 - Altruism',13,'Unseen',NULL),(3556,'2019-06-14 05:06:15','','Updated grades for Dela Cruz, Herbert Pagar in Grade 8 - Altruism',13,'Unseen',NULL),(3557,'2019-06-14 05:06:15','','Updated grades for Fernandez, Solane Gabriel in Grade 8 - Altruism',13,'Unseen',NULL),(3558,'2019-06-14 05:06:15','Insert','Inserted grades for Dela Cruz, Herbert Pagar in Grade 8 - Altruism',13,'Unseen',NULL),(3559,'2019-06-14 05:06:15','Insert','Inserted grades for Fernandez, Solane Gabriel in Grade 8 - Altruism',13,'Unseen',NULL),(3560,'2019-06-14 05:06:15','','Updated grades for Dela Cruz, Herbert Pagar in Grade 8 - Altruism',13,'Unseen',NULL),(3561,'2019-06-14 05:06:15','','Updated grades for Fernandez, Solane Gabriel in Grade 8 - Altruism',13,'Unseen',NULL),(3562,'2019-06-14 05:06:15','Insert','Inserted grades for Dela Cruz, Herbert Pagar in Grade 8 - Altruism',13,'Unseen',NULL),(3563,'2019-06-14 05:06:15','Insert','Inserted grades for Fernandez, Solane Gabriel in Grade 8 - Altruism',13,'Unseen',NULL),(3564,'2019-06-14 05:06:15','','Updated grades for Dela Cruz, Herbert Pagar in Grade 8 - Altruism',13,'Unseen',NULL),(3565,'2019-06-14 05:06:16','','Updated grades for Fernandez, Solane Gabriel in Grade 8 - Altruism',13,'Unseen',NULL),(3566,'2019-06-14 05:06:29','Insert','Inserted grades for Dela Cruz, Herbert Pagar in Grade 8 - Altruism',13,'Unseen',NULL),(3567,'2019-06-14 05:06:29','Insert','Inserted grades for Fernandez, Solane Gabriel in Grade 8 - Altruism',13,'Unseen',NULL),(3568,'2019-06-14 05:06:29','Update','Updated grades for Dela Cruz, Herbert Pagar in Grade 8 - Altruism',13,'Unseen',NULL),(3569,'2019-06-14 05:06:29','Update','Updated grades for Fernandez, Solane Gabriel in Grade 8 - Altruism',13,'Unseen',NULL),(3570,'2019-06-14 05:06:29','Insert','Inserted grades for Dela Cruz, Herbert Pagar in Grade 8 - Altruism',13,'Unseen',NULL),(3571,'2019-06-14 05:06:29','Insert','Inserted grades for Fernandez, Solane Gabriel in Grade 8 - Altruism',13,'Unseen',NULL),(3572,'2019-06-14 05:06:29','','Updated grades for Dela Cruz, Herbert Pagar in Grade 8 - Altruism',13,'Unseen',NULL),(3573,'2019-06-14 05:06:29','','Updated grades for Fernandez, Solane Gabriel in Grade 8 - Altruism',13,'Unseen',NULL),(3574,'2019-06-14 05:06:29','Insert','Inserted grades for Dela Cruz, Herbert Pagar in Grade 8 - Altruism',13,'Unseen',NULL),(3575,'2019-06-14 05:06:29','Insert','Inserted grades for Fernandez, Solane Gabriel in Grade 8 - Altruism',13,'Unseen',NULL),(3576,'2019-06-14 05:06:29','','Updated grades for Dela Cruz, Herbert Pagar in Grade 8 - Altruism',13,'Unseen',NULL),(3577,'2019-06-14 05:06:29','','Updated grades for Fernandez, Solane Gabriel in Grade 8 - Altruism',13,'Unseen',NULL),(3578,'2019-06-14 05:06:30','Insert','Inserted grades for Dela Cruz, Herbert Pagar in Grade 8 - Altruism',13,'Unseen',NULL),(3579,'2019-06-14 05:06:30','Insert','Inserted grades for Fernandez, Solane Gabriel in Grade 8 - Altruism',13,'Unseen',NULL),(3580,'2019-06-14 05:06:30','','Updated grades for Dela Cruz, Herbert Pagar in Grade 8 - Altruism',13,'Unseen',NULL),(3581,'2019-06-14 05:06:30','','Updated grades for Fernandez, Solane Gabriel in Grade 8 - Altruism',13,'Unseen',NULL),(3582,'2019-06-14 05:06:50','Insert','Inserted grades for Dela Cruz, Herbert Pagar in Grade 8 - Altruism',13,'Unseen',NULL),(3583,'2019-06-14 05:06:50','Insert','Inserted grades for Fernandez, Solane Gabriel in Grade 8 - Altruism',13,'Unseen',NULL),(3584,'2019-06-14 05:06:50','Update','Updated grades for Dela Cruz, Herbert Pagar in Grade 8 - Altruism',13,'Unseen',NULL),(3585,'2019-06-14 05:06:50','Update','Updated grades for Fernandez, Solane Gabriel in Grade 8 - Altruism',13,'Unseen',NULL),(3586,'2019-06-14 05:06:50','Insert','Inserted grades for Dela Cruz, Herbert Pagar in Grade 8 - Altruism',13,'Unseen',NULL),(3587,'2019-06-14 05:06:50','Insert','Inserted grades for Fernandez, Solane Gabriel in Grade 8 - Altruism',13,'Unseen',NULL),(3588,'2019-06-14 05:06:50','','Updated grades for Dela Cruz, Herbert Pagar in Grade 8 - Altruism',13,'Unseen',NULL),(3589,'2019-06-14 05:06:50','','Updated grades for Fernandez, Solane Gabriel in Grade 8 - Altruism',13,'Unseen',NULL),(3590,'2019-06-14 05:06:50','Insert','Inserted grades for Dela Cruz, Herbert Pagar in Grade 8 - Altruism',13,'Unseen',NULL),(3591,'2019-06-14 05:06:50','Insert','Inserted grades for Fernandez, Solane Gabriel in Grade 8 - Altruism',13,'Unseen',NULL),(3592,'2019-06-14 05:06:50','','Updated grades for Dela Cruz, Herbert Pagar in Grade 8 - Altruism',13,'Unseen',NULL),(3593,'2019-06-14 05:06:50','','Updated grades for Fernandez, Solane Gabriel in Grade 8 - Altruism',13,'Unseen',NULL),(3594,'2019-06-14 05:06:51','Insert','Inserted grades for Dela Cruz, Herbert Pagar in Grade 8 - Altruism',13,'Unseen',NULL),(3595,'2019-06-14 05:06:51','Insert','Inserted grades for Fernandez, Solane Gabriel in Grade 8 - Altruism',13,'Unseen',NULL),(3596,'2019-06-14 05:06:51','','Updated grades for Dela Cruz, Herbert Pagar in Grade 8 - Altruism',13,'Unseen',NULL),(3597,'2019-06-14 05:06:51','','Updated grades for Fernandez, Solane Gabriel in Grade 8 - Altruism',13,'Unseen',NULL),(3598,'2019-06-14 05:07:03','Insert','Inserted grades for Rapisura, Hazel Gamboa in Grade 9 - Dignity',13,'Unseen',NULL),(3599,'2019-06-14 05:07:03','Insert','Inserted grades for Rapisura, Hazel Gamboa in Grade 9 - Dignity',13,'Unseen',NULL),(3600,'2019-06-14 05:07:03','Insert','Inserted grades for Rapisura, Hazel Gamboa in Grade 9 - Dignity',13,'Unseen',NULL),(3601,'2019-06-14 05:07:03','Insert','Inserted grades for Rapisura, Hazel Gamboa in Grade 9 - Dignity',13,'Unseen',NULL),(3602,'2019-06-14 05:07:22','Insert','Inserted grades for Rapisura, Hazel Gamboa in Grade 9 - Dignity',13,'Unseen',NULL),(3603,'2019-06-14 05:07:22','Insert','Inserted grades for Rapisura, Hazel Gamboa in Grade 9 - Dignity',13,'Unseen',NULL),(3604,'2019-06-14 05:07:22','Insert','Inserted grades for Rapisura, Hazel Gamboa in Grade 9 - Dignity',13,'Unseen',NULL),(3605,'2019-06-14 05:07:23','Insert','Inserted grades for Rapisura, Hazel Gamboa in Grade 9 - Dignity',13,'Unseen',NULL),(3606,'2019-06-14 05:07:32','Insert','Inserted grades for Rapisura, Hazel Gamboa in Grade 9 - Dignity',13,'Unseen',NULL),(3607,'2019-06-14 05:07:32','Insert','Inserted grades for Rapisura, Hazel Gamboa in Grade 9 - Dignity',13,'Unseen',NULL),(3608,'2019-06-14 05:07:32','Insert','Inserted grades for Rapisura, Hazel Gamboa in Grade 9 - Dignity',13,'Unseen',NULL),(3609,'2019-06-14 05:07:32','Insert','Inserted grades for Rapisura, Hazel Gamboa in Grade 9 - Dignity',13,'Unseen',NULL),(3610,'2019-06-14 05:08:15','Insert','Inserted grades for Rapisura, Hazel Gamboa in Grade 9 - Dignity',13,'Unseen',NULL),(3611,'2019-06-14 05:08:15','Insert','Inserted grades for Rapisura, Hazel Gamboa in Grade 9 - Dignity',13,'Unseen',NULL),(3612,'2019-06-14 05:08:15','Insert','Inserted grades for Rapisura, Hazel Gamboa in Grade 9 - Dignity',13,'Unseen',NULL),(3613,'2019-06-14 05:08:15','Insert','Inserted grades for Rapisura, Hazel Gamboa in Grade 9 - Dignity',13,'Unseen',NULL),(3614,'2019-06-14 05:09:06','Insert','Inserted grades for Dela Cruz, John Mark Pagar in Grade 8 - Wisdom',14,'Unseen',NULL),(3615,'2019-06-14 05:09:06','Insert','Inserted grades for Galatcha, Mitch Ainslie Valencia in Grade 8 - Wisdom',14,'Unseen',NULL),(3616,'2019-06-14 05:09:06','Update','Updated grades for Dela Cruz, John Mark Pagar in Grade 8 - Wisdom',14,'Unseen',NULL),(3617,'2019-06-14 05:09:06','Update','Updated grades for Galatcha, Mitch Ainslie Valencia in Grade 8 - Wisdom',14,'Unseen',NULL),(3618,'2019-06-14 05:09:06','Insert','Inserted grades for Dela Cruz, John Mark Pagar in Grade 8 - Wisdom',14,'Unseen',NULL),(3619,'2019-06-14 05:09:06','Insert','Inserted grades for Galatcha, Mitch Ainslie Valencia in Grade 8 - Wisdom',14,'Unseen',NULL),(3620,'2019-06-14 05:09:06','','Updated grades for Dela Cruz, John Mark Pagar in Grade 8 - Wisdom',14,'Unseen',NULL),(3621,'2019-06-14 05:09:06','','Updated grades for Galatcha, Mitch Ainslie Valencia in Grade 8 - Wisdom',14,'Unseen',NULL),(3622,'2019-06-14 05:09:06','Insert','Inserted grades for Dela Cruz, John Mark Pagar in Grade 8 - Wisdom',14,'Unseen',NULL),(3623,'2019-06-14 05:09:07','Insert','Inserted grades for Galatcha, Mitch Ainslie Valencia in Grade 8 - Wisdom',14,'Unseen',NULL),(3624,'2019-06-14 05:09:07','','Updated grades for Dela Cruz, John Mark Pagar in Grade 8 - Wisdom',14,'Unseen',NULL),(3625,'2019-06-14 05:09:07','','Updated grades for Galatcha, Mitch Ainslie Valencia in Grade 8 - Wisdom',14,'Unseen',NULL),(3626,'2019-06-14 05:09:07','Insert','Inserted grades for Dela Cruz, John Mark Pagar in Grade 8 - Wisdom',14,'Unseen',NULL),(3627,'2019-06-14 05:09:07','Insert','Inserted grades for Galatcha, Mitch Ainslie Valencia in Grade 8 - Wisdom',14,'Unseen',NULL),(3628,'2019-06-14 05:09:07','','Updated grades for Dela Cruz, John Mark Pagar in Grade 8 - Wisdom',14,'Unseen',NULL),(3629,'2019-06-14 05:09:07','','Updated grades for Galatcha, Mitch Ainslie Valencia in Grade 8 - Wisdom',14,'Unseen',NULL),(3630,'2019-06-14 05:09:24','Insert','Inserted grades for Dela Cruz, Herbert Pagar in Grade 8 - Altruism',14,'Unseen',NULL),(3631,'2019-06-14 05:09:24','Insert','Inserted grades for Fernandez, Solane Gabriel in Grade 8 - Altruism',14,'Unseen',NULL),(3632,'2019-06-14 05:09:24','Update','Updated grades for Dela Cruz, Herbert Pagar in Grade 8 - Altruism',14,'Unseen',NULL),(3633,'2019-06-14 05:09:24','Update','Updated grades for Fernandez, Solane Gabriel in Grade 8 - Altruism',14,'Unseen',NULL),(3634,'2019-06-14 05:09:24','Insert','Inserted grades for Dela Cruz, Herbert Pagar in Grade 8 - Altruism',14,'Unseen',NULL),(3635,'2019-06-14 05:09:24','Insert','Inserted grades for Fernandez, Solane Gabriel in Grade 8 - Altruism',14,'Unseen',NULL),(3636,'2019-06-14 05:09:24','','Updated grades for Dela Cruz, Herbert Pagar in Grade 8 - Altruism',14,'Unseen',NULL),(3637,'2019-06-14 05:09:24','','Updated grades for Fernandez, Solane Gabriel in Grade 8 - Altruism',14,'Unseen',NULL),(3638,'2019-06-14 05:09:24','Insert','Inserted grades for Dela Cruz, Herbert Pagar in Grade 8 - Altruism',14,'Unseen',NULL),(3639,'2019-06-14 05:09:25','Insert','Inserted grades for Fernandez, Solane Gabriel in Grade 8 - Altruism',14,'Unseen',NULL),(3640,'2019-06-14 05:09:25','','Updated grades for Dela Cruz, Herbert Pagar in Grade 8 - Altruism',14,'Unseen',NULL),(3641,'2019-06-14 05:09:25','','Updated grades for Fernandez, Solane Gabriel in Grade 8 - Altruism',14,'Unseen',NULL),(3642,'2019-06-14 05:09:25','Insert','Inserted grades for Dela Cruz, Herbert Pagar in Grade 8 - Altruism',14,'Unseen',NULL),(3643,'2019-06-14 05:09:25','Insert','Inserted grades for Fernandez, Solane Gabriel in Grade 8 - Altruism',14,'Unseen',NULL),(3644,'2019-06-14 05:09:25','','Updated grades for Dela Cruz, Herbert Pagar in Grade 8 - Altruism',14,'Unseen',NULL),(3645,'2019-06-14 05:09:25','','Updated grades for Fernandez, Solane Gabriel in Grade 8 - Altruism',14,'Unseen',NULL),(3646,'2019-06-14 05:09:35','Insert','Inserted grades for Rapisura, Hazel Gamboa in Grade 9 - Dignity',14,'Unseen',NULL),(3647,'2019-06-14 05:09:35','Insert','Inserted grades for Rapisura, Hazel Gamboa in Grade 9 - Dignity',14,'Unseen',NULL),(3648,'2019-06-14 05:09:35','Insert','Inserted grades for Rapisura, Hazel Gamboa in Grade 9 - Dignity',14,'Unseen',NULL),(3649,'2019-06-14 05:09:35','Insert','Inserted grades for Rapisura, Hazel Gamboa in Grade 9 - Dignity',14,'Unseen',NULL),(3650,'2019-06-14 05:09:46','Insert','Inserted grades for Fernandez, Eliza Mae in Grade 9 - Righteousness',14,'Unseen',NULL),(3651,'2019-06-14 05:09:46','Insert','Inserted grades for Fernandez, Eliza Mae in Grade 9 - Righteousness',14,'Unseen',NULL),(3652,'2019-06-14 05:09:46','Insert','Inserted grades for Fernandez, Eliza Mae in Grade 9 - Righteousness',14,'Unseen',NULL),(3653,'2019-06-14 05:09:47','Insert','Inserted grades for Fernandez, Eliza Mae in Grade 9 - Righteousness',14,'Unseen',NULL),(3654,'2019-06-14 05:13:52','Insert','Inserted grades for Dela Cruz, John Mark Pagar in Grade 8 - Wisdom',126,'Unseen',NULL),(3655,'2019-06-14 05:13:52','Insert','Inserted grades for Galatcha, Mitch Ainslie Valencia in Grade 8 - Wisdom',126,'Unseen',NULL),(3656,'2019-06-14 05:13:52','Update','Updated grades for Dela Cruz, John Mark Pagar in Grade 8 - Wisdom',126,'Unseen',NULL),(3657,'2019-06-14 05:13:52','Update','Updated grades for Galatcha, Mitch Ainslie Valencia in Grade 8 - Wisdom',126,'Unseen',NULL),(3658,'2019-06-14 05:13:52','Insert','Inserted grades for Dela Cruz, John Mark Pagar in Grade 8 - Wisdom',126,'Unseen',NULL),(3659,'2019-06-14 05:13:52','Insert','Inserted grades for Galatcha, Mitch Ainslie Valencia in Grade 8 - Wisdom',126,'Unseen',NULL),(3660,'2019-06-14 05:13:52','','Updated grades for Dela Cruz, John Mark Pagar in Grade 8 - Wisdom',126,'Unseen',NULL),(3661,'2019-06-14 05:13:52','','Updated grades for Galatcha, Mitch Ainslie Valencia in Grade 8 - Wisdom',126,'Unseen',NULL),(3662,'2019-06-14 05:13:52','Insert','Inserted grades for Dela Cruz, John Mark Pagar in Grade 8 - Wisdom',126,'Unseen',NULL),(3663,'2019-06-14 05:13:53','Insert','Inserted grades for Galatcha, Mitch Ainslie Valencia in Grade 8 - Wisdom',126,'Unseen',NULL),(3664,'2019-06-14 05:13:53','','Updated grades for Dela Cruz, John Mark Pagar in Grade 8 - Wisdom',126,'Unseen',NULL),(3665,'2019-06-14 05:13:53','','Updated grades for Galatcha, Mitch Ainslie Valencia in Grade 8 - Wisdom',126,'Unseen',NULL),(3666,'2019-06-14 05:13:53','Insert','Inserted grades for Dela Cruz, John Mark Pagar in Grade 8 - Wisdom',126,'Unseen',NULL),(3667,'2019-06-14 05:13:53','Insert','Inserted grades for Galatcha, Mitch Ainslie Valencia in Grade 8 - Wisdom',126,'Unseen',NULL),(3668,'2019-06-14 05:13:53','','Updated grades for Dela Cruz, John Mark Pagar in Grade 8 - Wisdom',126,'Unseen',NULL),(3669,'2019-06-14 05:13:53','','Updated grades for Galatcha, Mitch Ainslie Valencia in Grade 8 - Wisdom',126,'Unseen',NULL),(3670,'2019-06-14 05:14:09','Insert','Inserted grades for Rapisura, Hazel Gamboa in Grade 9 - Dignity',126,'Unseen',NULL),(3671,'2019-06-14 05:14:10','Insert','Inserted grades for Rapisura, Hazel Gamboa in Grade 9 - Dignity',126,'Unseen',NULL),(3672,'2019-06-14 05:14:10','Insert','Inserted grades for Rapisura, Hazel Gamboa in Grade 9 - Dignity',126,'Unseen',NULL),(3673,'2019-06-14 05:14:10','Insert','Inserted grades for Rapisura, Hazel Gamboa in Grade 9 - Dignity',126,'Unseen',NULL),(3674,'2019-06-14 05:15:32','Insert','Inserted grades for Dela Cruz, Herbert Pagar in Grade 8 - Altruism',127,'Unseen',NULL),(3675,'2019-06-14 05:15:32','Insert','Inserted grades for Fernandez, Solane Gabriel in Grade 8 - Altruism',127,'Unseen',NULL),(3676,'2019-06-14 05:15:32','Update','Updated grades for Dela Cruz, Herbert Pagar in Grade 8 - Altruism',127,'Unseen',NULL),(3677,'2019-06-14 05:15:32','Update','Updated grades for Fernandez, Solane Gabriel in Grade 8 - Altruism',127,'Unseen',NULL),(3678,'2019-06-14 05:15:32','Insert','Inserted grades for Dela Cruz, Herbert Pagar in Grade 8 - Altruism',127,'Unseen',NULL),(3679,'2019-06-14 05:15:33','Insert','Inserted grades for Fernandez, Solane Gabriel in Grade 8 - Altruism',127,'Unseen',NULL),(3680,'2019-06-14 05:15:33','','Updated grades for Dela Cruz, Herbert Pagar in Grade 8 - Altruism',127,'Unseen',NULL),(3681,'2019-06-14 05:15:33','','Updated grades for Fernandez, Solane Gabriel in Grade 8 - Altruism',127,'Unseen',NULL),(3682,'2019-06-14 05:15:33','Insert','Inserted grades for Dela Cruz, Herbert Pagar in Grade 8 - Altruism',127,'Unseen',NULL),(3683,'2019-06-14 05:15:33','Insert','Inserted grades for Fernandez, Solane Gabriel in Grade 8 - Altruism',127,'Unseen',NULL),(3684,'2019-06-14 05:15:33','','Updated grades for Dela Cruz, Herbert Pagar in Grade 8 - Altruism',127,'Unseen',NULL),(3685,'2019-06-14 05:15:33','','Updated grades for Fernandez, Solane Gabriel in Grade 8 - Altruism',127,'Unseen',NULL),(3686,'2019-06-14 05:15:33','Insert','Inserted grades for Dela Cruz, Herbert Pagar in Grade 8 - Altruism',127,'Unseen',NULL),(3687,'2019-06-14 05:15:33','Insert','Inserted grades for Fernandez, Solane Gabriel in Grade 8 - Altruism',127,'Unseen',NULL),(3688,'2019-06-14 05:15:33','','Updated grades for Dela Cruz, Herbert Pagar in Grade 8 - Altruism',127,'Unseen',NULL),(3689,'2019-06-14 05:15:33','','Updated grades for Fernandez, Solane Gabriel in Grade 8 - Altruism',127,'Unseen',NULL),(3690,'2019-06-14 05:16:28','Insert','Inserted grades for Rapisura, Hazel Gamboa in Grade 9 - Dignity',128,'Unseen',NULL),(3691,'2019-06-14 05:16:28','Insert','Inserted grades for Rapisura, Hazel Gamboa in Grade 9 - Dignity',128,'Unseen',NULL),(3692,'2019-06-14 05:16:28','Insert','Inserted grades for Rapisura, Hazel Gamboa in Grade 9 - Dignity',128,'Unseen',NULL),(3693,'2019-06-14 05:16:29','Insert','Inserted grades for Rapisura, Hazel Gamboa in Grade 9 - Dignity',128,'Unseen',NULL),(3694,'2019-06-14 05:17:13','Insert','Inserted grades for Dela Cruz, Herbert Pagar in Grade 8 - Altruism',129,'Unseen',NULL),(3695,'2019-06-14 05:17:13','Insert','Inserted grades for Fernandez, Solane Gabriel in Grade 8 - Altruism',129,'Unseen',NULL),(3696,'2019-06-14 05:17:13','Update','Updated grades for Dela Cruz, Herbert Pagar in Grade 8 - Altruism',129,'Unseen',NULL),(3697,'2019-06-14 05:17:13','Update','Updated grades for Fernandez, Solane Gabriel in Grade 8 - Altruism',129,'Unseen',NULL),(3698,'2019-06-14 05:17:13','Insert','Inserted grades for Dela Cruz, Herbert Pagar in Grade 8 - Altruism',129,'Unseen',NULL),(3699,'2019-06-14 05:17:13','Insert','Inserted grades for Fernandez, Solane Gabriel in Grade 8 - Altruism',129,'Unseen',NULL),(3700,'2019-06-14 05:17:13','','Updated grades for Dela Cruz, Herbert Pagar in Grade 8 - Altruism',129,'Unseen',NULL),(3701,'2019-06-14 05:17:13','','Updated grades for Fernandez, Solane Gabriel in Grade 8 - Altruism',129,'Unseen',NULL),(3702,'2019-06-14 05:17:14','Insert','Inserted grades for Dela Cruz, Herbert Pagar in Grade 8 - Altruism',129,'Unseen',NULL),(3703,'2019-06-14 05:17:14','Insert','Inserted grades for Fernandez, Solane Gabriel in Grade 8 - Altruism',129,'Unseen',NULL),(3704,'2019-06-14 05:17:14','','Updated grades for Dela Cruz, Herbert Pagar in Grade 8 - Altruism',129,'Unseen',NULL),(3705,'2019-06-14 05:17:14','','Updated grades for Fernandez, Solane Gabriel in Grade 8 - Altruism',129,'Unseen',NULL),(3706,'2019-06-14 05:17:14','Insert','Inserted grades for Dela Cruz, Herbert Pagar in Grade 8 - Altruism',129,'Unseen',NULL),(3707,'2019-06-14 05:17:14','Insert','Inserted grades for Fernandez, Solane Gabriel in Grade 8 - Altruism',129,'Unseen',NULL),(3708,'2019-06-14 05:17:14','','Updated grades for Dela Cruz, Herbert Pagar in Grade 8 - Altruism',129,'Unseen',NULL),(3709,'2019-06-14 05:17:14','','Updated grades for Fernandez, Solane Gabriel in Grade 8 - Altruism',129,'Unseen',NULL),(3710,'2019-06-14 05:17:39','Insert','Inserted grades for Fernandez, Eliza Mae in Grade 9 - Righteousness',129,'Unseen',NULL),(3711,'2019-06-14 05:17:39','Insert','Inserted grades for Fernandez, Eliza Mae in Grade 9 - Righteousness',129,'Unseen',NULL),(3712,'2019-06-14 05:17:40','Insert','Inserted grades for Fernandez, Eliza Mae in Grade 9 - Righteousness',129,'Unseen',NULL),(3713,'2019-06-14 05:17:40','Insert','Inserted grades for Fernandez, Eliza Mae in Grade 9 - Righteousness',129,'Unseen',NULL),(3714,'2019-06-14 05:18:41','Insert','Inserted grades for Dela Cruz, John Mark Pagar in Grade 8 - Wisdom',131,'Unseen',NULL),(3715,'2019-06-14 05:18:41','Insert','Inserted grades for Galatcha, Mitch Ainslie Valencia in Grade 8 - Wisdom',131,'Unseen',NULL),(3716,'2019-06-14 05:18:41','Update','Updated grades for Dela Cruz, John Mark Pagar in Grade 8 - Wisdom',131,'Unseen',NULL),(3717,'2019-06-14 05:18:41','Update','Updated grades for Galatcha, Mitch Ainslie Valencia in Grade 8 - Wisdom',131,'Unseen',NULL),(3718,'2019-06-14 05:18:41','Insert','Inserted grades for Dela Cruz, John Mark Pagar in Grade 8 - Wisdom',131,'Unseen',NULL),(3719,'2019-06-14 05:18:41','Insert','Inserted grades for Galatcha, Mitch Ainslie Valencia in Grade 8 - Wisdom',131,'Unseen',NULL),(3720,'2019-06-14 05:18:41','','Updated grades for Dela Cruz, John Mark Pagar in Grade 8 - Wisdom',131,'Unseen',NULL),(3721,'2019-06-14 05:18:41','','Updated grades for Galatcha, Mitch Ainslie Valencia in Grade 8 - Wisdom',131,'Unseen',NULL),(3722,'2019-06-14 05:18:41','Insert','Inserted grades for Dela Cruz, John Mark Pagar in Grade 8 - Wisdom',131,'Unseen',NULL),(3723,'2019-06-14 05:18:41','Insert','Inserted grades for Galatcha, Mitch Ainslie Valencia in Grade 8 - Wisdom',131,'Unseen',NULL),(3724,'2019-06-14 05:18:41','','Updated grades for Dela Cruz, John Mark Pagar in Grade 8 - Wisdom',131,'Unseen',NULL),(3725,'2019-06-14 05:18:41','','Updated grades for Galatcha, Mitch Ainslie Valencia in Grade 8 - Wisdom',131,'Unseen',NULL),(3726,'2019-06-14 05:18:42','Insert','Inserted grades for Dela Cruz, John Mark Pagar in Grade 8 - Wisdom',131,'Unseen',NULL),(3727,'2019-06-14 05:18:42','Insert','Inserted grades for Galatcha, Mitch Ainslie Valencia in Grade 8 - Wisdom',131,'Unseen',NULL),(3728,'2019-06-14 05:18:42','','Updated grades for Dela Cruz, John Mark Pagar in Grade 8 - Wisdom',131,'Unseen',NULL),(3729,'2019-06-14 05:18:42','','Updated grades for Galatcha, Mitch Ainslie Valencia in Grade 8 - Wisdom',131,'Unseen',NULL),(3730,'2019-06-14 05:18:57','Insert','Inserted grades for Dela Cruz, John Mark Pagar in Grade 8 - Wisdom',131,'Unseen',NULL),(3731,'2019-06-14 05:18:57','Insert','Inserted grades for Galatcha, Mitch Ainslie Valencia in Grade 8 - Wisdom',131,'Unseen',NULL),(3732,'2019-06-14 05:18:57','Update','Updated grades for Dela Cruz, John Mark Pagar in Grade 8 - Wisdom',131,'Unseen',NULL),(3733,'2019-06-14 05:18:58','Update','Updated grades for Galatcha, Mitch Ainslie Valencia in Grade 8 - Wisdom',131,'Unseen',NULL),(3734,'2019-06-14 05:18:58','Insert','Inserted grades for Dela Cruz, John Mark Pagar in Grade 8 - Wisdom',131,'Unseen',NULL),(3735,'2019-06-14 05:18:58','Insert','Inserted grades for Galatcha, Mitch Ainslie Valencia in Grade 8 - Wisdom',131,'Unseen',NULL),(3736,'2019-06-14 05:18:58','','Updated grades for Dela Cruz, John Mark Pagar in Grade 8 - Wisdom',131,'Unseen',NULL),(3737,'2019-06-14 05:18:58','','Updated grades for Galatcha, Mitch Ainslie Valencia in Grade 8 - Wisdom',131,'Unseen',NULL),(3738,'2019-06-14 05:18:58','Insert','Inserted grades for Dela Cruz, John Mark Pagar in Grade 8 - Wisdom',131,'Unseen',NULL),(3739,'2019-06-14 05:18:58','Insert','Inserted grades for Galatcha, Mitch Ainslie Valencia in Grade 8 - Wisdom',131,'Unseen',NULL),(3740,'2019-06-14 05:18:58','','Updated grades for Dela Cruz, John Mark Pagar in Grade 8 - Wisdom',131,'Unseen',NULL),(3741,'2019-06-14 05:18:58','','Updated grades for Galatcha, Mitch Ainslie Valencia in Grade 8 - Wisdom',131,'Unseen',NULL),(3742,'2019-06-14 05:18:58','Insert','Inserted grades for Dela Cruz, John Mark Pagar in Grade 8 - Wisdom',131,'Unseen',NULL),(3743,'2019-06-14 05:18:58','Insert','Inserted grades for Galatcha, Mitch Ainslie Valencia in Grade 8 - Wisdom',131,'Unseen',NULL),(3744,'2019-06-14 05:18:58','','Updated grades for Dela Cruz, John Mark Pagar in Grade 8 - Wisdom',131,'Unseen',NULL),(3745,'2019-06-14 05:18:58','','Updated grades for Galatcha, Mitch Ainslie Valencia in Grade 8 - Wisdom',131,'Unseen',NULL),(3746,'2019-06-14 05:19:15','Insert','Inserted grades for Dela Cruz, John Mark Pagar in Grade 8 - Wisdom',131,'Unseen',NULL),(3747,'2019-06-14 05:19:15','Insert','Inserted grades for Galatcha, Mitch Ainslie Valencia in Grade 8 - Wisdom',131,'Unseen',NULL),(3748,'2019-06-14 05:19:15','Update','Updated grades for Dela Cruz, John Mark Pagar in Grade 8 - Wisdom',131,'Unseen',NULL),(3749,'2019-06-14 05:19:15','Update','Updated grades for Galatcha, Mitch Ainslie Valencia in Grade 8 - Wisdom',131,'Unseen',NULL),(3750,'2019-06-14 05:19:15','Insert','Inserted grades for Dela Cruz, John Mark Pagar in Grade 8 - Wisdom',131,'Unseen',NULL),(3751,'2019-06-14 05:19:15','Insert','Inserted grades for Galatcha, Mitch Ainslie Valencia in Grade 8 - Wisdom',131,'Unseen',NULL),(3752,'2019-06-14 05:19:15','','Updated grades for Dela Cruz, John Mark Pagar in Grade 8 - Wisdom',131,'Unseen',NULL),(3753,'2019-06-14 05:19:15','','Updated grades for Galatcha, Mitch Ainslie Valencia in Grade 8 - Wisdom',131,'Unseen',NULL),(3754,'2019-06-14 05:19:15','Insert','Inserted grades for Dela Cruz, John Mark Pagar in Grade 8 - Wisdom',131,'Unseen',NULL),(3755,'2019-06-14 05:19:15','Insert','Inserted grades for Galatcha, Mitch Ainslie Valencia in Grade 8 - Wisdom',131,'Unseen',NULL),(3756,'2019-06-14 05:19:16','','Updated grades for Dela Cruz, John Mark Pagar in Grade 8 - Wisdom',131,'Unseen',NULL),(3757,'2019-06-14 05:19:16','','Updated grades for Galatcha, Mitch Ainslie Valencia in Grade 8 - Wisdom',131,'Unseen',NULL),(3758,'2019-06-14 05:19:16','Insert','Inserted grades for Dela Cruz, John Mark Pagar in Grade 8 - Wisdom',131,'Unseen',NULL),(3759,'2019-06-14 05:19:16','Insert','Inserted grades for Galatcha, Mitch Ainslie Valencia in Grade 8 - Wisdom',131,'Unseen',NULL),(3760,'2019-06-14 05:19:16','','Updated grades for Dela Cruz, John Mark Pagar in Grade 8 - Wisdom',131,'Unseen',NULL),(3761,'2019-06-14 05:19:16','','Updated grades for Galatcha, Mitch Ainslie Valencia in Grade 8 - Wisdom',131,'Unseen',NULL),(3762,'2019-06-14 05:19:38','Insert','Inserted grades for Dela Cruz, John Mark Pagar in Grade 8 - Wisdom',131,'Unseen',NULL),(3763,'2019-06-14 05:19:38','Insert','Inserted grades for Galatcha, Mitch Ainslie Valencia in Grade 8 - Wisdom',131,'Unseen',NULL),(3764,'2019-06-14 05:19:38','Update','Updated grades for Dela Cruz, John Mark Pagar in Grade 8 - Wisdom',131,'Unseen',NULL),(3765,'2019-06-14 05:19:38','Update','Updated grades for Galatcha, Mitch Ainslie Valencia in Grade 8 - Wisdom',131,'Unseen',NULL),(3766,'2019-06-14 05:19:38','Insert','Inserted grades for Dela Cruz, John Mark Pagar in Grade 8 - Wisdom',131,'Unseen',NULL),(3767,'2019-06-14 05:19:38','Insert','Inserted grades for Galatcha, Mitch Ainslie Valencia in Grade 8 - Wisdom',131,'Unseen',NULL),(3768,'2019-06-14 05:19:38','','Updated grades for Dela Cruz, John Mark Pagar in Grade 8 - Wisdom',131,'Unseen',NULL),(3769,'2019-06-14 05:19:38','','Updated grades for Galatcha, Mitch Ainslie Valencia in Grade 8 - Wisdom',131,'Unseen',NULL),(3770,'2019-06-14 05:19:38','Insert','Inserted grades for Dela Cruz, John Mark Pagar in Grade 8 - Wisdom',131,'Unseen',NULL),(3771,'2019-06-14 05:19:39','Insert','Inserted grades for Galatcha, Mitch Ainslie Valencia in Grade 8 - Wisdom',131,'Unseen',NULL),(3772,'2019-06-14 05:19:39','','Updated grades for Dela Cruz, John Mark Pagar in Grade 8 - Wisdom',131,'Unseen',NULL),(3773,'2019-06-14 05:19:39','','Updated grades for Galatcha, Mitch Ainslie Valencia in Grade 8 - Wisdom',131,'Unseen',NULL),(3774,'2019-06-14 05:19:39','Insert','Inserted grades for Dela Cruz, John Mark Pagar in Grade 8 - Wisdom',131,'Unseen',NULL),(3775,'2019-06-14 05:19:39','Insert','Inserted grades for Galatcha, Mitch Ainslie Valencia in Grade 8 - Wisdom',131,'Unseen',NULL),(3776,'2019-06-14 05:19:39','','Updated grades for Dela Cruz, John Mark Pagar in Grade 8 - Wisdom',131,'Unseen',NULL),(3777,'2019-06-14 05:19:39','','Updated grades for Galatcha, Mitch Ainslie Valencia in Grade 8 - Wisdom',131,'Unseen',NULL),(3778,'2019-06-14 05:19:53','Insert','Inserted grades for Fernandez, Eliza Mae in Grade 9 - Righteousness',131,'Unseen',NULL),(3779,'2019-06-14 05:19:53','Insert','Inserted grades for Fernandez, Eliza Mae in Grade 9 - Righteousness',131,'Unseen',NULL),(3780,'2019-06-14 05:19:53','Insert','Inserted grades for Fernandez, Eliza Mae in Grade 9 - Righteousness',131,'Unseen',NULL),(3781,'2019-06-14 05:19:54','Insert','Inserted grades for Fernandez, Eliza Mae in Grade 9 - Righteousness',131,'Unseen',NULL),(3782,'2019-06-14 05:20:12','Insert','Inserted grades for Fernandez, Eliza Mae in Grade 9 - Righteousness',131,'Unseen',NULL),(3783,'2019-06-14 05:20:12','Insert','Inserted grades for Fernandez, Eliza Mae in Grade 9 - Righteousness',131,'Unseen',NULL),(3784,'2019-06-14 05:20:13','Insert','Inserted grades for Fernandez, Eliza Mae in Grade 9 - Righteousness',131,'Unseen',NULL),(3785,'2019-06-14 05:20:13','Insert','Inserted grades for Fernandez, Eliza Mae in Grade 9 - Righteousness',131,'Unseen',NULL),(3786,'2019-06-14 05:20:23','Insert','Inserted grades for Fernandez, Eliza Mae in Grade 9 - Righteousness',131,'Unseen',NULL),(3787,'2019-06-14 05:20:23','Insert','Inserted grades for Fernandez, Eliza Mae in Grade 9 - Righteousness',131,'Unseen',NULL),(3788,'2019-06-14 05:20:24','Insert','Inserted grades for Fernandez, Eliza Mae in Grade 9 - Righteousness',131,'Unseen',NULL),(3789,'2019-06-14 05:20:24','Insert','Inserted grades for Fernandez, Eliza Mae in Grade 9 - Righteousness',131,'Unseen',NULL),(3790,'2019-06-14 05:20:33','Insert','Inserted grades for Fernandez, Eliza Mae in Grade 9 - Righteousness',131,'Unseen',NULL),(3791,'2019-06-14 05:20:33','Insert','Inserted grades for Fernandez, Eliza Mae in Grade 9 - Righteousness',131,'Unseen',NULL),(3792,'2019-06-14 05:20:34','Insert','Inserted grades for Fernandez, Eliza Mae in Grade 9 - Righteousness',131,'Unseen',NULL),(3793,'2019-06-14 05:20:34','Insert','Inserted grades for Fernandez, Eliza Mae in Grade 9 - Righteousness',131,'Unseen',NULL),(3794,'2019-06-14 05:21:15','Insert','Inserted grades for Fernandez, Eliza Mae in Grade 9 - Righteousness',148,'Unseen',NULL),(3795,'2019-06-14 05:21:16','Insert','Inserted grades for Fernandez, Eliza Mae in Grade 9 - Righteousness',148,'Unseen',NULL),(3796,'2019-06-14 05:21:16','Insert','Inserted grades for Fernandez, Eliza Mae in Grade 9 - Righteousness',148,'Unseen',NULL),(3797,'2019-06-14 05:21:16','Insert','Inserted grades for Fernandez, Eliza Mae in Grade 9 - Righteousness',148,'Unseen',NULL),(3798,'2019-06-14 05:21:59','Insert','Inserted grades for Dela Cruz, Herbert Pagar in Grade 8 - Altruism',151,'Unseen',NULL),(3799,'2019-06-14 05:21:59','Insert','Inserted grades for Fernandez, Solane Gabriel in Grade 8 - Altruism',151,'Unseen',NULL),(3800,'2019-06-14 05:21:59','Update','Updated grades for Dela Cruz, Herbert Pagar in Grade 8 - Altruism',151,'Unseen',NULL),(3801,'2019-06-14 05:21:59','Update','Updated grades for Fernandez, Solane Gabriel in Grade 8 - Altruism',151,'Unseen',NULL),(3802,'2019-06-14 05:21:59','Insert','Inserted grades for Dela Cruz, Herbert Pagar in Grade 8 - Altruism',151,'Unseen',NULL),(3803,'2019-06-14 05:21:59','Insert','Inserted grades for Fernandez, Solane Gabriel in Grade 8 - Altruism',151,'Unseen',NULL),(3804,'2019-06-14 05:21:59','','Updated grades for Dela Cruz, Herbert Pagar in Grade 8 - Altruism',151,'Unseen',NULL),(3805,'2019-06-14 05:21:59','','Updated grades for Fernandez, Solane Gabriel in Grade 8 - Altruism',151,'Unseen',NULL),(3806,'2019-06-14 05:21:59','Insert','Inserted grades for Dela Cruz, Herbert Pagar in Grade 8 - Altruism',151,'Unseen',NULL),(3807,'2019-06-14 05:22:00','Insert','Inserted grades for Fernandez, Solane Gabriel in Grade 8 - Altruism',151,'Unseen',NULL),(3808,'2019-06-14 05:22:00','','Updated grades for Dela Cruz, Herbert Pagar in Grade 8 - Altruism',151,'Unseen',NULL),(3809,'2019-06-14 05:22:00','','Updated grades for Fernandez, Solane Gabriel in Grade 8 - Altruism',151,'Unseen',NULL),(3810,'2019-06-14 05:22:00','Insert','Inserted grades for Dela Cruz, Herbert Pagar in Grade 8 - Altruism',151,'Unseen',NULL),(3811,'2019-06-14 05:22:00','Insert','Inserted grades for Fernandez, Solane Gabriel in Grade 8 - Altruism',151,'Unseen',NULL),(3812,'2019-06-14 05:22:00','','Updated grades for Dela Cruz, Herbert Pagar in Grade 8 - Altruism',151,'Unseen',NULL),(3813,'2019-06-14 05:22:00','','Updated grades for Fernandez, Solane Gabriel in Grade 8 - Altruism',151,'Unseen',NULL),(3814,'2019-06-14 05:22:14','Insert','Inserted grades for Dela Cruz, John Mark Pagar in Grade 8 - Wisdom',151,'Unseen',NULL),(3815,'2019-06-14 05:22:15','Insert','Inserted grades for Galatcha, Mitch Ainslie Valencia in Grade 8 - Wisdom',151,'Unseen',NULL),(3816,'2019-06-14 05:22:15','Update','Updated grades for Dela Cruz, John Mark Pagar in Grade 8 - Wisdom',151,'Unseen',NULL),(3817,'2019-06-14 05:22:15','Update','Updated grades for Galatcha, Mitch Ainslie Valencia in Grade 8 - Wisdom',151,'Unseen',NULL),(3818,'2019-06-14 05:22:15','Insert','Inserted grades for Dela Cruz, John Mark Pagar in Grade 8 - Wisdom',151,'Unseen',NULL),(3819,'2019-06-14 05:22:15','Insert','Inserted grades for Galatcha, Mitch Ainslie Valencia in Grade 8 - Wisdom',151,'Unseen',NULL),(3820,'2019-06-14 05:22:15','','Updated grades for Dela Cruz, John Mark Pagar in Grade 8 - Wisdom',151,'Unseen',NULL),(3821,'2019-06-14 05:22:15','','Updated grades for Galatcha, Mitch Ainslie Valencia in Grade 8 - Wisdom',151,'Unseen',NULL),(3822,'2019-06-14 05:22:15','Insert','Inserted grades for Dela Cruz, John Mark Pagar in Grade 8 - Wisdom',151,'Unseen',NULL),(3823,'2019-06-14 05:22:15','Insert','Inserted grades for Galatcha, Mitch Ainslie Valencia in Grade 8 - Wisdom',151,'Unseen',NULL),(3824,'2019-06-14 05:22:15','','Updated grades for Dela Cruz, John Mark Pagar in Grade 8 - Wisdom',151,'Unseen',NULL),(3825,'2019-06-14 05:22:15','','Updated grades for Galatcha, Mitch Ainslie Valencia in Grade 8 - Wisdom',151,'Unseen',NULL),(3826,'2019-06-14 05:22:15','Insert','Inserted grades for Dela Cruz, John Mark Pagar in Grade 8 - Wisdom',151,'Unseen',NULL),(3827,'2019-06-14 05:22:15','Insert','Inserted grades for Galatcha, Mitch Ainslie Valencia in Grade 8 - Wisdom',151,'Unseen',NULL),(3828,'2019-06-14 05:22:15','','Updated grades for Dela Cruz, John Mark Pagar in Grade 8 - Wisdom',151,'Unseen',NULL),(3829,'2019-06-14 05:22:15','','Updated grades for Galatcha, Mitch Ainslie Valencia in Grade 8 - Wisdom',151,'Unseen',NULL),(3830,'2019-06-14 05:22:26','Insert','Inserted grades for Fernandez, Eliza Mae in Grade 9 - Righteousness',151,'Unseen',NULL),(3831,'2019-06-14 05:22:26','Insert','Inserted grades for Fernandez, Eliza Mae in Grade 9 - Righteousness',151,'Unseen',NULL),(3832,'2019-06-14 05:22:26','Insert','Inserted grades for Fernandez, Eliza Mae in Grade 9 - Righteousness',151,'Unseen',NULL),(3833,'2019-06-14 05:22:26','Insert','Inserted grades for Fernandez, Eliza Mae in Grade 9 - Righteousness',151,'Unseen',NULL),(3834,'2019-06-14 05:23:05','Insert','Inserted grades for Dela Cruz, John Mark Pagar in Grade 8 - Wisdom',152,'Unseen',NULL),(3835,'2019-06-14 05:23:05','Insert','Inserted grades for Galatcha, Mitch Ainslie Valencia in Grade 8 - Wisdom',152,'Unseen',NULL),(3836,'2019-06-14 05:23:05','Update','Updated grades for Dela Cruz, John Mark Pagar in Grade 8 - Wisdom',152,'Unseen',NULL),(3837,'2019-06-14 05:23:05','Update','Updated grades for Galatcha, Mitch Ainslie Valencia in Grade 8 - Wisdom',152,'Unseen',NULL),(3838,'2019-06-14 05:23:05','Insert','Inserted grades for Dela Cruz, John Mark Pagar in Grade 8 - Wisdom',152,'Unseen',NULL),(3839,'2019-06-14 05:23:05','Insert','Inserted grades for Galatcha, Mitch Ainslie Valencia in Grade 8 - Wisdom',152,'Unseen',NULL),(3840,'2019-06-14 05:23:05','','Updated grades for Dela Cruz, John Mark Pagar in Grade 8 - Wisdom',152,'Unseen',NULL),(3841,'2019-06-14 05:23:05','','Updated grades for Galatcha, Mitch Ainslie Valencia in Grade 8 - Wisdom',152,'Unseen',NULL),(3842,'2019-06-14 05:23:05','Insert','Inserted grades for Dela Cruz, John Mark Pagar in Grade 8 - Wisdom',152,'Unseen',NULL),(3843,'2019-06-14 05:23:05','Insert','Inserted grades for Galatcha, Mitch Ainslie Valencia in Grade 8 - Wisdom',152,'Unseen',NULL),(3844,'2019-06-14 05:23:05','','Updated grades for Dela Cruz, John Mark Pagar in Grade 8 - Wisdom',152,'Unseen',NULL),(3845,'2019-06-14 05:23:05','','Updated grades for Galatcha, Mitch Ainslie Valencia in Grade 8 - Wisdom',152,'Unseen',NULL),(3846,'2019-06-14 05:23:06','Insert','Inserted grades for Dela Cruz, John Mark Pagar in Grade 8 - Wisdom',152,'Unseen',NULL),(3847,'2019-06-14 05:23:06','Insert','Inserted grades for Galatcha, Mitch Ainslie Valencia in Grade 8 - Wisdom',152,'Unseen',NULL),(3848,'2019-06-14 05:23:06','','Updated grades for Dela Cruz, John Mark Pagar in Grade 8 - Wisdom',152,'Unseen',NULL),(3849,'2019-06-14 05:23:06','','Updated grades for Galatcha, Mitch Ainslie Valencia in Grade 8 - Wisdom',152,'Unseen',NULL),(3850,'2019-06-14 05:25:08','Insert','Inserted grades for Rapisura, Hazel Gamboa in Grade 9 - Dignity',152,'Unseen',NULL),(3851,'2019-06-14 05:25:08','Insert','Inserted grades for Rapisura, Hazel Gamboa in Grade 9 - Dignity',152,'Unseen',NULL),(3852,'2019-06-14 05:25:08','Insert','Inserted grades for Rapisura, Hazel Gamboa in Grade 9 - Dignity',152,'Unseen',NULL),(3853,'2019-06-14 05:25:08','Insert','Inserted grades for Rapisura, Hazel Gamboa in Grade 9 - Dignity',152,'Unseen',NULL),(3854,'2019-06-14 05:25:19','Insert','Inserted grades for Fernandez, Eliza Mae in Grade 9 - Righteousness',152,'Unseen',NULL),(3855,'2019-06-14 05:25:19','Insert','Inserted grades for Fernandez, Eliza Mae in Grade 9 - Righteousness',152,'Unseen',NULL),(3856,'2019-06-14 05:25:19','Insert','Inserted grades for Fernandez, Eliza Mae in Grade 9 - Righteousness',152,'Unseen',NULL),(3857,'2019-06-14 05:25:19','Insert','Inserted grades for Fernandez, Eliza Mae in Grade 9 - Righteousness',152,'Unseen',NULL);
/*!40000 ALTER TABLE `logs` ENABLE KEYS */;
UNLOCK TABLES;

--
-- Table structure for table `payment`
--

DROP TABLE IF EXISTS `payment`;
/*!40101 SET @saved_cs_client     = @@character_set_client */;
/*!40101 SET character_set_client = utf8 */;
CREATE TABLE `payment` (
  `pay_id` int(12) NOT NULL AUTO_INCREMENT,
  `pay_amt` double NOT NULL,
  `remain_bal` double NOT NULL,
  `pay_date` datetime NOT NULL,
  `orno` varchar(10) COLLATE utf8_bin NOT NULL,
  `timestamp_pm` timestamp NOT NULL DEFAULT CURRENT_TIMESTAMP ON UPDATE CURRENT_TIMESTAMP,
  `balb_id` int(12) NOT NULL,
  `budg_ida` int(12) NOT NULL,
  PRIMARY KEY (`pay_id`),
  KEY `budg_ida` (`budg_ida`),
  KEY `balb_id` (`balb_id`),
  CONSTRAINT `balb_id` FOREIGN KEY (`balb_id`) REFERENCES `balance` (`bal_id`) ON UPDATE CASCADE,
  CONSTRAINT `budg_ida` FOREIGN KEY (`budg_ida`) REFERENCES `budget_info` (`budget_id`) ON UPDATE CASCADE
) ENGINE=InnoDB AUTO_INCREMENT=8 DEFAULT CHARSET=utf8 COLLATE=utf8_bin;
/*!40101 SET character_set_client = @saved_cs_client */;

--
-- Dumping data for table `payment`
--

LOCK TABLES `payment` WRITE;
/*!40000 ALTER TABLE `payment` DISABLE KEYS */;
INSERT INTO `payment` VALUES (1,100,1250,'2019-06-05 00:00:00','DS328','2019-06-05 05:32:10',2,19),(2,100,1150,'2019-06-05 00:00:00','DS328','2019-06-05 05:32:10',2,20),(3,100,1050,'2019-06-05 00:00:00','DS328','2019-06-05 05:32:10',2,21),(4,200,850,'2019-06-05 00:00:00','MXVN3289','2019-06-05 05:38:16',2,19),(5,200,650,'2019-06-05 00:00:00','MXVN3289','2019-06-05 05:38:16',2,20),(6,150,500,'2019-06-05 00:00:00','MXVN3289','2019-06-05 05:38:16',2,21),(7,50,1300,'2019-06-05 00:00:00','KDFSDK4839','2019-06-05 06:09:03',3,19);
/*!40000 ALTER TABLE `payment` ENABLE KEYS */;
UNLOCK TABLES;

--
-- Table structure for table `payment_collected`
--

DROP TABLE IF EXISTS `payment_collected`;
/*!40101 SET @saved_cs_client     = @@character_set_client */;
/*!40101 SET character_set_client = utf8 */;
CREATE TABLE `payment_collected` (
  `bd_id` int(11) NOT NULL AUTO_INCREMENT,
  `bd_name` varchar(45) NOT NULL,
  `bd_amountalloc` double NOT NULL,
  `bd_accamount` double NOT NULL,
  `bd_prevsy` year(4) NOT NULL,
  PRIMARY KEY (`bd_id`)
) ENGINE=InnoDB AUTO_INCREMENT=17 DEFAULT CHARSET=latin1;
/*!40101 SET character_set_client = @saved_cs_client */;

--
-- Dumping data for table `payment_collected`
--

LOCK TABLES `payment_collected` WRITE;
/*!40000 ALTER TABLE `payment_collected` DISABLE KEYS */;
INSERT INTO `payment_collected` VALUES (9,'PTA Fund',300,350,2019),(10,'Utility',300,300,2019),(11,'Internet for Students',250,250,2019),(12,'School Paper',150,0,2019),(13,'Organizations Fee',150,0,2019),(14,'TLE Fee',75,0,2019),(15,'SSG Fee',75,0,2019),(16,'Science Fee',50,0,2019);
/*!40000 ALTER TABLE `payment_collected` ENABLE KEYS */;
UNLOCK TABLES;

--
-- Table structure for table `promote_list`
--

DROP TABLE IF EXISTS `promote_list`;
/*!40101 SET @saved_cs_client     = @@character_set_client */;
/*!40101 SET character_set_client = utf8 */;
CREATE TABLE `promote_list` (
  `promote_stud_id` int(12) NOT NULL AUTO_INCREMENT,
  `name` varchar(45) NOT NULL,
  `curr_yr_level` int(12) NOT NULL,
  `promote_yr_level` int(12) NOT NULL,
  `remarks` enum('Promoted','For Summer') NOT NULL,
  `prom_sy` year(4) NOT NULL,
  `prom_studid` int(12) NOT NULL,
  PRIMARY KEY (`promote_stud_id`),
  KEY `prom_studid_idx` (`prom_studid`),
  CONSTRAINT `prom_studid` FOREIGN KEY (`prom_studid`) REFERENCES `student` (`stud_id`) ON DELETE CASCADE ON UPDATE CASCADE
) ENGINE=InnoDB AUTO_INCREMENT=73 DEFAULT CHARSET=latin1;
/*!40101 SET character_set_client = @saved_cs_client */;

--
-- Dumping data for table `promote_list`
--

LOCK TABLES `promote_list` WRITE;
/*!40000 ALTER TABLE `promote_list` DISABLE KEYS */;
/*!40000 ALTER TABLE `promote_list` ENABLE KEYS */;
UNLOCK TABLES;

--
-- Table structure for table `rank`
--

DROP TABLE IF EXISTS `rank`;
/*!40101 SET @saved_cs_client     = @@character_set_client */;
/*!40101 SET character_set_client = utf8 */;
CREATE TABLE `rank` (
  `rank_id` int(12) NOT NULL AUTO_INCREMENT,
  `average` float NOT NULL,
  `rank` varchar(45) NOT NULL,
  `gr_level` enum('7','8','9','10') NOT NULL,
  `rank_sy` year(4) NOT NULL,
  `stud_idf` int(12) NOT NULL,
  PRIMARY KEY (`rank_id`),
  KEY `stud_idf` (`stud_idf`),
  CONSTRAINT `stud_idf` FOREIGN KEY (`stud_idf`) REFERENCES `student` (`stud_id`) ON DELETE CASCADE ON UPDATE CASCADE
) ENGINE=InnoDB AUTO_INCREMENT=6 DEFAULT CHARSET=latin1;
/*!40101 SET character_set_client = @saved_cs_client */;

--
-- Dumping data for table `rank`
--

LOCK TABLES `rank` WRITE;
/*!40000 ALTER TABLE `rank` DISABLE KEYS */;
INSERT INTO `rank` VALUES (1,91,'1','8',2019,12),(2,87,'2','8',2019,16),(3,90,'1','8',2019,1),(4,81,'2','8',2019,13),(5,87,'1','9',2019,15);
/*!40000 ALTER TABLE `rank` ENABLE KEYS */;
UNLOCK TABLES;

--
-- Table structure for table `request`
--

DROP TABLE IF EXISTS `request`;
/*!40101 SET @saved_cs_client     = @@character_set_client */;
/*!40101 SET character_set_client = utf8 */;
CREATE TABLE `request` (
  `request_id` int(11) NOT NULL AUTO_INCREMENT,
  `request_type` enum('Insert','Update','Delete','Adviser_Insert','Adviser_Update') NOT NULL,
  `request_desc` varchar(100) NOT NULL,
  `request_status` enum('Permanent','Temporary') NOT NULL DEFAULT 'Temporary',
  PRIMARY KEY (`request_id`)
) ENGINE=InnoDB AUTO_INCREMENT=78 DEFAULT CHARSET=latin1;
/*!40101 SET character_set_client = @saved_cs_client */;

--
-- Dumping data for table `request`
--

LOCK TABLES `request` WRITE;
/*!40000 ALTER TABLE `request` DISABLE KEYS */;
INSERT INTO `request` VALUES (1,'Update','Update Fee Type PTA Fund with amount of 300','Permanent'),(2,'Insert','Add Fee Type Utility with amount of 300','Permanent'),(3,'Insert','Add Fee Type Internet for Students with amount of 250','Permanent'),(4,'Insert','Add Fee Type School Paper with amount of 150','Permanent'),(5,'Insert','Add Fee Type Organizations Fee with amount of 150','Permanent'),(6,'Update','Update Fee Type TLE Fee with amount of 200','Permanent'),(7,'Update','Update Fee Type SSG Fee with amount of 76','Permanent'),(15,'Insert','Add Fee Type Sample with amount of 200','Temporary'),(18,'Update','Update Fee Type Science Fees with amount of 50','Permanent'),(20,'Insert','Add Section with Name 8 Altruism ','Permanent'),(21,'Insert','Add Section with Name 8 Wisdom','Permanent'),(22,'Insert','Add Section with Name 7 Hope','Permanent'),(23,'Insert','Add Section with Name 7 Excellence','Permanent'),(24,'Insert','Add Section with Name 9 Dignity','Permanent'),(25,'Insert','Add Section with Name 9 Righteousness','Permanent'),(27,'Insert','Add curriculum with name Revised Basic Education Curriculum','Permanent'),(28,'Insert','Add curriculum with name K-12  Curriculum','Permanent'),(29,'Insert','Add curriculum with name sdf','Temporary'),(30,'Insert','Add Curriculum Samplee','Temporary'),(31,'Insert','Add Curriculum Samplee','Temporary'),(32,'Insert','Add Curriculum Samplee','Temporary'),(33,'Insert','Add Curriculum Samplee','Temporary'),(34,'Insert','Add Curriculum sa','Temporary'),(35,'Insert','Add Curriculum sa','Temporary'),(36,'Insert','Add Curriculum sa','Temporary'),(37,'Insert','Add Curriculum sa','Temporary'),(38,'Insert','Add Curriculum marzan_curriculum_sample','Temporary'),(39,'Insert','Add Curriculum marzan_curriculum_sample','Temporary'),(43,'Insert','Add Section Grade  - ','Temporary'),(44,'Insert','Add Section Grade  - ','Temporary'),(45,'Insert','Add Section Grade  - ','Temporary'),(48,'Insert','Revised Basic Education Curriculum','Permanent'),(49,'Insert','K-12 Curriculum	','Permanent'),(71,'Insert','Revised Basic Education Curriculum','Permanent'),(72,'Insert','K-12 Curriculum	','Permanent'),(77,'Insert','Add Section Grade 7 - S','Permanent');
/*!40000 ALTER TABLE `request` ENABLE KEYS */;
UNLOCK TABLES;

--
-- Table structure for table `schedsubj`
--

DROP TABLE IF EXISTS `schedsubj`;
/*!40101 SET @saved_cs_client     = @@character_set_client */;
/*!40101 SET character_set_client = utf8 */;
CREATE TABLE `schedsubj` (
  `schedsubja_id` int(12) NOT NULL,
  `schedsubjb_id` int(12) NOT NULL,
  `day` set('Monday','Tuesday','Wednesday','Thursday','Friday','Saturday','Sunday') NOT NULL,
  `time_start` time NOT NULL,
  `time_end` time NOT NULL,
  `fw_id` int(12) NOT NULL,
  `sw_id` int(12) NOT NULL,
  `timestamp_ss` timestamp NOT NULL DEFAULT CURRENT_TIMESTAMP ON UPDATE CURRENT_TIMESTAMP,
  `assigned_facid` int(13) DEFAULT NULL,
  PRIMARY KEY (`schedsubja_id`,`schedsubjb_id`,`fw_id`,`sw_id`),
  KEY `schedsubjb_id_idx` (`schedsubjb_id`),
  KEY `schedsubja_id` (`schedsubja_id`),
  KEY `schedsubjb_id` (`schedsubjb_id`),
  KEY `fw_id_idx` (`fw_id`),
  KEY `sw_id_idx` (`sw_id`),
  KEY `ass_facid_idx` (`assigned_facid`),
  CONSTRAINT `ass_facid` FOREIGN KEY (`assigned_facid`) REFERENCES `faculty` (`fac_id`) ON DELETE CASCADE ON UPDATE CASCADE,
  CONSTRAINT `fw_id` FOREIGN KEY (`fw_id`) REFERENCES `faculty` (`fac_id`) ON DELETE CASCADE ON UPDATE CASCADE,
  CONSTRAINT `schedsubja_id` FOREIGN KEY (`schedsubja_id`) REFERENCES `schedule` (`sched_id`) ON UPDATE CASCADE,
  CONSTRAINT `schedsubjb_id` FOREIGN KEY (`schedsubjb_id`) REFERENCES `subject` (`subj_id`) ON DELETE CASCADE ON UPDATE CASCADE,
  CONSTRAINT `sw_id` FOREIGN KEY (`sw_id`) REFERENCES `section` (`sec_id`) ON DELETE CASCADE ON UPDATE CASCADE
) ENGINE=InnoDB DEFAULT CHARSET=latin1;
/*!40101 SET character_set_client = @saved_cs_client */;

--
-- Dumping data for table `schedsubj`
--

LOCK TABLES `schedsubj` WRITE;
/*!40000 ALTER TABLE `schedsubj` DISABLE KEYS */;
INSERT INTO `schedsubj` VALUES (1,33,'Monday,Tuesday,Wednesday,Thursday,Friday','07:40:00','08:40:00',1,4,'2019-06-10 15:53:50',2),(1,33,'Monday,Tuesday,Wednesday,Thursday,Friday','13:00:00','14:00:00',9,3,'2019-06-10 15:53:50',2),(1,37,'Monday,Tuesday,Wednesday,Thursday,Friday','07:40:00','08:40:00',5,3,'2019-06-10 15:53:50',2),(1,37,'Monday,Tuesday,Wednesday,Thursday,Friday','13:00:00','14:00:00',5,4,'2019-06-10 15:53:50',2),(1,41,'Monday,Tuesday,Wednesday,Thursday,Friday','08:40:00','09:40:00',2,3,'2019-06-10 15:53:50',2),(1,41,'Monday,Tuesday,Wednesday,Thursday,Friday','14:00:00','15:00:00',2,4,'2019-06-10 15:53:50',2),(1,45,'Monday,Tuesday,Wednesday,Thursday,Friday','14:00:00','15:00:00',4,3,'2019-06-10 15:53:50',2),(1,45,'Monday,Tuesday,Wednesday,Thursday,Friday','08:40:00','09:40:00',4,4,'2019-06-10 15:53:50',2),(1,50,'Monday,Tuesday,Wednesday,Thursday,Friday','10:00:00','11:00:00',3,4,'2019-06-10 15:53:50',2),(1,50,'Monday,Tuesday,Wednesday,Thursday,Friday','15:00:00','16:00:00',10,3,'2019-06-10 15:53:50',2),(1,51,'Monday,Tuesday,Wednesday,Thursday,Friday','10:00:00','11:00:00',3,4,'2019-06-10 15:53:50',2),(1,51,'Monday,Tuesday,Wednesday,Thursday,Friday','15:00:00','16:00:00',10,3,'2019-06-10 15:53:50',2),(1,52,'Monday,Tuesday,Wednesday,Thursday,Friday','10:00:00','11:00:00',3,4,'2019-06-10 15:53:50',2),(1,52,'Monday,Tuesday,Wednesday,Thursday,Friday','15:00:00','16:00:00',10,3,'2019-06-10 15:53:50',2),(1,53,'Monday,Tuesday,Wednesday,Thursday,Friday','10:00:00','11:00:00',3,4,'2019-06-10 15:53:50',2),(1,53,'Monday,Tuesday,Wednesday,Thursday,Friday','15:00:00','16:00:00',10,3,'2019-06-10 15:53:50',2),(1,66,'Monday,Tuesday,Wednesday,Thursday,Friday','11:00:00','12:00:00',7,4,'2019-06-10 15:53:50',2),(1,66,'Monday,Tuesday,Wednesday,Thursday,Friday','11:00:00','12:00:00',13,3,'2019-06-10 15:53:50',2),(1,70,'Monday,Tuesday,Wednesday,Thursday,Friday','10:00:00','11:00:00',6,3,'2019-06-10 15:53:50',2),(1,70,'Monday,Tuesday,Wednesday,Thursday,Friday','15:00:00','16:00:00',6,4,'2019-06-10 15:53:50',2),(2,34,'Monday,Tuesday,Wednesday,Thursday,Friday','10:00:00','11:00:00',1,1,'2019-06-10 15:53:50',2),(2,34,'Monday,Tuesday,Wednesday,Thursday,Friday','14:00:00','15:00:00',1,2,'2019-06-10 15:53:50',2),(2,38,'Monday,Tuesday,Wednesday,Thursday,Friday','08:40:00','09:40:00',5,2,'2019-06-10 15:53:50',2),(2,38,'Monday,Tuesday,Wednesday,Thursday,Friday','07:40:00','08:40:00',8,1,'2019-06-10 15:53:50',2),(2,42,'Monday,Tuesday,Wednesday,Thursday,Friday','15:00:00','16:00:00',2,1,'2019-06-10 15:53:50',2),(2,42,'Monday,Tuesday,Wednesday,Thursday,Friday','07:40:00','08:40:00',2,2,'2019-06-10 15:53:50',2),(2,46,'Monday,Tuesday,Wednesday,Thursday,Friday','13:00:00','14:00:00',4,1,'2019-06-10 15:53:50',2),(2,46,'Monday,Tuesday,Wednesday,Thursday,Friday','10:00:00','11:00:00',4,2,'2019-06-10 15:53:50',2),(2,54,'Monday,Tuesday,Wednesday,Thursday,Friday','08:40:00','09:40:00',3,1,'2019-06-10 15:53:50',2),(2,54,'Monday,Tuesday,Wednesday,Thursday,Friday','13:00:00','14:00:00',10,2,'2019-06-10 15:53:50',2),(2,55,'Monday,Tuesday,Wednesday,Thursday,Friday','08:40:00','09:40:00',3,1,'2019-06-10 15:53:50',2),(2,55,'Monday,Tuesday,Wednesday,Thursday,Friday','13:00:00','14:00:00',10,2,'2019-06-10 15:53:50',2),(2,56,'Monday,Tuesday,Wednesday,Thursday,Friday','08:40:00','09:40:00',3,1,'2019-06-10 15:53:50',2),(2,56,'Monday,Tuesday,Wednesday,Thursday,Friday','13:00:00','14:00:00',10,2,'2019-06-10 15:53:50',2),(2,57,'Monday,Tuesday,Wednesday,Thursday,Friday','08:40:00','09:40:00',3,1,'2019-06-10 15:53:50',2),(2,57,'Monday,Tuesday,Wednesday,Thursday,Friday','13:00:00','14:00:00',10,2,'2019-06-10 15:53:50',2),(2,67,'Monday,Tuesday,Wednesday,Thursday,Friday','14:00:00','15:00:00',13,1,'2019-06-10 15:53:50',2),(2,67,'Monday,Tuesday,Wednesday,Thursday,Friday','15:00:00','16:00:00',13,2,'2019-06-10 15:53:50',2),(2,71,'Monday,Tuesday,Wednesday,Thursday,Friday','11:00:00','12:00:00',6,1,'2019-06-10 15:53:50',2),(2,71,'Monday,Tuesday,Wednesday,Thursday,Friday','11:00:00','12:00:00',14,2,'2019-06-10 15:53:50',2),(3,35,'Monday,Tuesday,Wednesday,Thursday,Friday','08:40:00','09:40:00',1,5,'2019-06-10 15:53:50',2),(3,35,'Monday,Tuesday,Wednesday,Thursday,Friday','07:40:00','08:40:00',12,6,'2019-06-10 15:53:50',2),(3,39,'Monday,Tuesday,Wednesday,Thursday,Friday','10:00:00','11:00:00',5,5,'2019-06-10 15:53:50',2),(3,39,'Monday,Tuesday,Wednesday,Thursday,Friday','11:00:00','12:00:00',8,6,'2019-06-10 15:53:50',2),(3,43,'Monday,Tuesday,Wednesday,Thursday,Friday','11:00:00','12:00:00',2,5,'2019-06-10 15:53:50',2),(3,43,'Monday,Tuesday,Wednesday,Thursday,Friday','13:00:00','14:00:00',2,6,'2019-06-10 15:53:50',2),(3,47,'Monday,Tuesday,Wednesday,Thursday,Friday','07:40:00','08:40:00',4,5,'2019-06-10 15:53:50',2),(3,47,'Monday,Tuesday,Wednesday,Thursday,Friday','15:00:00','16:00:00',4,6,'2019-06-10 15:53:50',2),(3,58,'Monday,Tuesday,Wednesday,Thursday,Friday','15:00:00','16:00:00',3,5,'2019-06-10 15:53:50',2),(3,58,'Monday,Tuesday,Wednesday,Thursday,Friday','10:00:00','11:00:00',10,6,'2019-06-10 15:53:50',2),(3,59,'Monday,Tuesday,Wednesday,Thursday,Friday','15:00:00','16:00:00',3,5,'2019-06-10 15:53:50',2),(3,59,'Monday,Tuesday,Wednesday,Thursday,Friday','10:00:00','11:00:00',10,6,'2019-06-10 15:53:50',2),(3,60,'Monday,Tuesday,Wednesday,Thursday,Friday','15:00:00','16:00:00',3,5,'2019-06-10 15:53:50',2),(3,60,'Monday,Tuesday,Wednesday,Thursday,Friday','10:00:00','11:00:00',10,6,'2019-06-10 15:53:50',2),(3,61,'Monday,Tuesday,Wednesday,Thursday,Friday','15:00:00','16:00:00',3,5,'2019-06-10 15:53:50',2),(3,61,'Monday,Tuesday,Wednesday,Thursday,Friday','10:00:00','11:00:00',10,6,'2019-06-10 15:53:50',2),(3,68,'Monday,Tuesday,Wednesday,Thursday,Friday','14:00:00','15:00:00',7,5,'2019-06-10 15:53:50',2),(3,68,'Monday,Tuesday,Wednesday,Thursday,Friday','08:40:00','09:40:00',13,6,'2019-06-10 15:53:50',2),(3,72,'Monday,Tuesday,Wednesday,Thursday,Friday','13:00:00','14:00:00',14,5,'2019-06-10 15:53:50',2),(3,72,'Monday,Tuesday,Wednesday,Thursday,Friday','14:00:00','15:00:00',14,6,'2019-06-10 15:53:50',2);
/*!40000 ALTER TABLE `schedsubj` ENABLE KEYS */;
UNLOCK TABLES;

--
-- Table structure for table `schedsubj_temp`
--

DROP TABLE IF EXISTS `schedsubj_temp`;
/*!40101 SET @saved_cs_client     = @@character_set_client */;
/*!40101 SET character_set_client = utf8 */;
CREATE TABLE `schedsubj_temp` (
  `ss_ida` int(12) NOT NULL,
  `ss_idb` int(12) NOT NULL,
  `ssb_day` set('Monday','Tuesday','Wednesday','Thursday','Friday','Saturday','Sunday') NOT NULL,
  `ssb_timestart` time NOT NULL,
  `ssb_timeend` time NOT NULL,
  `ss_fwid` int(12) NOT NULL,
  `ss_swid` int(11) NOT NULL,
  `ss_timestamp` timestamp NOT NULL DEFAULT CURRENT_TIMESTAMP ON UPDATE CURRENT_TIMESTAMP,
  `status_ss` enum('Temporary','Permanent','Requested') NOT NULL DEFAULT 'Temporary',
  `ss_remarks` varchar(100) DEFAULT NULL,
  `fac_assigned` int(13) DEFAULT NULL,
  PRIMARY KEY (`ss_ida`,`ss_idb`,`ss_fwid`,`ss_swid`),
  KEY `ss_idb_idx` (`ss_idb`),
  KEY `ss_fwid_idx` (`ss_fwid`),
  KEY `fac_assigned_idx` (`fac_assigned`),
  KEY `ss_swid_idx` (`ss_swid`),
  CONSTRAINT `fac_assigned` FOREIGN KEY (`fac_assigned`) REFERENCES `faculty` (`fac_id`) ON DELETE CASCADE ON UPDATE CASCADE,
  CONSTRAINT `ss_fwid` FOREIGN KEY (`ss_fwid`) REFERENCES `faculty` (`fac_id`) ON DELETE CASCADE ON UPDATE CASCADE,
  CONSTRAINT `ss_ida` FOREIGN KEY (`ss_ida`) REFERENCES `schedule` (`sched_id`) ON DELETE CASCADE ON UPDATE CASCADE,
  CONSTRAINT `ss_idb` FOREIGN KEY (`ss_idb`) REFERENCES `subject` (`subj_id`) ON DELETE CASCADE ON UPDATE CASCADE,
  CONSTRAINT `ss_swid` FOREIGN KEY (`ss_swid`) REFERENCES `section_temp` (`sectionid`) ON DELETE CASCADE ON UPDATE CASCADE
) ENGINE=InnoDB DEFAULT CHARSET=latin1;
/*!40101 SET character_set_client = @saved_cs_client */;

--
-- Dumping data for table `schedsubj_temp`
--

LOCK TABLES `schedsubj_temp` WRITE;
/*!40000 ALTER TABLE `schedsubj_temp` DISABLE KEYS */;
INSERT INTO `schedsubj_temp` VALUES (1,33,'Monday,Tuesday,Wednesday,Thursday,Friday','07:40:00','08:40:00',1,4,'2019-06-11 14:45:35','Requested',NULL,2),(1,33,'Monday,Tuesday,Wednesday,Thursday,Friday','13:00:00','14:00:00',9,3,'2019-06-11 14:45:35','Requested',NULL,2),(1,37,'Monday,Tuesday,Wednesday,Thursday,Friday','07:40:00','08:40:00',5,3,'2019-06-11 14:45:35','Requested',NULL,2),(1,37,'Monday,Tuesday,Wednesday,Thursday,Friday','13:00:00','14:00:00',5,4,'2019-06-11 14:45:35','Requested',NULL,2),(1,41,'Monday,Tuesday,Wednesday,Thursday,Friday','08:40:00','09:40:00',2,3,'2019-06-11 14:45:35','Requested',NULL,2),(1,41,'Monday,Tuesday,Wednesday,Thursday,Friday','14:00:00','15:00:00',2,4,'2019-06-11 14:45:35','Requested',NULL,2),(1,45,'Monday,Tuesday,Wednesday,Thursday,Friday','14:00:00','15:00:00',4,3,'2019-06-11 14:45:35','Requested',NULL,2),(1,45,'Monday,Tuesday,Wednesday,Thursday,Friday','08:40:00','09:40:00',4,4,'2019-06-11 14:45:35','Requested',NULL,2),(1,50,'Monday,Tuesday,Wednesday,Thursday,Friday','10:00:00','11:00:00',3,4,'2019-06-11 14:45:35','Requested',NULL,2),(1,50,'Monday,Tuesday,Wednesday,Thursday,Friday','15:00:00','16:00:00',10,3,'2019-06-11 14:45:35','Requested',NULL,2),(1,51,'Monday,Tuesday,Wednesday,Thursday,Friday','10:00:00','11:00:00',3,4,'2019-06-11 14:45:35','Requested',NULL,2),(1,51,'Monday,Tuesday,Wednesday,Thursday,Friday','15:00:00','16:00:00',10,3,'2019-06-11 14:45:35','Requested',NULL,2),(1,52,'Monday,Tuesday,Wednesday,Thursday,Friday','10:00:00','11:00:00',3,4,'2019-06-11 14:45:35','Requested',NULL,2),(1,52,'Monday,Tuesday,Wednesday,Thursday,Friday','15:00:00','16:00:00',10,3,'2019-06-11 14:45:35','Requested',NULL,2),(1,53,'Monday,Tuesday,Wednesday,Thursday,Friday','10:00:00','11:00:00',3,4,'2019-06-11 14:45:35','Requested',NULL,2),(1,53,'Monday,Tuesday,Wednesday,Thursday,Friday','15:00:00','16:00:00',10,3,'2019-06-11 14:45:35','Requested',NULL,2),(1,66,'Monday,Tuesday,Wednesday,Thursday,Friday','11:00:00','12:00:00',7,4,'2019-06-11 14:45:35','Requested',NULL,2),(1,66,'Monday,Tuesday,Wednesday,Thursday,Friday','11:00:00','12:00:00',13,3,'2019-06-11 14:45:35','Requested',NULL,2),(1,70,'Monday,Tuesday,Wednesday,Thursday,Friday','10:00:00','11:00:00',6,3,'2019-06-11 14:45:35','Requested',NULL,2),(1,70,'Monday,Tuesday,Wednesday,Thursday,Friday','15:00:00','16:00:00',6,4,'2019-06-11 14:45:35','Requested',NULL,2),(2,34,'Monday,Tuesday,Wednesday,Thursday,Friday','10:00:00','11:00:00',1,1,'2019-06-11 14:45:35','Requested',NULL,2),(2,34,'Monday,Tuesday,Wednesday,Thursday,Friday','14:00:00','15:00:00',1,2,'2019-06-11 14:45:35','Requested',NULL,2),(2,38,'Monday,Tuesday,Wednesday,Thursday,Friday','08:40:00','09:40:00',5,2,'2019-06-11 14:45:35','Requested',NULL,2),(2,38,'Monday,Tuesday,Wednesday,Thursday,Friday','07:40:00','08:40:00',8,1,'2019-06-11 14:45:35','Requested',NULL,2),(2,42,'Monday,Tuesday,Wednesday,Thursday,Friday','15:00:00','16:00:00',2,1,'2019-06-11 14:45:35','Requested',NULL,2),(2,42,'Monday,Tuesday,Wednesday,Thursday,Friday','07:40:00','08:40:00',2,2,'2019-06-11 14:45:35','Requested',NULL,2),(2,46,'Monday,Tuesday,Wednesday,Thursday,Friday','13:00:00','14:00:00',4,1,'2019-06-11 14:45:35','Requested',NULL,2),(2,46,'Monday,Tuesday,Wednesday,Thursday,Friday','10:00:00','11:00:00',4,2,'2019-06-11 14:45:35','Requested',NULL,2),(2,54,'Monday,Tuesday,Wednesday,Thursday,Friday','08:40:00','09:40:00',3,1,'2019-06-11 14:45:35','Requested',NULL,2),(2,54,'Monday,Tuesday,Wednesday,Thursday,Friday','13:00:00','14:00:00',10,2,'2019-06-11 14:45:35','Requested',NULL,2),(2,55,'Monday,Tuesday,Wednesday,Thursday,Friday','08:40:00','09:40:00',3,1,'2019-06-11 14:45:35','Requested',NULL,2),(2,55,'Monday,Tuesday,Wednesday,Thursday,Friday','13:00:00','14:00:00',10,2,'2019-06-11 14:45:35','Requested',NULL,2),(2,56,'Monday,Tuesday,Wednesday,Thursday,Friday','08:40:00','09:40:00',3,1,'2019-06-11 14:45:35','Requested',NULL,2),(2,56,'Monday,Tuesday,Wednesday,Thursday,Friday','13:00:00','14:00:00',10,2,'2019-06-11 14:45:35','Requested',NULL,2),(2,57,'Monday,Tuesday,Wednesday,Thursday,Friday','08:40:00','09:40:00',3,1,'2019-06-11 14:45:35','Requested',NULL,2),(2,57,'Monday,Tuesday,Wednesday,Thursday,Friday','13:00:00','14:00:00',10,2,'2019-06-11 14:45:35','Requested',NULL,2),(2,67,'Monday,Tuesday,Wednesday,Thursday,Friday','14:00:00','15:00:00',13,1,'2019-06-11 14:45:35','Requested',NULL,2),(2,67,'Monday,Tuesday,Wednesday,Thursday,Friday','15:00:00','16:00:00',13,2,'2019-06-11 14:45:35','Requested',NULL,2),(2,71,'Monday,Tuesday,Wednesday,Thursday,Friday','11:00:00','12:00:00',6,1,'2019-06-11 14:45:35','Requested',NULL,2),(2,71,'Monday,Tuesday,Wednesday,Thursday,Friday','11:00:00','12:00:00',14,2,'2019-06-11 14:45:35','Requested',NULL,2),(3,35,'Monday,Tuesday,Wednesday,Thursday,Friday','08:40:00','09:40:00',1,5,'2019-06-11 14:45:35','Requested',NULL,2),(3,35,'Monday,Tuesday,Wednesday,Thursday,Friday','07:40:00','08:40:00',12,6,'2019-06-11 14:45:35','Requested',NULL,2),(3,39,'Monday,Tuesday,Wednesday,Thursday,Friday','10:00:00','11:00:00',5,5,'2019-06-11 14:45:35','Requested',NULL,2),(3,39,'Monday,Tuesday,Wednesday,Thursday,Friday','11:00:00','12:00:00',8,6,'2019-06-11 14:45:35','Requested',NULL,2),(3,43,'Monday,Tuesday,Wednesday,Thursday,Friday','11:00:00','12:00:00',2,5,'2019-06-11 14:45:35','Requested',NULL,2),(3,43,'Monday,Tuesday,Wednesday,Thursday,Friday','13:00:00','14:00:00',2,6,'2019-06-11 14:45:35','Requested',NULL,2),(3,47,'Monday,Tuesday,Wednesday,Thursday,Friday','07:40:00','08:40:00',4,5,'2019-06-11 14:45:35','Requested',NULL,2),(3,47,'Monday,Tuesday,Wednesday,Thursday,Friday','15:00:00','16:00:00',4,6,'2019-06-11 14:45:35','Requested',NULL,2),(3,58,'Monday,Tuesday,Wednesday,Thursday,Friday','15:00:00','16:00:00',3,5,'2019-06-11 14:45:35','Requested',NULL,2),(3,58,'Monday,Tuesday,Wednesday,Thursday,Friday','10:00:00','11:00:00',10,6,'2019-06-11 14:45:35','Requested',NULL,2),(3,59,'Monday,Tuesday,Wednesday,Thursday,Friday','15:00:00','16:00:00',3,5,'2019-06-11 14:45:35','Requested',NULL,2),(3,59,'Monday,Tuesday,Wednesday,Thursday,Friday','10:00:00','11:00:00',10,6,'2019-06-11 14:45:35','Requested',NULL,2),(3,60,'Monday,Tuesday,Wednesday,Thursday,Friday','15:00:00','16:00:00',3,5,'2019-06-11 14:45:35','Requested',NULL,2),(3,60,'Monday,Tuesday,Wednesday,Thursday,Friday','10:00:00','11:00:00',10,6,'2019-06-11 14:45:35','Requested',NULL,2),(3,61,'Monday,Tuesday,Wednesday,Thursday,Friday','15:00:00','16:00:00',3,5,'2019-06-11 14:45:35','Requested',NULL,2),(3,61,'Monday,Tuesday,Wednesday,Thursday,Friday','10:00:00','11:00:00',10,6,'2019-06-11 14:45:35','Requested',NULL,2),(3,68,'Monday,Tuesday,Wednesday,Thursday,Friday','14:00:00','15:00:00',7,5,'2019-06-11 14:45:35','Requested',NULL,2),(3,68,'Monday,Tuesday,Wednesday,Thursday,Friday','08:40:00','09:40:00',13,6,'2019-06-11 14:45:35','Requested',NULL,2),(3,72,'Monday,Tuesday,Wednesday,Thursday,Friday','13:00:00','14:00:00',14,5,'2019-06-11 14:45:35','Requested',NULL,2),(3,72,'Monday,Tuesday,Wednesday,Thursday,Friday','14:00:00','15:00:00',14,6,'2019-06-11 14:45:35','Requested',NULL,2);
/*!40000 ALTER TABLE `schedsubj_temp` ENABLE KEYS */;
UNLOCK TABLES;

--
-- Table structure for table `schedule`
--

DROP TABLE IF EXISTS `schedule`;
/*!40101 SET @saved_cs_client     = @@character_set_client */;
/*!40101 SET character_set_client = utf8 */;
CREATE TABLE `schedule` (
  `sched_id` int(12) NOT NULL AUTO_INCREMENT,
  `sched_yrlevel` enum('7','8','9','10') COLLATE utf8_bin NOT NULL,
  `timestamp_sched` datetime NOT NULL,
  PRIMARY KEY (`sched_id`)
) ENGINE=InnoDB AUTO_INCREMENT=5 DEFAULT CHARSET=utf8 COLLATE=utf8_bin;
/*!40101 SET character_set_client = @saved_cs_client */;

--
-- Dumping data for table `schedule`
--

LOCK TABLES `schedule` WRITE;
/*!40000 ALTER TABLE `schedule` DISABLE KEYS */;
INSERT INTO `schedule` VALUES (1,'7','0000-00-00 00:00:00'),(2,'8','0000-00-00 00:00:00'),(3,'9','0000-00-00 00:00:00'),(4,'10','0000-00-00 00:00:00');
/*!40000 ALTER TABLE `schedule` ENABLE KEYS */;
UNLOCK TABLES;

--
-- Table structure for table `section`
--

DROP TABLE IF EXISTS `section`;
/*!40101 SET @saved_cs_client     = @@character_set_client */;
/*!40101 SET character_set_client = utf8 */;
CREATE TABLE `section` (
  `sec_id` int(12) NOT NULL AUTO_INCREMENT,
  `sec_name` varchar(45) COLLATE utf8_bin NOT NULL,
  `grade_lvl` enum('7','8','9','10') COLLATE utf8_bin NOT NULL,
  `timestamp_sec` timestamp NOT NULL DEFAULT CURRENT_TIMESTAMP ON UPDATE CURRENT_TIMESTAMP,
  `fac_idv` int(12) DEFAULT NULL,
  PRIMARY KEY (`sec_id`),
  UNIQUE KEY `sec_name_UNIQUE` (`sec_name`),
  KEY `fac_idv` (`fac_idv`),
  CONSTRAINT `fac_idv` FOREIGN KEY (`fac_idv`) REFERENCES `faculty` (`fac_id`) ON DELETE CASCADE ON UPDATE CASCADE
) ENGINE=InnoDB AUTO_INCREMENT=19 DEFAULT CHARSET=utf8 COLLATE=utf8_bin;
/*!40101 SET character_set_client = @saved_cs_client */;

--
-- Dumping data for table `section`
--

LOCK TABLES `section` WRITE;
/*!40000 ALTER TABLE `section` DISABLE KEYS */;
INSERT INTO `section` VALUES (1,'Altruism','8','2019-06-11 03:08:18',8),(2,'Wisdom','8','2019-06-11 03:08:18',2),(3,'Hope','7','2019-06-11 03:08:18',5),(4,'Excellence','7','2019-06-11 03:08:18',1),(5,'Dignity','9','2019-06-11 03:08:18',4),(6,'Righteousness','9','2019-06-11 03:08:18',12);
/*!40000 ALTER TABLE `section` ENABLE KEYS */;
UNLOCK TABLES;

--
-- Table structure for table `section_temp`
--

DROP TABLE IF EXISTS `section_temp`;
/*!40101 SET @saved_cs_client     = @@character_set_client */;
/*!40101 SET character_set_client = utf8 */;
CREATE TABLE `section_temp` (
  `sectionid` int(11) NOT NULL AUTO_INCREMENT,
  `s_name` varchar(45) NOT NULL,
  `name_temp` varchar(45) DEFAULT NULL,
  `gr_lvl` enum('7','8','9','10') NOT NULL,
  `tt_sec` timestamp NOT NULL DEFAULT CURRENT_TIMESTAMP ON UPDATE CURRENT_TIMESTAMP,
  `sec_req` int(11) NOT NULL,
  `fc_id` int(12) DEFAULT NULL,
  PRIMARY KEY (`sectionid`),
  UNIQUE KEY `s_name_UNIQUE` (`s_name`),
  KEY `sec_req_idx` (`sec_req`),
  KEY `fc_id_idx` (`fc_id`),
  CONSTRAINT `sec_req` FOREIGN KEY (`sec_req`) REFERENCES `request` (`request_id`) ON DELETE CASCADE ON UPDATE CASCADE
) ENGINE=InnoDB AUTO_INCREMENT=7 DEFAULT CHARSET=latin1;
/*!40101 SET character_set_client = @saved_cs_client */;

--
-- Dumping data for table `section_temp`
--

LOCK TABLES `section_temp` WRITE;
/*!40000 ALTER TABLE `section_temp` DISABLE KEYS */;
INSERT INTO `section_temp` VALUES (1,'Altruism','Altruism','8','2019-06-05 06:58:04',20,8),(2,'Wisdom','Wisdom','8','2019-06-05 06:58:04',21,2),(3,'Hope','Hope','7','2019-06-05 06:58:04',22,5),(4,'Excellence','Excellence','7','2019-06-05 06:58:04',23,1),(5,'Dignity','Dignity','9','2019-06-05 06:58:04',24,4),(6,'Righteousness','Righteousness','9','2019-06-05 06:58:04',25,12);
/*!40000 ALTER TABLE `section_temp` ENABLE KEYS */;
UNLOCK TABLES;

--
-- Table structure for table `student`
--

DROP TABLE IF EXISTS `student`;
/*!40101 SET @saved_cs_client     = @@character_set_client */;
/*!40101 SET character_set_client = utf8 */;
CREATE TABLE `student` (
  `stud_id` int(12) NOT NULL AUTO_INCREMENT,
  `stud_lrno` bigint(12) NOT NULL,
  `last_name` varchar(45) COLLATE utf8_bin NOT NULL,
  `first_name` varchar(45) COLLATE utf8_bin NOT NULL,
  `middle_name` varchar(45) COLLATE utf8_bin NOT NULL,
  `gender` enum('Male','Female') COLLATE utf8_bin NOT NULL,
  `year_level` varchar(45) COLLATE utf8_bin NOT NULL,
  `school_year` year(4) NOT NULL,
  `stud_address` varchar(100) COLLATE utf8_bin NOT NULL,
  `stud_bday` date NOT NULL,
  `mother_name` varchar(45) COLLATE utf8_bin DEFAULT NULL,
  `father_name` varchar(45) COLLATE utf8_bin DEFAULT NULL,
  `nationality` varchar(45) COLLATE utf8_bin NOT NULL,
  `ethnicity` varchar(45) COLLATE utf8_bin NOT NULL,
  `year_in` year(4) NOT NULL,
  `year_out` year(4) DEFAULT NULL,
  `blood_type` enum('O','A','B','AB') COLLATE utf8_bin NOT NULL,
  `medical_stat` varchar(100) COLLATE utf8_bin DEFAULT NULL,
  `stud_status` enum('Officially Enrolled','Temporarily Enrolled','Not Enrolled','Graduated','Transferred','Not Enrolled','For Summer') COLLATE utf8_bin NOT NULL,
  `curr_stat` enum('Old','New') COLLATE utf8_bin NOT NULL,
  `sec_stat` enum('Temporary','Permanent') COLLATE utf8_bin DEFAULT 'Permanent',
  `timestamp_stud` timestamp NOT NULL DEFAULT CURRENT_TIMESTAMP ON UPDATE CURRENT_TIMESTAMP,
  `transfer_sec` int(12) DEFAULT NULL,
  `accc_id` int(13) NOT NULL,
  `secc_id` int(12) DEFAULT NULL,
  `guar_id` int(11) NOT NULL,
  PRIMARY KEY (`stud_id`),
  UNIQUE KEY `lr_no_UNIQUE` (`stud_lrno`),
  KEY `accc_id` (`accc_id`),
  KEY `secc_id` (`secc_id`),
  KEY `guar_id_idx` (`guar_id`),
  KEY `transfer_sec_idx` (`transfer_sec`),
  CONSTRAINT `accc_id` FOREIGN KEY (`accc_id`) REFERENCES `accounts` (`acc_id`) ON DELETE CASCADE ON UPDATE CASCADE,
  CONSTRAINT `guar_id` FOREIGN KEY (`guar_id`) REFERENCES `guardian` (`guar_id`) ON DELETE CASCADE ON UPDATE CASCADE,
  CONSTRAINT `secc_id` FOREIGN KEY (`secc_id`) REFERENCES `section` (`sec_id`) ON UPDATE CASCADE,
  CONSTRAINT `transfer_sec` FOREIGN KEY (`transfer_sec`) REFERENCES `section` (`sec_id`) ON UPDATE CASCADE
) ENGINE=InnoDB AUTO_INCREMENT=17 DEFAULT CHARSET=utf8 COLLATE=utf8_bin;
/*!40101 SET character_set_client = @saved_cs_client */;

--
-- Dumping data for table `student`
--

LOCK TABLES `student` WRITE;
/*!40000 ALTER TABLE `student` DISABLE KEYS */;
INSERT INTO `student` VALUES (1,1001100111222,'Dela Cruz','John Mark','Pagar','Male','8',2019,'Bakakeng Norte Baguio City','2007-04-05','Josephine P. Dela Cruz','Jasper A. Dela Cruz','Filipino','Panggalatok',2019,NULL,'O',NULL,'Officially Enrolled','Old','Permanent','2019-06-11 03:23:23',NULL,3,2,1),(12,10011002,'Dela Cruz','Herbert','Pagar','Male','8',2019,'Sample, Sample, Sample 2222','2019-05-15','Josephine P. Dela Cruz','Jasper A. Dela Cruz','Filipino','Tagalog',2019,NULL,'O',NULL,'Officially Enrolled','Old','Permanent','2019-06-11 03:23:23',NULL,144,1,1),(13,10011003,'Galatcha','Mitch Ainslie','Valencia','Male','8',2019,'Baguio City','2003-10-08','Juliana V. Galatcha','Jerome O. Galatcha','Filipino','Tagalog',2019,NULL,'O',NULL,'Officially Enrolled','Old','Permanent','2019-06-11 03:23:23',NULL,147,2,9),(14,1232132133123,'Rapisura','Hazel','Gamboa','Female','9',2019,'P. Sample, Sample Brgy, Sample City 2222','2007-04-26','Josephine P. Dela Cruz','Jasper A. Dela Cruz','Filipino','Tagalog',2019,NULL,'O',NULL,'Officially Enrolled','Old','Permanent','2019-06-14 10:49:02',NULL,149,5,1),(15,9993933423423,'Fernandez','Eliza','Mae','Female','9',2019,'Sample St., Sample Brgy., Sample City. 2333','2019-05-15','Josephine P. Dela Cruz','Jasper A. Dela Cruz','Filipino','Tagalog',2019,NULL,'O',NULL,'Officially Enrolled','Old','Permanent','2019-06-14 10:49:02',NULL,150,6,1),(16,1000010101114,'Fernandez','Solane','Gabriel','Male','8',2019,'Bakakeng, Eagle Crest, Baguio 2600','2002-06-11','DSF A. ASD','ASD S. DF','Filipino','Tagalog',2019,NULL,'B','Asthma','Officially Enrolled','Old','Permanent','2019-06-11 03:23:24',NULL,153,1,9);
/*!40000 ALTER TABLE `student` ENABLE KEYS */;
UNLOCK TABLES;

--
-- Table structure for table `students_list`
--

DROP TABLE IF EXISTS `students_list`;
/*!40101 SET @saved_cs_client     = @@character_set_client */;
/*!40101 SET character_set_client = utf8 */;
CREATE TABLE `students_list` (
  `student_id` int(12) NOT NULL AUTO_INCREMENT,
  `name` varchar(60) NOT NULL,
  `year_level` varchar(45) NOT NULL,
  `section` varchar(45) NOT NULL,
  `prev_sy` year(4) NOT NULL,
  PRIMARY KEY (`student_id`)
) ENGINE=InnoDB AUTO_INCREMENT=14 DEFAULT CHARSET=latin1;
/*!40101 SET character_set_client = @saved_cs_client */;

--
-- Dumping data for table `students_list`
--

LOCK TABLES `students_list` WRITE;
/*!40000 ALTER TABLE `students_list` DISABLE KEYS */;
INSERT INTO `students_list` VALUES (8,'John Mark Pagar Dela Cruz','8','Wisdom',2019),(9,'Herbert Pagar Dela Cruz','8','Altruism',2019),(10,'Mitch Ainslie Valencia Galatcha','8','Wisdom',2019),(11,'Hazel Gamboa Rapisura','9','Excellence',2019),(12,'Eliza Mae Fernandez','9','Dignity',2019),(13,'Solane Gabriel Fernandez','8','Altruism',2019);
/*!40000 ALTER TABLE `students_list` ENABLE KEYS */;
UNLOCK TABLES;

--
-- Table structure for table `subject`
--

DROP TABLE IF EXISTS `subject`;
/*!40101 SET @saved_cs_client     = @@character_set_client */;
/*!40101 SET character_set_client = utf8 */;
CREATE TABLE `subject` (
  `subj_id` int(12) NOT NULL AUTO_INCREMENT,
  `subj_level` enum('7','8','9','10') COLLATE utf8_bin NOT NULL,
  `subj_dept` varchar(45) COLLATE utf8_bin NOT NULL,
  `subj_name` varchar(45) COLLATE utf8_bin NOT NULL,
  `timestamp_subj` timestamp NOT NULL DEFAULT CURRENT_TIMESTAMP ON UPDATE CURRENT_TIMESTAMP,
  `curriculum` int(12) NOT NULL,
  PRIMARY KEY (`subj_id`),
  KEY `curriculum_idx` (`curriculum`),
  CONSTRAINT `curriculum` FOREIGN KEY (`curriculum`) REFERENCES `curriculum` (`curr_id`) ON DELETE CASCADE ON UPDATE CASCADE
) ENGINE=InnoDB AUTO_INCREMENT=78 DEFAULT CHARSET=utf8 COLLATE=utf8_bin;
/*!40101 SET character_set_client = @saved_cs_client */;

--
-- Dumping data for table `subject`
--

LOCK TABLES `subject` WRITE;
/*!40000 ALTER TABLE `subject` DISABLE KEYS */;
INSERT INTO `subject` VALUES (1,'7','Math','Algebra 1','0000-00-00 00:00:00',1),(2,'8','Math','Algebra 2','0000-00-00 00:00:00',1),(3,'9','Math','Geometry','0000-00-00 00:00:00',1),(4,'10','Math','Calculus','0000-00-00 00:00:00',1),(5,'7','Filipino','Filipino 1','0000-00-00 00:00:00',1),(6,'8','Filipino','Filipino 2','0000-00-00 00:00:00',1),(7,'9','Filipino','Filipino 3','0000-00-00 00:00:00',1),(8,'10','Filipino','Filipino 4','0000-00-00 00:00:00',1),(9,'7','Science','Integrated Science','0000-00-00 00:00:00',1),(10,'8','Science','Biology','0000-00-00 00:00:00',1),(11,'9','Science','Chemistry','0000-00-00 00:00:00',1),(12,'10','Science','Physics','0000-00-00 00:00:00',1),(13,'7','English','English 1','0000-00-00 00:00:00',1),(14,'8','English','English 2','0000-00-00 00:00:00',1),(15,'9','English','English 3','0000-00-00 00:00:00',1),(16,'10','English','English 4','0000-00-00 00:00:00',1),(17,'7','MAPEH','MAPEH 1','0000-00-00 00:00:00',1),(18,'8','MAPEH','MAPEH 2','0000-00-00 00:00:00',1),(19,'9','MAPEH','MAPEH 3','0000-00-00 00:00:00',1),(20,'10','MAPEH','MAPEH 4','0000-00-00 00:00:00',1),(21,'7','AP','Phillipine History','0000-00-00 00:00:00',1),(22,'8','AP','Asian History','0000-00-00 00:00:00',1),(23,'9','AP','World History','0000-00-00 00:00:00',1),(24,'10','AP','Economics','0000-00-00 00:00:00',1),(25,'7','TLE','TLE 1','0000-00-00 00:00:00',1),(26,'8','TLE','TLE 2','0000-00-00 00:00:00',1),(27,'9','TLE','TLE 3','0000-00-00 00:00:00',1),(28,'10','TLE','TLE 4','0000-00-00 00:00:00',1),(29,'7','Values','Values 1','0000-00-00 00:00:00',1),(30,'8','Values','Values 2','0000-00-00 00:00:00',1),(31,'9','Values','Values 3','0000-00-00 00:00:00',1),(32,'10','Values','Values 4','0000-00-00 00:00:00',1),(33,'7','Math','Algebra 1','0000-00-00 00:00:00',2),(34,'8','Math','Algebra 2','0000-00-00 00:00:00',2),(35,'9','Math','Geometry','0000-00-00 00:00:00',2),(36,'10','Math','Calculus','0000-00-00 00:00:00',2),(37,'7','Filipino','Filipino 1','0000-00-00 00:00:00',2),(38,'8','Filipino','Filipino 2','0000-00-00 00:00:00',2),(39,'9','Filipino','Filipino 3','0000-00-00 00:00:00',2),(40,'10','Filipino','Filipino 4','0000-00-00 00:00:00',2),(41,'7','Science','Integrated Science','0000-00-00 00:00:00',2),(42,'8','Science','Biology','0000-00-00 00:00:00',2),(43,'9','Science','Chemistry','0000-00-00 00:00:00',2),(44,'10','Science','Physics','0000-00-00 00:00:00',2),(45,'7','English','English 1','0000-00-00 00:00:00',2),(46,'8','English','English 2','0000-00-00 00:00:00',2),(47,'9','English','English 3','0000-00-00 00:00:00',2),(48,'10','English','English 4','0000-00-00 00:00:00',2),(50,'7','MAPEH','Music 1','0000-00-00 00:00:00',2),(51,'7','MAPEH','Arts 1','0000-00-00 00:00:00',2),(52,'7','MAPEH','Physical Education (PE) 1','0000-00-00 00:00:00',2),(53,'7','MAPEH','Health 1','0000-00-00 00:00:00',2),(54,'8','MAPEH','Music 2','0000-00-00 00:00:00',2),(55,'8','MAPEH','Arts 2','0000-00-00 00:00:00',2),(56,'8','MAPEH','Physical Education (PE) 2','0000-00-00 00:00:00',2),(57,'8','MAPEH','Health 2','0000-00-00 00:00:00',2),(58,'9','MAPEH','Music 3','0000-00-00 00:00:00',2),(59,'9','MAPEH','Arts 3','0000-00-00 00:00:00',2),(60,'9','MAPEH','Physical Education (PE) 3','0000-00-00 00:00:00',2),(61,'9','MAPEH','Health 3','0000-00-00 00:00:00',2),(62,'10','MAPEH','Music 4','0000-00-00 00:00:00',2),(63,'10','MAPEH','Arts 4','0000-00-00 00:00:00',2),(64,'10','MAPEH','Physical Education (PE) 4','0000-00-00 00:00:00',2),(65,'10','MAPEH','Health 4','0000-00-00 00:00:00',2),(66,'7','AP','Phillipine History','0000-00-00 00:00:00',2),(67,'8','AP','Asian History','0000-00-00 00:00:00',2),(68,'9','AP','World History','0000-00-00 00:00:00',2),(69,'10','AP','Economics','0000-00-00 00:00:00',2),(70,'7','TLE','TLE 1','0000-00-00 00:00:00',2),(71,'8','TLE','TLE 2','0000-00-00 00:00:00',2),(72,'9','TLE','TLE 3','0000-00-00 00:00:00',2),(73,'10','TLE','TLE 4','0000-00-00 00:00:00',2),(74,'7','Values','Edukasyon sa Pagpapakatao (EsP) 1','0000-00-00 00:00:00',2),(75,'8','Values','Edukasyon sa Pagpapakatao (EsP) 2','0000-00-00 00:00:00',2),(76,'9','Values','Edukasyon sa Pagpapakatao (EsP) 3','0000-00-00 00:00:00',2),(77,'10','Values','Edukasyon sa Pagpapakatao (EsP) 4','0000-00-00 00:00:00',2);
/*!40000 ALTER TABLE `subject` ENABLE KEYS */;
UNLOCK TABLES;

--
-- Table structure for table `subject_temp`
--

DROP TABLE IF EXISTS `subject_temp`;
/*!40101 SET @saved_cs_client     = @@character_set_client */;
/*!40101 SET character_set_client = utf8 */;
CREATE TABLE `subject_temp` (
  `s_id` int(12) NOT NULL AUTO_INCREMENT,
  `s_level` enum('7','8','9','10') CHARACTER SET utf8 COLLATE utf8_bin NOT NULL,
  `s_dept` varchar(45) CHARACTER SET utf8 COLLATE utf8_bin NOT NULL,
  `s_name` varchar(45) CHARACTER SET utf8 COLLATE utf8_bin NOT NULL,
  `timestamp_subj` timestamp NOT NULL DEFAULT CURRENT_TIMESTAMP ON UPDATE CURRENT_TIMESTAMP,
  `curriculum_idx` int(12) NOT NULL,
  PRIMARY KEY (`s_id`),
  KEY `curriculum_idx` (`curriculum_idx`),
  CONSTRAINT `curriculum_idx` FOREIGN KEY (`curriculum_idx`) REFERENCES `curriculum_temp` (`cc_id`) ON DELETE CASCADE ON UPDATE CASCADE
) ENGINE=InnoDB AUTO_INCREMENT=78 DEFAULT CHARSET=latin1;
/*!40101 SET character_set_client = @saved_cs_client */;

--
-- Dumping data for table `subject_temp`
--

LOCK TABLES `subject_temp` WRITE;
/*!40000 ALTER TABLE `subject_temp` DISABLE KEYS */;
INSERT INTO `subject_temp` VALUES (1,'7','Math','Algebra 1','0000-00-00 00:00:00',1),(2,'8','Math','Algebra 2','0000-00-00 00:00:00',1),(3,'9','Math','Geometry','0000-00-00 00:00:00',1),(4,'10','Math','Calculus','0000-00-00 00:00:00',1),(5,'7','Filipino','Filipino 1','0000-00-00 00:00:00',1),(6,'8','Filipino','Filipino 2','0000-00-00 00:00:00',1),(7,'9','Filipino','Filipino 3','0000-00-00 00:00:00',1),(8,'10','Filipino','Filipino 4','0000-00-00 00:00:00',1),(9,'7','Science','Integrated Science','0000-00-00 00:00:00',1),(10,'8','Science','Biology','0000-00-00 00:00:00',1),(11,'9','Science','Chemistry','0000-00-00 00:00:00',1),(12,'10','Science','Physics','0000-00-00 00:00:00',1),(13,'7','English','English 1','0000-00-00 00:00:00',1),(14,'8','English','English 2','0000-00-00 00:00:00',1),(15,'9','English','English 3','0000-00-00 00:00:00',1),(16,'10','English','English 4','0000-00-00 00:00:00',1),(17,'7','MAPEH','MAPEH 1','0000-00-00 00:00:00',1),(18,'8','MAPEH','MAPEH 2','0000-00-00 00:00:00',1),(19,'9','MAPEH','MAPEH 3','0000-00-00 00:00:00',1),(20,'10','MAPEH','MAPEH 4','0000-00-00 00:00:00',1),(21,'7','AP','Phillipine History','0000-00-00 00:00:00',1),(22,'8','AP','Asian History','0000-00-00 00:00:00',1),(23,'9','AP','World History','0000-00-00 00:00:00',1),(24,'10','AP','Economics','0000-00-00 00:00:00',1),(25,'7','TLE','TLE 1','0000-00-00 00:00:00',1),(26,'8','TLE','TLE 2','0000-00-00 00:00:00',1),(27,'9','TLE','TLE 3','0000-00-00 00:00:00',1),(28,'10','TLE','TLE 4','0000-00-00 00:00:00',1),(29,'7','Values','Values 1','0000-00-00 00:00:00',1),(30,'8','Values','Values 2','0000-00-00 00:00:00',1),(31,'9','Values','Values 3','0000-00-00 00:00:00',1),(32,'10','Values','Values 4','0000-00-00 00:00:00',1),(33,'7','Math','Algebra 1','0000-00-00 00:00:00',2),(34,'8','Math','Algebra 2','0000-00-00 00:00:00',2),(35,'9','Math','Geometry','0000-00-00 00:00:00',2),(36,'10','Math','Calculus','0000-00-00 00:00:00',2),(37,'7','Filipino','Filipino 1','0000-00-00 00:00:00',2),(38,'8','Filipino','Filipino 2','0000-00-00 00:00:00',2),(39,'9','Filipino','Filipino 3','0000-00-00 00:00:00',2),(40,'10','Filipino','Filipino 4','0000-00-00 00:00:00',2),(41,'7','Science','Integrated Science','0000-00-00 00:00:00',2),(42,'8','Science','Biology','0000-00-00 00:00:00',2),(43,'9','Science','Chemistry','0000-00-00 00:00:00',2),(44,'10','Science','Physics','0000-00-00 00:00:00',2),(45,'7','English','English 1','0000-00-00 00:00:00',2),(46,'8','English','English 2','0000-00-00 00:00:00',2),(47,'9','English','English 3','0000-00-00 00:00:00',2),(48,'10','English','English 4','0000-00-00 00:00:00',2),(50,'7','MAPEH','Music 1','0000-00-00 00:00:00',2),(51,'7','MAPEH','Arts 1','0000-00-00 00:00:00',2),(52,'7','MAPEH','Physical Education (PE) 1','0000-00-00 00:00:00',2),(53,'7','MAPEH','Health 1','0000-00-00 00:00:00',2),(54,'8','MAPEH','Music 2','0000-00-00 00:00:00',2),(55,'8','MAPEH','Arts 2','0000-00-00 00:00:00',2),(56,'8','MAPEH','Physical Education (PE) 2','0000-00-00 00:00:00',2),(57,'8','MAPEH','Health 2','0000-00-00 00:00:00',2),(58,'9','MAPEH','Music 3','0000-00-00 00:00:00',2),(59,'9','MAPEH','Arts 3','0000-00-00 00:00:00',2),(60,'9','MAPEH','Physical Education (PE) 3','0000-00-00 00:00:00',2),(61,'9','MAPEH','Health 3','0000-00-00 00:00:00',2),(62,'10','MAPEH','Music 4','0000-00-00 00:00:00',2),(63,'10','MAPEH','Arts 4','0000-00-00 00:00:00',2),(64,'10','MAPEH','Physical Education (PE) 4','0000-00-00 00:00:00',2),(65,'10','MAPEH','Health 4','0000-00-00 00:00:00',2),(66,'7','AP','Phillipine History','0000-00-00 00:00:00',2),(67,'8','AP','Asian History','0000-00-00 00:00:00',2),(68,'9','AP','World History','0000-00-00 00:00:00',2),(69,'10','AP','Economics','0000-00-00 00:00:00',2),(70,'7','TLE','TLE 1','0000-00-00 00:00:00',2),(71,'8','TLE','TLE 2','0000-00-00 00:00:00',2),(72,'9','TLE','TLE 3','0000-00-00 00:00:00',2),(73,'10','TLE','TLE 4','0000-00-00 00:00:00',2),(74,'7','Values','Edukasyon sa Pagpapakatao (EsP) 1','0000-00-00 00:00:00',2),(75,'8','Values','Edukasyon sa Pagpapakatao (EsP) 2','0000-00-00 00:00:00',2),(76,'9','Values','Edukasyon sa Pagpapakatao (EsP) 3','0000-00-00 00:00:00',2),(77,'10','Values','Edukasyon sa Pagpapakatao (EsP) 4','0000-00-00 00:00:00',2);
/*!40000 ALTER TABLE `subject_temp` ENABLE KEYS */;
UNLOCK TABLES;

--
-- Table structure for table `system_settings`
--

DROP TABLE IF EXISTS `system_settings`;
/*!40101 SET @saved_cs_client     = @@character_set_client */;
/*!40101 SET character_set_client = utf8 */;
CREATE TABLE `system_settings` (
  `ss_id` int(5) NOT NULL AUTO_INCREMENT,
  `sy_status` enum('Current','Ended') NOT NULL,
  `active_grading` set('1st','2nd','3rd','4th','Disabled') NOT NULL,
  `sy_start` date NOT NULL,
  `sy_end` date NOT NULL,
  `edit_class` enum('Yes','No') NOT NULL,
  `student_transfer` enum('Yes','No') NOT NULL DEFAULT 'No',
  `current_curriculum` int(12) NOT NULL,
  PRIMARY KEY (`ss_id`)
) ENGINE=InnoDB AUTO_INCREMENT=16 DEFAULT CHARSET=latin1;
/*!40101 SET character_set_client = @saved_cs_client */;

--
-- Dumping data for table `system_settings`
--

LOCK TABLES `system_settings` WRITE;
/*!40000 ALTER TABLE `system_settings` DISABLE KEYS */;
INSERT INTO `system_settings` VALUES (13,'Current','4th','2019-05-00','2019-08-00','Yes','Yes',2),(14,'Ended','3rd','2018-06-00','2019-05-00','No','No',1),(15,'Ended','3rd','2017-06-00','2018-05-00','No','No',1);
/*!40000 ALTER TABLE `system_settings` ENABLE KEYS */;
UNLOCK TABLES;

--
-- Table structure for table `transcript_archive`
--

DROP TABLE IF EXISTS `transcript_archive`;
/*!40101 SET @saved_cs_client     = @@character_set_client */;
/*!40101 SET character_set_client = utf8 */;
CREATE TABLE `transcript_archive` (
  `trans_id` int(12) NOT NULL AUTO_INCREMENT,
  `grade` int(11) NOT NULL,
  `subject` varchar(45) NOT NULL,
  `sy_grades` year(4) NOT NULL,
  `trans_remarks` enum('Passed','Failed') NOT NULL,
  `tt_stud` int(12) NOT NULL,
  PRIMARY KEY (`trans_id`),
  KEY `tt_stud_idx` (`tt_stud`),
  CONSTRAINT `tt_stud` FOREIGN KEY (`tt_stud`) REFERENCES `student` (`stud_id`) ON DELETE CASCADE ON UPDATE CASCADE
) ENGINE=InnoDB AUTO_INCREMENT=118 DEFAULT CHARSET=latin1;
/*!40101 SET character_set_client = @saved_cs_client */;

--
-- Dumping data for table `transcript_archive`
--

LOCK TABLES `transcript_archive` WRITE;
/*!40000 ALTER TABLE `transcript_archive` DISABLE KEYS */;
INSERT INTO `transcript_archive` VALUES (68,74,'Algebra 2',2019,'Failed',13),(69,80,'Physical Education (PE) 2',2019,'Passed',13),(70,80,'Music 2',2019,'Passed',13),(71,81,'Biology',2019,'Passed',13),(72,81,'English 2',2019,'Passed',13),(73,82,'Arts 2',2019,'Passed',13),(74,83,'Filipino 2',2019,'Passed',13),(75,84,'Health 2',2019,'Passed',13),(76,84,'Chemistry',2019,'Passed',15),(77,84,'TLE 2',2019,'Passed',16),(78,85,'Asian History',2019,'Passed',13),(79,85,'TLE 2',2019,'Passed',13),(80,85,'Algebra 2',2019,'Passed',1),(81,86,'Health 3',2019,'Passed',15),(82,86,'Algebra 2',2019,'Passed',16),(83,86,'Arts 3',2019,'Passed',15),(84,86,'Health 2',2019,'Passed',16),(85,87,'Physical Education (PE) 2',2019,'Passed',16),(86,87,'Arts 2',2019,'Passed',16),(87,87,'Physical Education (PE) 3',2019,'Passed',15),(88,88,'Music 2',2019,'Passed',16),(89,88,'TLE 3',2019,'Passed',15),(90,88,'Biology',2019,'Passed',16),(91,88,'English 3',2019,'Passed',15),(92,89,'Geometry',2019,'Passed',15),(93,89,'English 2',2019,'Passed',16),(94,89,'Biology',2019,'Passed',1),(95,89,'Biology',2019,'Passed',12),(96,89,'Filipino 2',2019,'Passed',16),(97,90,'Physical Education (PE) 2',2019,'Passed',12),(98,90,'World History',2019,'Passed',15),(99,90,'Algebra 2',2019,'Passed',12),(100,90,'Filipino 3',2019,'Passed',15),(101,90,'Music 3',2019,'Passed',15),(102,90,'Arts 2',2019,'Passed',1),(103,90,'Arts 2',2019,'Passed',12),(104,90,'Music 2',2019,'Passed',1),(105,90,'Physical Education (PE) 2',2019,'Passed',1),(106,91,'Filipino 2',2019,'Passed',1),(107,91,'Asian History',2019,'Passed',1),(108,91,'English 2',2019,'Passed',1),(109,91,'Asian History',2019,'Passed',16),(110,91,'TLE 2',2019,'Passed',12),(111,91,'English 2',2019,'Passed',12),(112,92,'Health 2',2019,'Passed',12),(113,93,'Asian History',2019,'Passed',12),(114,93,'Music 2',2019,'Passed',12),(115,93,'TLE 2',2019,'Passed',1),(116,93,'Health 2',2019,'Passed',1),(117,94,'Filipino 2',2019,'Passed',12);
/*!40000 ALTER TABLE `transcript_archive` ENABLE KEYS */;
UNLOCK TABLES;

--
-- Table structure for table `treasurer`
--

DROP TABLE IF EXISTS `treasurer`;
/*!40101 SET @saved_cs_client     = @@character_set_client */;
/*!40101 SET character_set_client = utf8 */;
CREATE TABLE `treasurer` (
  `tr_id` int(12) NOT NULL AUTO_INCREMENT,
  `tr_fname` varchar(45) NOT NULL,
  `tr_midname` varchar(45) NOT NULL,
  `tr_lname` varchar(45) NOT NULL,
  `tr_sy` year(4) NOT NULL,
  `acc_trid` int(13) NOT NULL,
  PRIMARY KEY (`tr_id`),
  KEY `tr_acc_idx` (`acc_trid`),
  CONSTRAINT `tr_acc` FOREIGN KEY (`acc_trid`) REFERENCES `accounts` (`acc_id`) ON DELETE CASCADE ON UPDATE CASCADE
) ENGINE=InnoDB AUTO_INCREMENT=2 DEFAULT CHARSET=latin1;
/*!40101 SET character_set_client = @saved_cs_client */;

--
-- Dumping data for table `treasurer`
--

LOCK TABLES `treasurer` WRITE;
/*!40000 ALTER TABLE `treasurer` DISABLE KEYS */;
INSERT INTO `treasurer` VALUES (1,'Marlyn','Gomez','Fernandez',2019,5);
/*!40000 ALTER TABLE `treasurer` ENABLE KEYS */;
UNLOCK TABLES;
/*!40103 SET TIME_ZONE=@OLD_TIME_ZONE */;

/*!40101 SET SQL_MODE=@OLD_SQL_MODE */;
/*!40014 SET FOREIGN_KEY_CHECKS=@OLD_FOREIGN_KEY_CHECKS */;
/*!40014 SET UNIQUE_CHECKS=@OLD_UNIQUE_CHECKS */;
/*!40101 SET CHARACTER_SET_CLIENT=@OLD_CHARACTER_SET_CLIENT */;
/*!40101 SET CHARACTER_SET_RESULTS=@OLD_CHARACTER_SET_RESULTS */;
/*!40101 SET COLLATION_CONNECTION=@OLD_COLLATION_CONNECTION */;
/*!40111 SET SQL_NOTES=@OLD_SQL_NOTES */;

-- Dump completed on 2019-06-14 19:30:58
